#
# A fatal error has been detected by the Java Runtime Environment:
#
#  EXCEPTION_ACCESS_VIOLATION (0xc0000005) at pc=0x00007ffcd657b865, pid=21420, tid=10212
#
# JRE version: OpenJDK Runtime Environment Temurin-21.0.10+7 (21.0.10+7) (build 21.0.10+7-LTS)
# Java VM: OpenJDK 64-Bit Server VM Temurin-21.0.10+7 (21.0.10+7-LTS, mixed mode, sharing, tiered, compressed oops, compressed class ptrs, g1 gc, windows-amd64)
# Problematic frame:
# V  [jvm.dll+0x1db865]
#
# No core dump will be written. Minidumps are not enabled by default on client versions of Windows
#
# If you would like to submit a bug report, please visit:
#   https://github.com/adoptium/adoptium-support/issues
#

---------------  S U M M A R Y ------------

Command Line: -Dfile.encoding=UTF-8 -Dstdout.encoding=UTF-8 -Dstderr.encoding=UTF-8 -XX:+ShowCodeDetailsInExceptionMessages core.GameManager

Host: Intel(R) Core(TM) i5-8265U CPU @ 1.60GHz, 8 cores, 7G,  Windows 10 , 64 bit Build 19041 (10.0.19041.5915)
Time: Mon Mar 30 17:55:31 2026 elapsed time: 73.432648 seconds (0d 0h 1m 13s)

---------------  T H R E A D  ---------------

Current thread (0x000001db7e22d2f0):  JavaThread "main"             [_thread_in_vm, id=10212, stack(0x000000b228000000,0x000000b228100000) (1024K)]

Stack: [0x000000b228000000,0x000000b228100000],  sp=0x000000b2280fe020,  free space=1016k
Native frames: (J=compiled Java code, j=interpreted, Vv=VM code, C=native code)
V  [jvm.dll+0x1db865]
V  [jvm.dll+0x473a4d]
V  [jvm.dll+0x44ca81]
C  0x000001db0ae2cd6b

The last pc belongs to native method entry point (kind = native) (printed below).
Java frames: (J=compiled Java code, j=interpreted, Vv=VM code)
j  org.lwjgl.system.jni.JNINativeInterface.nDeleteGlobalRef(J)V+0
j  org.lwjgl.system.jni.JNINativeInterface.DeleteGlobalRef(J)V+12
j  org.lwjgl.system.Callback.free(J)V+25
j  org.lwjgl.system.Callback.free()V+4
j  core.MultiplayerScreen.cleanup()V+19
j  core.Lobby.handleMultiplayer()V+136
j  core.Lobby.executeSelectedMenuAction()V+74
j  core.Lobby.handleMainMenuKeyPress(I)V+97
j  core.Lobby.handleKeyPress(I)V+17
j  core.Lobby$1.invoke(JIIII)V+11
j  org.lwjgl.glfw.GLFWKeyCallbackI.callback(JJ)V+62
v  ~StubRoutines::call_stub 0x000001db0ae2100d
J 1384  org.lwjgl.system.JNI.invokeV(J)V (0 bytes) @ 0x000001db0b431199 [0x000001db0b431140+0x0000000000000059]
J 1402 c1 org.lwjgl.glfw.GLFW.glfwPollEvents()V (9 bytes) @ 0x000001db03b365a4 [0x000001db03b36540+0x0000000000000064]
j  core.Lobby.loop()V+55
j  core.Lobby.run()V+5
j  core.GameManager.main([Ljava/lang/String;)V+12
v  ~StubRoutines::call_stub 0x000001db0ae2100d

siginfo: EXCEPTION_ACCESS_VIOLATION (0xc0000005), writing address 0x000000000000003e


Registers:
RAX=0x0000000000000000, RBX=0x000000000000003e, RCX=0x000000000000003e, RDX=0x0000000000000000
RSP=0x000000b2280fe020, RBP=0x000000b2280fe130, RSI=0x0000000000000000, RDI=0x0000000000000000
R8 =0x0000000000000040, R9 =0x000000008275afb8, R10=0x000001db0ae2cd3c, R11=0x0000000082656cf0
R12=0x0000000000000000, R13=0x000001db584b7ae8, R14=0x000000b2280fe158, R15=0x000001db7e22d2f0
RIP=0x00007ffcd657b865, EFLAGS=0x0000000000010202

XMM[0]=0x0000000000000000 0x0000000000000000
XMM[1]=0x0000000000000000 0x0000000000000000
XMM[2]=0x0000000000000000 0x0000000000000000
XMM[3]=0x0000000000000000 0x0000000000000000
XMM[4]=0x0000000000000000 0x0000000000000000
XMM[5]=0x0000000000000000 0x0000000000000000
XMM[6]=0x0000000000000000 0x0000000000000000
XMM[7]=0x0000000000000000 0x0000000000000018
XMM[8]=0x0000000000000000 0x0000000000000008
XMM[9]=0x0000000000000000 0x0000000000000010
XMM[10]=0x0000000000000000 0x000000000000ff00
XMM[11]=0x0000000000000000 0x000000008276ae78
XMM[12]=0x0000000000000000 0x00000000ff000000
XMM[13]=0x0000000000000000 0x0000000000ff0000
XMM[14]=0x0000000000000000 0x0000000000000000
XMM[15]=0x0000000000000000 0x0000000000000000
  MXCSR=0x00001fa2


Register to memory mapping:

RAX=0x0 is null
RBX=0x000000000000003e is an unknown value
RCX=0x000000000000003e is an unknown value
RDX=0x0 is null
RSP=0x000000b2280fe020 is pointing into the stack for thread: 0x000001db7e22d2f0
RBP=0x000000b2280fe130 is pointing into the stack for thread: 0x000001db7e22d2f0
RSI=0x0 is null
RDI=0x0 is null
R8 =0x0000000000000040 is an unknown value
R9 =0x000000008275afb8 is an oop: java.lang.Class 
{0x000000008275afb8} - klass: 'java/lang/Class'
 - ---- fields (total size 15 words):
 - private volatile transient 'classRedefinedCount' 'I' @12  0 (0x00000000)
 - injected 'klass' 'J' @16  2040512145736 (0x000001db18006948)
 - injected 'array_klass' 'J' @24  0 (0x0000000000000000)
 - injected 'oop_size' 'I' @32  15 (0x0000000f)
 - injected 'static_oop_field_count' 'I' @36  0 (0x00000000)
 - private volatile transient 'cachedConstructor' 'Ljava/lang/reflect/Constructor;' @40  null (0x00000000)
 - private transient 'name' 'Ljava/lang/String;' @44  "org.lwjgl.system.Checks"{0x000000008275bc28} (0x8275bc28)
 - private transient 'module' 'Ljava/lang/Module;' @48  a 'java/lang/Module'{0x00000000824dc140} (0x824dc140)
 - private final 'classLoader' 'Ljava/lang/ClassLoader;' @52  a 'jdk/internal/loader/ClassLoaders$AppClassLoader'{0x0000000082484aa8} (0x82484aa8)
 - private transient 'classData' 'Ljava/lang/Object;' @56  null (0x00000000)
 - private transient 'packageName' 'Ljava/lang/String;' @60  "org.lwjgl.system"{0x0000000082504fe8} (0x82504fe8)
 - private final 'componentType' 'Ljava/lang/Class;' @64  null (0x00000000)
 - private volatile transient 'reflectionData' 'Ljava/lang/ref/SoftReference;' @68  null (0x00000000)
 - private volatile transient 'genericInfo' 'Lsun/reflect/generics/repository/ClassRepository;' @72  null (0x00000000)
 - private volatile transient 'enumConstants' '[Ljava/lang/Object;' @76  null (0x00000000)
 - private volatile transient 'enumConstantDirectory' 'Ljava/util/Map;' @80  null (0x00000000)
 - private volatile transient 'annotationData' 'Ljava/lang/Class$AnnotationData;' @84  null (0x00000000)
 - private volatile transient 'annotationType' 'Lsun/reflect/annotation/AnnotationType;' @88  null (0x00000000)
 - transient 'classValueMap' 'Ljava/lang/ClassValue$ClassValueMap;' @92  null (0x00000000)
 - injected 'protection_domain' 'Ljava/lang/Object;' @96  a 'java/security/ProtectionDomain'{0x00000000824dc1b0} (0x824dc1b0)
 - injected 'signers_name' 'Ljava/lang/Object;' @100  null (0x00000000)
 - injected 'source_file' 'Ljava/lang/Object;' @104  null (0x00000000)
 - injected '<init_lock>' 'Ljava/lang/Object;' @108  null (0x00000000)
 - signature: Lorg/lwjgl/system/Checks;
 - ---- static fields (0):
 - public static final 'CHECKS' 'Z' @112  true (0x01)
 - public static final 'DEBUG' 'Z' @113  false (0x00)
 - public static final 'DEBUG_FUNCTIONS' 'Z' @114  false (0x00)
R10=0x000001db0ae2cd3c is at code_begin+1020 in an Interpreter codelet
native method entry point (kind = native)  [0x000001db0ae2c940, 0x000001db0ae2d398]  2648 bytes
R11=0x0000000082656cf0 is an oop: java.lang.Class 
{0x0000000082656cf0} - klass: 'java/lang/Class'
 - ---- fields (total size 27 words):
 - private volatile transient 'classRedefinedCount' 'I' @12  0 (0x00000000)
 - injected 'klass' 'J' @16  2040512209856 (0x000001db180163c0)
 - injected 'array_klass' 'J' @24  0 (0x0000000000000000)
 - injected 'oop_size' 'I' @32  27 (0x0000001b)
 - injected 'static_oop_field_count' 'I' @36  0 (0x00000000)
 - private volatile transient 'cachedConstructor' 'Ljava/lang/reflect/Constructor;' @40  null (0x00000000)
 - private transient 'name' 'Ljava/lang/String;' @44  "org.lwjgl.system.jni.JNINativeInterface"{0x0000000082759b48} (0x82759b48)
 - private transient 'module' 'Ljava/lang/Module;' @48  a 'java/lang/Module'{0x00000000824dc140} (0x824dc140)
 - private final 'classLoader' 'Ljava/lang/ClassLoader;' @52  a 'jdk/internal/loader/ClassLoaders$AppClassLoader'{0x0000000082484aa8} (0x82484aa8)
 - private transient 'classData' 'Ljava/lang/Object;' @56  null (0x00000000)
 - private transient 'packageName' 'Ljava/lang/String;' @60  "org.lwjgl.system.jni"{0x0000000082759b98} (0x82759b98)
 - private final 'componentType' 'Ljava/lang/Class;' @64  null (0x00000000)
 - private volatile transient 'reflectionData' 'Ljava/lang/ref/SoftReference;' @68  null (0x00000000)
 - private volatile transient 'genericInfo' 'Lsun/reflect/generics/repository/ClassRepository;' @72  null (0x00000000)
 - private volatile transient 'enumConstants' '[Ljava/lang/Object;' @76  null (0x00000000)
 - private volatile transient 'enumConstantDirectory' 'Ljava/util/Map;' @80  null (0x00000000)
 - private volatile transient 'annotationData' 'Ljava/lang/Class$AnnotationData;' @84  null (0x00000000)
 - private volatile transient 'annotationType' 'Lsun/reflect/annotation/AnnotationType;' @88  null (0x00000000)
 - transient 'classValueMap' 'Ljava/lang/ClassValue$ClassValueMap;' @92  null (0x00000000)
 - injected 'protection_domain' 'Ljava/lang/Object;' @96  a 'java/security/ProtectionDomain'{0x00000000824dc1b0} (0x824dc1b0)
 - injected 'signers_name' 'Ljava/lang/Object;' @100  null (0x00000000)
 - injected 'source_file' 'Ljava/lang/Object;' @104  null (0x00000000)
 - injected '<init_lock>' 'Ljava/lang/Object;' @108  null (0x00000000)
 - signature: Lorg/lwjgl/system/jni/JNINativeInterface;
 - ---- static fields (0):
 - public static final 'JNI_VERSION_1_1' 'I' @112  65537 (0x00010001)
 - public static final 'JNI_VERSION_1_2' 'I' @116  65538 (0x00010002)
 - public static final 'JNI_VERSION_1_4' 'I' @120  65540 (0x00010004)
 - public static final 'JNI_VERSION_1_6' 'I' @124  65542 (0x00010006)
 - public static final 'JNI_VERSION_1_8' 'I' @128  65544 (0x00010008)
 - public static final 'JNI_VERSION_9' 'I' @132  589824 (0x00090000)
 - public static final 'JNI_VERSION_10' 'I' @136  655360 (0x000a0000)
 - public static final 'JNI_VERSION_19' 'I' @140  1245184 (0x00130000)
 - public static final 'JNI_VERSION_20' 'I' @144  1310720 (0x00140000)
 - public static final 'JNI_VERSION_21' 'I' @148  1376256 (0x00150000)
 - public static final 'JNI_VERSION_24' 'I' @152  1572864 (0x00180000)
 - public static final 'JNIInvalidRefType' 'I' @156  0 (0x00000000)
 - public static final 'JNILocalRefType' 'I' @160  1 (0x00000001)
 - public static final 'JNIGlobalRefType' 'I' @164  2 (0x00000002)
 - public static final 'JNIWeakGlobalRefType' 'I' @168  3 (0x00000003)
 - public static final 'JNI_FALSE' 'I' @172  0 (0x00000000)
 - public static final 'JNI_TRUE' 'I' @176  1 (0x00000001)
 - public static final 'JNI_OK' 'I' @180  0 (0x00000000)
 - public static final 'JNI_ERR' 'I' @184  -1 (0xffffffff)
 - public static final 'JNI_EDETACHED' 'I' @188  -2 (0xfffffffe)
 - public static final 'JNI_EVERSION' 'I' @192  -3 (0xfffffffd)
 - public static final 'JNI_ENOMEM' 'I' @196  -4 (0xfffffffc)
 - public static final 'JNI_EEXIST' 'I' @200  -5 (0xfffffffb)
 - public static final 'JNI_EINVAL' 'I' @204  -6 (0xfffffffa)
 - public static final 'JNI_COMMIT' 'I' @208  1 (0x00000001)
 - public static final 'JNI_ABORT' 'I' @212  2 (0x00000002)
R12=0x0 is null
R13={method} {0x000001db584b7af0} 'nDeleteGlobalRef' '(J)V' in 'org/lwjgl/system/jni/JNINativeInterface'
R14=0x000000b2280fe158 is pointing into the stack for thread: 0x000001db7e22d2f0
R15=0x000001db7e22d2f0 is a thread

Top of Stack: (sp=0x000000b2280fe020)
0x000000b2280fe020:   0000000000000000 000000008275a600
0x000000b2280fe030:   000001db5851bdd8 0000000000000000
0x000000b2280fe040:   0000000000000040 00007ffcd6813a4d
0x000000b2280fe050:   000000000000003e 0000000000000000
0x000000b2280fe060:   000001db16ff0050 0000000000000000
0x000000b2280fe070:   000001db7e22d2f0 00007ffcd67eca81
0x000000b2280fe080:   000000b2280fe080 000001db5851c53e
0x000000b2280fe090:   0000000000000003 000001db5851ec20
0x000000b2280fe0a0:   000000000000c27f 000001db0ae2cd6b
0x000000b2280fe0b0:   000001db584b7ae8 0000000000000000
0x000000b2280fe0c0:   000000b2280fe0d8 000000b2280fe130
0x000000b2280fe0d0:   000001db0ae289d2 000001db16ff0050
0x000000b2280fe0e0:   000000b2280fe148 000000b2280fe0e8
0x000000b2280fe0f0:   0000000000000000 0000000000000005
0x000000b2280fe100:   000001db584ba3f8 0000000000000000
0x000000b2280fe110:   0000000082656cf0 000001db584b7ae8
0x000000b2280fe120:   0000000000000000 000000b2280fe150
0x000000b2280fe130:   000000b2280fe1a8 000001db0ae28860
0x000000b2280fe140:   0000000082656cf0 000001db0ae2a3d7
0x000000b2280fe150:   0000000000000040 0000000000000000
0x000000b2280fe160:   000000b2280fe160 000001db584b7b94
0x000000b2280fe170:   0000000000000003 000001db584ba3f8
0x000000b2280fe180:   0000000000000000 0000000082656cf0
0x000000b2280fe190:   000001db584b7bb8 000000b2280fe150
0x000000b2280fe1a0:   000000b2280fe1b8 000000b2280fe210
0x000000b2280fe1b0:   000001db0ae28860 0000000000000040
0x000000b2280fe1c0:   0000000000000000 000000b2280fe1c8
0x000000b2280fe1d0:   000001db58438779 0000000000000004
0x000000b2280fe1e0:   000001db584cce58 0000000000000000
0x000000b2280fe1f0:   000000008275d368 000001db584387a8
0x000000b2280fe200:   000000b2280fe1b8 000000b2280fe228
0x000000b2280fe210:   000000b2280fe280 000001db0ae28860 

Instructions: (pc=0x00007ffcd657b865)
0x00007ffcd657b765:   48 8b d7 e8 f3 f8 ff ff 48 39 75 08 0f 85 86 00
0x00007ffcd657b775:   00 00 48 8b 84 24 90 00 00 00 48 8b de 48 85 c0
0x00007ffcd657b785:   74 03 48 8b 18 48 8b 0d 9f c3 ab 00 48 85 c9 75
0x00007ffcd657b795:   05 48 8b c6 eb 06 ff 15 7f 48 a5 00 4c 8b c3 41
0x00007ffcd657b7a5:   8b d4 48 8b c8 e8 e1 e2 4d 00 41 8b cc e8 b9 02
0x00007ffcd657b7b5:   00 00 48 8b d8 48 85 c0 74 3e 48 8b 8d 28 03 00
0x00007ffcd657b7c5:   00 48 8b 71 18 48 8b 41 20 48 2b c6 48 83 f8 08
0x00007ffcd657b7d5:   72 13 48 8d 46 08 48 89 41 18 49 8b c6 48 89 1e
0x00007ffcd657b7e5:   48 89 30 eb 1e 45 33 c0 ba 08 00 00 00 e8 39 b3
0x00007ffcd657b7f5:   ee ff 48 8b f0 48 89 18 49 8b c6 48 89 30 eb 03
0x00007ffcd657b805:   49 89 36 48 8b ac 24 88 00 00 00 49 8b c6 48 8b
0x00007ffcd657b815:   9c 24 80 00 00 00 48 8b b4 24 98 00 00 00 48 83
0x00007ffcd657b825:   c4 50 41 5f 41 5e 41 5d 41 5c 5f c3 cc cc cc cc
0x00007ffcd657b835:   cc cc cc cc cc cc cc cc cc cc cc 48 89 11 c3 cc
0x00007ffcd657b845:   cc cc cc cc cc cc cc cc cc cc cc 48 89 5c 24 08
0x00007ffcd657b855:   57 48 83 ec 20 48 8b fa 48 8b d9 e8 bb f0 ff ff
0x00007ffcd657b865:   48 89 3b 48 8b 5c 24 30 48 83 c4 20 5f c3 cc cc
0x00007ffcd657b875:   cc cc cc cc cc cc cc cc cc cc cc 48 89 5c 24 08
0x00007ffcd657b885:   48 89 74 24 10 57 48 83 ec 20 80 3d b6 a4 ac 00
0x00007ffcd657b895:   00 48 8b da 48 8b 35 c0 b2 ab 00 48 8b f9 74 22
0x00007ffcd657b8a5:   48 85 d2 74 1d 48 8b 46 40 0f be 90 f1 02 00 00
0x00007ffcd657b8b5:   d1 ea f6 c2 01 74 0b 48 8b d3 48 8b ce e8 49 fd
0x00007ffcd657b8c5:   e2 ff 80 3d ef f1 a5 00 00 74 22 48 8b 46 40 0f
0x00007ffcd657b8d5:   be 90 f1 02 00 00 d1 ea f6 c2 01 74 10 48 8b 17
0x00007ffcd657b8e5:   48 85 d2 74 08 48 8b ce e8 1e fd e2 ff 48 8b 74
0x00007ffcd657b8f5:   24 38 48 89 1f 48 8b 5c 24 30 48 83 c4 20 5f c3
0x00007ffcd657b905:   cc cc cc cc cc cc cc cc cc cc cc 48 89 5c 24 08
0x00007ffcd657b915:   57 48 83 ec 20 48 8b f9 48 8b da 48 8b 09 48 85
0x00007ffcd657b925:   0d 7e 02 b1 00 74 0d e8 ff 0b e3 ff 48 8b c8 e8
0x00007ffcd657b935:   17 74 73 00 48 8b 0d 60 02 b1 00 48 8d 15 61 f8
0x00007ffcd657b945:   82 00 48 c1 e9 0c 83 e1 0f 8b 0c 8a 48 d3 e3 48
0x00007ffcd657b955:   0b 1d 45 02 b1 00 48 89 1f 48 8b 5c 24 30 48 83 


Stack slot to memory mapping:

stack at sp + 0 slots: 0x0 is null
stack at sp + 1 slots: 0x000000008275a600 is an oop: java.lang.Class 
{0x000000008275a600} - klass: 'java/lang/Class'
 - ---- fields (total size 17 words):
 - private volatile transient 'classRedefinedCount' 'I' @12  0 (0x00000000)
 - injected 'klass' 'J' @16  2040512196608 (0x000001db18013000)
 - injected 'array_klass' 'J' @24  0 (0x0000000000000000)
 - injected 'oop_size' 'I' @32  17 (0x00000011)
 - injected 'static_oop_field_count' 'I' @36  0 (0x00000000)
 - private volatile transient 'cachedConstructor' 'Ljava/lang/reflect/Constructor;' @40  null (0x00000000)
 - private transient 'name' 'Ljava/lang/String;' @44  "org.lwjgl.system.libffi.FFIClosure"{0x000000008275ac88} (0x8275ac88)
 - private transient 'module' 'Ljava/lang/Module;' @48  a 'java/lang/Module'{0x00000000824dc140} (0x824dc140)
 - private final 'classLoader' 'Ljava/lang/ClassLoader;' @52  a 'jdk/internal/loader/ClassLoaders$AppClassLoader'{0x0000000082484aa8} (0x82484aa8)
 - private transient 'classData' 'Ljava/lang/Object;' @56  null (0x00000000)
 - private transient 'packageName' 'Ljava/lang/String;' @60  "org.lwjgl.system.libffi"{0x00000000826540f8} (0x826540f8)
 - private final 'componentType' 'Ljava/lang/Class;' @64  null (0x00000000)
 - private volatile transient 'reflectionData' 'Ljava/lang/ref/SoftReference;' @68  null (0x00000000)
 - private volatile transient 'genericInfo' 'Lsun/reflect/generics/repository/ClassRepository;' @72  null (0x00000000)
 - private volatile transient 'enumConstants' '[Ljava/lang/Object;' @76  null (0x00000000)
 - private volatile transient 'enumConstantDirectory' 'Ljava/util/Map;' @80  null (0x00000000)
 - private volatile transient 'annotationData' 'Ljava/lang/Class$AnnotationData;' @84  null (0x00000000)
 - private volatile transient 'annotationType' 'Lsun/reflect/annotation/AnnotationType;' @88  null (0x00000000)
 - transient 'classValueMap' 'Ljava/lang/ClassValue$ClassValueMap;' @92  null (0x00000000)
 - injected 'protection_domain' 'Ljava/lang/Object;' @96  a 'java/security/ProtectionDomain'{0x00000000824dc1b0} (0x824dc1b0)
 - injected 'signers_name' 'Ljava/lang/Object;' @100  null (0x00000000)
 - injected 'source_file' 'Ljava/lang/Object;' @104  null (0x00000000)
 - injected '<init_lock>' 'Ljava/lang/Object;' @108  null (0x00000000)
 - signature: Lorg/lwjgl/system/libffi/FFIClosure;
 - ---- static fields (0):
 - public static final 'SIZEOF' 'I' @112  56 (0x00000038)
 - public static final 'ALIGNOF' 'I' @116  8 (0x00000008)
 - public static final 'CIF' 'I' @120  32 (0x00000020)
 - public static final 'FUN' 'I' @124  40 (0x00000028)
 - public static final 'USER_DATA' 'I' @128  48 (0x00000030)
stack at sp + 2 slots: {method} {0x000001db5851bde0} '<init>' '(JLjava/nio/ByteBuffer;)V' in 'org/lwjgl/system/libffi/FFIClosure'
stack at sp + 3 slots: 0x0 is null
stack at sp + 4 slots: 0x0000000000000040 is an unknown value
stack at sp + 5 slots: 0x00007ffcd6813a4d jvm.dll
stack at sp + 6 slots: 0x000000000000003e is an unknown value
stack at sp + 7 slots: 0x0 is null

native method entry point (kind = native)  [0x000001db0ae2c940, 0x000001db0ae2d398]  2648 bytes
[MachCode]
  0x000001db0ae2c940: 488b 4b08 | 0fb7 492e | 584c 8d74 | ccf8 6800 | 0000 0068 | 0000 0000 | 5055 488b | ec41 5568 
  0x000001db0ae2c960: 0000 0000 | 4c8b 6b08 | 4d8d 6d38 | 5348 8b53 | 0848 8b52 | 0848 8b52 | 1848 8b52 | 7048 8b12 
  0x000001db0ae2c980: 5248 8b53 | 1048 85d2 | 0f84 0700 | 0000 4881 | c208 0100 | 0052 488b | 5308 488b | 5208 488b 
  0x000001db0ae2c9a0: 5210 5249 | 8bc6 482b | c548 c1e8 | 0350 6800 | 0000 0068 | 0000 0000 | 4889 2424 | 41c6 8779 
  0x000001db0ae2c9c0: 0400 0001 | 488b 4310 | 4885 c074 | 208b 88cc | 0000 0083 | c102 8988 | cc00 0000 | 2388 e000 
  0x000001db0ae2c9e0: 0000 0f84 | fd08 0000 | e9cf 0000 | 0048 8b43 | 1848 85c0 | 0f85 b000 | 0000 e805 | 0000 00e9 
  0x000001db0ae2ca00: 9900 0000 | 488b d348 | 8d44 2408 | 4c89 6dc0 | 498b cfc5 | f877 4989 | afb0 0300 | 0049 8987 
  0x000001db0ae2ca20: a003 0000 | 4883 ec20 | 40f6 c40f | 0f84 1900 | 0000 4883 | ec08 48b8 | 90d6 77d6 | fc7f 0000 
  0x000001db0ae2ca40: ffd0 4883 | c408 e90c | 0000 0048 | b890 d677 | d6fc 7f00 | 00ff d048 | 83c4 2049 | c787 a003 
  0x000001db0ae2ca60: 0000 0000 | 0000 49c7 | 87b0 0300 | 0000 0000 | 0049 c787 | a803 0000 | 0000 0000 | c5f8 7749 
  0x000001db0ae2ca80: 837f 0800 | 0f84 0500 | 0000 e971 | 44ff ff4c | 8b6d c04c | 8b75 c84e | 8d74 f500 | c348 8b43 
  0x000001db0ae2caa0: 1848 85c0 | 0f84 1200 | 0000 8b48 | 0883 c102 | 8948 0823 | 481c 0f84 | 2908 0000 | 493b a7e8 
  0x000001db0ae2cac0: 0400 000f | 8748 0000 | 0089 8424 | 00f0 ffff | 8984 2400 | e0ff ff89 | 8424 00d0 | ffff 8984 
  0x000001db0ae2cae0: 2400 c0ff | ff89 8424 | 00b0 ffff | 8984 2400 | a0ff ff89 | 8424 0090 | ffff 8984 | 2400 80ff 
  0x000001db0ae2cb00: ff49 3ba7 | e004 0000 | 7607 4989 | a7e8 0400 | 0041 c687 | 7904 0000 | 0049 bac6 | 5c04 d7fc 
  0x000001db0ae2cb20: 7f00 0041 | 803a 000f | 843e 0000 | 0048 8b55 | e849 8bcf | 4883 ec20 | 40f6 c40f | 0f84 1900 
  0x000001db0ae2cb40: 0000 4883 | ec08 48b8 | 50e1 add6 | fc7f 0000 | ffd0 4883 | c408 e90c | 0000 0048 | b850 e1ad 
  0x000001db0ae2cb60: d6fc 7f00 | 00ff d048 | 83c4 2048 | 8b5d e84c | 8b5b 0845 | 0fb7 5b2e | 41c1 e303 | 492b e348 
  0x000001db0ae2cb80: 83ec 2048 | 83e4 f04c | 8b5b 604d | 85db 0f85 | ab00 0000 | e805 0000 | 00e9 9900 | 0000 488b 
  0x000001db0ae2cba0: d348 8d44 | 2408 4c89 | 6dc0 498b | cfc5 f877 | 4989 afb0 | 0300 0049 | 8987 a003 | 0000 4883 
  0x000001db0ae2cbc0: ec20 40f6 | c40f 0f84 | 1900 0000 | 4883 ec08 | 48b8 c0fd | 77d6 fc7f | 0000 ffd0 | 4883 c408 
  0x000001db0ae2cbe0: e90c 0000 | 0048 b8c0 | fd77 d6fc | 7f00 00ff | d048 83c4 | 2049 c787 | a003 0000 | 0000 0000 
  0x000001db0ae2cc00: 49c7 87b0 | 0300 0000 | 0000 0049 | c787 a803 | 0000 0000 | 0000 c5f8 | 7749 837f | 0800 0f84 
  0x000001db0ae2cc20: 0500 0000 | e9d7 42ff | ff4c 8b6d | c04c 8b75 | c84e 8d74 | f500 c348 | 8b5d e84c | 8b5b 6041 
  0x000001db0ae2cc40: ffd3 488b | 5de8 4889 | 4518 448b | 5b28 41f6 | c308 0f84 | 1b00 0000 | 4c8b 5b08 | 4d8b 5b08 
  0x000001db0ae2cc60: 4d8b 5b18 | 4d8b 5b70 | 4d8b 1b4c | 895d 1048 | 8d55 1048 | 8b43 5849 | bae0 35ae | d6fc 7f00 
  0x000001db0ae2cc80: 0049 3bc2 | 0f85 ab00 | 0000 e805 | 0000 00e9 | 9900 0000 | 488b d348 | 8d44 2408 | 4c89 6dc0 
  0x000001db0ae2cca0: 498b cfc5 | f877 4989 | afb0 0300 | 0049 8987 | a003 0000 | 4883 ec20 | 40f6 c40f | 0f84 1900 
  0x000001db0ae2ccc0: 0000 4883 | ec08 48b8 | c0fd 77d6 | fc7f 0000 | ffd0 4883 | c408 e90c | 0000 0048 | b8c0 fd77 
  0x000001db0ae2cce0: d6fc 7f00 | 00ff d048 | 83c4 2049 | c787 a003 | 0000 0000 | 0000 49c7 | 87b0 0300 | 0000 0000 
  0x000001db0ae2cd00: 0049 c787 | a803 0000 | 0000 0000 | c5f8 7749 | 837f 0800 | 0f84 0500 | 0000 e9e1 | 41ff ff4c 
  0x000001db0ae2cd20: 8b6d c04c | 8b75 c84e | 8d74 f500 | c348 8b5d | e848 8b43 | 5849 8d8f | c003 0000 | c5f8 7749 
  0x000001db0ae2cd40: 89af b003 | 0000 49ba | 3ccd e20a | db01 0000 | 4d89 97a8 | 0300 0049 | 89a7 a003 | 0000 41c7 
  0x000001db0ae2cd60: 874c 0400 | 0004 0000 | 00ff d0c5 | f877 4883 | ec10 c5fb | 1104 2448 | 83ec 1048 | 8904 2448 
  0x000001db0ae2cd80: c744 2408 | 0000 0000 | 41c7 874c | 0400 0005 | 0000 00f0 | 8344 24c0 | 0049 3baf | 5004 0000 
  0x000001db0ae2cda0: 0f87 0e00 | 0000 4183 | bf48 0400 | 0000 0f84 | 2000 0000 | 498b cf4c | 8be4 4883 | ec20 4883 
  0x000001db0ae2cdc0: e4f0 48b8 | d052 79d6 | fc7f 0000 | ffd0 498b | e44d 33e4 | 41c7 874c | 0400 0008 | 0000 0049 
  0x000001db0ae2cde0: c787 a003 | 0000 0000 | 0000 49c7 | 87b0 0300 | 0000 0000 | 0049 c787 | a803 0000 | 0000 0000 
  0x000001db0ae2ce00: c5f8 774d | 8b9f 3004 | 0000 41c7 | 8300 0100 | 0000 0000 | 0049 bbda | a3e2 0adb | 0100 004c 
  0x000001db0ae2ce20: 3b5d 180f | 8556 0100 | 0048 8b04 | 2448 83c4 | 1048 85c0 | 0f84 3001 | 0000 a803 | 0f85 0800 
  0x000001db0ae2ce40: 0000 488b | 00e9 2001 | 0000 a801 | 0f85 0900 | 0000 488b | 40fe e90f | 0100 0048 | 8b40 ff41 
  0x000001db0ae2ce60: 807f 4000 | 0f84 0001 | 0000 4883 | f800 0f84 | f600 0000 | 4d8b 5f28 | 4983 fb00 | 0f84 1400 
  0x000001db0ae2ce80: 0000 4983 | eb08 4d89 | 5f28 4d03 | 5f38 4989 | 03e9 d400 | 0000 4883 | ec70 4889 | 0424 4889 
  0x000001db0ae2cea0: 4c24 0848 | 8954 2410 | 4c89 4424 | 184c 894c | 2420 4c89 | 5424 284c | 895c 2430 | c5fb 1144 
  0x000001db0ae2cec0: 2440 c5fb | 114c 2448 | c5fb 1154 | 2450 c5fb | 115c 2458 | c5fb 1164 | 2460 c5fb | 116c 2468 
  0x000001db0ae2cee0: 498b d748 | 8bc8 4883 | ec20 40f6 | c40f 0f84 | 1900 0000 | 4883 ec08 | 48b8 f0a0 | 6cd6 fc7f 
  0x000001db0ae2cf00: 0000 ffd0 | 4883 c408 | e90c 0000 | 0048 b8f0 | a06c d6fc | 7f00 00ff | d048 83c4 | 20c5 fb10 
  0x000001db0ae2cf20: 6c24 68c5 | fb10 6424 | 60c5 fb10 | 5c24 58c5 | fb10 5424 | 50c5 fb10 | 4c24 48c5 | fb10 4424 
  0x000001db0ae2cf40: 404c 8b5c | 2430 4c8b | 5424 284c | 8b4c 2420 | 4c8b 4424 | 1848 8b54 | 2410 488b | 4c24 0848 
  0x000001db0ae2cf60: 8b04 2448 | 83c4 70c5 | f877 4889 | 4510 4883 | ec10 4889 | 0424 48c7 | 4424 0800 | 0000 0041 
  0x000001db0ae2cf80: 83bf c804 | 0000 020f | 85bf 0000 | 0048 81ec | 8000 0000 | 4889 4424 | 7848 894c | 2470 4889 
  0x000001db0ae2cfa0: 5424 6848 | 895c 2460 | 4889 6c24 | 5048 8974 | 2448 4889 | 7c24 404c | 8944 2438 | 4c89 4c24 
  0x000001db0ae2cfc0: 304c 8954 | 2428 4c89 | 5c24 204c | 8964 2418 | 4c89 6c24 | 104c 8974 | 2408 4c89 | 3c24 4c8b 
  0x000001db0ae2cfe0: e448 83ec | 2048 83e4 | f048 b8a0 | 18ae d6fc | 7f00 00ff | d049 8be4 | 4c8b 3c24 | 4c8b 7424 
  0x000001db0ae2d000: 084c 8b6c | 2410 4c8b | 6424 184c | 8b5c 2420 | 4c8b 5424 | 284c 8b4c | 2430 4c8b | 4424 3848 
  0x000001db0ae2d020: 8b7c 2440 | 488b 7424 | 4848 8b6c | 2450 488b | 5c24 6048 | 8b54 2468 | 488b 4c24 | 7048 8b44 
  0x000001db0ae2d040: 2478 4881 | c480 0000 | 004d 33e4 | 488b 5de8 | 4c8b 6b08 | 4d8d 6d38 | 4983 7f08 | 000f 84bb 
  0x000001db0ae2d060: 0000 00e8 | 0500 0000 | e996 0000 | 0048 8d44 | 2408 4c89 | 6dc0 498b | cfc5 f877 | 4989 afb0 
  0x000001db0ae2d080: 0300 0049 | 8987 a003 | 0000 4883 | ec20 40f6 | c40f 0f84 | 1900 0000 | 4883 ec08 | 48b8 101b 
  0x000001db0ae2d0a0: 78d6 fc7f | 0000 ffd0 | 4883 c408 | e90c 0000 | 0048 b810 | 1b78 d6fc | 7f00 00ff | d048 83c4 
  0x000001db0ae2d0c0: 2049 c787 | a003 0000 | 0000 0000 | 49c7 87b0 | 0300 0000 | 0000 0049 | c787 a803 | 0000 0000 
  0x000001db0ae2d0e0: 0000 c5f8 | 7749 837f | 0800 0f84 | 0500 0000 | e90b 3eff | ff4c 8b6d | c04c 8b75 | c84e 8d74 
  0x000001db0ae2d100: f500 c348 | b940 53da | d6fc 7f00 | 0048 83e4 | f048 b8b0 | c39c d6fc | 7f00 00ff | d0f4 448b 
  0x000001db0ae2d120: 5b28 41f6 | c320 0f84 | 4401 0000 | 488d 55a8 | 4c8b 5a08 | 4d85 db0f | 85bb 0000 | 00e8 0500 
  0x000001db0ae2d140: 0000 e996 | 0000 0048 | 8d44 2408 | 4c89 6dc0 | 498b cfc5 | f877 4989 | afb0 0300 | 0049 8987 
  0x000001db0ae2d160: a003 0000 | 4883 ec20 | 40f6 c40f | 0f84 1900 | 0000 4883 | ec08 48b8 | 401a 78d6 | fc7f 0000 
  0x000001db0ae2d180: ffd0 4883 | c408 e90c | 0000 0048 | b840 1a78 | d6fc 7f00 | 00ff d048 | 83c4 2049 | c787 a003 
  0x000001db0ae2d1a0: 0000 0000 | 0000 49c7 | 87b0 0300 | 0000 0000 | 0049 c787 | a803 0000 | 0000 0000 | c5f8 7749 
  0x000001db0ae2d1c0: 837f 0800 | 0f84 0500 | 0000 e931 | 3dff ff4c | 8b6d c04c | 8b75 c84e | 8d74 f500 | c348 b940 
  0x000001db0ae2d1e0: 53da d6fc | 7f00 0048 | 83e4 f048 | b8b0 c39c | d6fc 7f00 | 00ff d0f4 | 4c89 6dc0 | 488d 024c 
  0x000001db0ae2d200: 8b4a 0848 | c742 0800 | 0000 004c | 8b00 4d85 | c00f 840b | 0000 00f0 | 4d0f b101 | 0f85 0c00 
  0x000001db0ae2d220: 0000 49ff | 8f50 0500 | 00e9 3e00 | 0000 4c89 | 4a08 488b | ca48 83ec | 2040 f6c4 | 0f0f 8419 
  0x000001db0ae2d240: 0000 0048 | 83ec 0848 | b8b0 ed77 | d6fc 7f00 | 00ff d048 | 83c4 08e9 | 0c00 0000 | 48b8 b0ed 
  0x000001db0ae2d260: 77d6 fc7f | 0000 ffd0 | 4883 c420 | 4c8b 6dc0 | 49ba c65c | 04d7 fc7f | 0000 4180 | 3a00 0f84 
  0x000001db0ae2d280: 3e00 0000 | 488b 55e8 | 498b cf48 | 83ec 2040 | f6c4 0f0f | 8419 0000 | 0048 83ec | 0848 b850 
  0x000001db0ae2d2a0: e1ad d6fc | 7f00 00ff | d048 83c4 | 08e9 0c00 | 0000 48b8 | 50e1 add6 | fc7f 0000 | ffd0 4883 
  0x000001db0ae2d2c0: c420 488b | 0424 4883 | c410 c5fb | 1004 2448 | 83c4 104c | 8b5d 1841 | ffd3 4c8b | 5df8 c95f 
  0x000001db0ae2d2e0: 498b e3ff | e7ba 0000 | 0000 e805 | 0000 00e9 | 9600 0000 | 488d 4424 | 084c 896d | c049 8bcf 
  0x000001db0ae2d300: c5f8 7749 | 89af b003 | 0000 4989 | 87a0 0300 | 0048 83ec | 2040 f6c4 | 0f0f 8419 | 0000 0048 
  0x000001db0ae2d320: 83ec 0848 | b850 e177 | d6fc 7f00 | 00ff d048 | 83c4 08e9 | 0c00 0000 | 48b8 50e1 | 77d6 fc7f 
  0x000001db0ae2d340: 0000 ffd0 | 4883 c420 | 49c7 87a0 | 0300 0000 | 0000 0049 | c787 b003 | 0000 0000 | 0000 49c7 
  0x000001db0ae2d360: 87a8 0300 | 0000 0000 | 00c5 f877 | 4983 7f08 | 000f 8405 | 0000 00e9 | 843b ffff | 4c8b 6dc0 
  0x000001db0ae2d380: 4c8b 75c8 | 4e8d 74f5 | 00c3 488b | 5de8 e929 | f7ff ff0f | 1f44 0000 
[/MachCode]

Compiled method (n/a) 73527 1384     n 0       org.lwjgl.system.JNI::invokeV (native)
 total in heap  [0x000001db0b430f90,0x000001db0b431360] = 976
 relocation     [0x000001db0b4310f0,0x000001db0b431128] = 56
 main code      [0x000001db0b431140,0x000001db0b431354] = 532
 stub code      [0x000001db0b431354,0x000001db0b431358] = 4
 oops           [0x000001db0b431358,0x000001db0b431360] = 8

[Constant Pool (empty)]

[MachCode]
[Entry Point]
  # {method} {0x000001db584e2870} 'invokeV' '(J)V' in 'org/lwjgl/system/JNI'
  # parm0:    rdx:rdx   = long
  #           [sp+0x70]  (sp of caller)
  0x000001db0b431140: 448b 5208 | 49bb 0000 | 0017 db01 | 0000 4d03 | d349 3bc2 | 0f84 0600 

  0x000001db0b431158: ;   {runtime_call ic_miss_stub}
  0x000001db0b431158: 0000 e921 | d6a3 ff90 
[Verified Entry Point]
  0x000001db0b431160: 8984 2400 | 80ff ff55 | 488b ec48 | 83ec 6090 | 4181 7f20 | 0100 0000 

  0x000001db0b431178: ;   {runtime_call StubRoutines (final stubs)}
  0x000001db0b431178: 7405 e821 | 53a2 ff4c 

  0x000001db0b431180: ;   {oop(a 'java/lang/Class'{0x000000008275a450} = 'org/lwjgl/system/JNI')}
  0x000001db0b431180: 8bc2 49be | 50a4 7582 | 0000 0000 | 4c89 7424 | 504c 8d74 | 2450 498b | d6c5 f877 

  0x000001db0b43119c: ;   {internal_word}
  0x000001db0b43119c: 49ba 9911 | 430b db01 | 0000 4d89 | 97a8 0300 | 0049 89a7 | a003 0000 

  0x000001db0b4311b4: ;   {external_word}
  0x000001db0b4311b4: 49ba c65c | 04d7 fc7f | 0000 4180 | 3a00 0f84 | 4a00 0000 

  0x000001db0b4311c8: ;   {metadata({method} {0x000001db584e2870} 'invokeV' '(J)V' in 'org/lwjgl/system/JNI')}
  0x000001db0b4311c8: 5241 5048 | ba68 284e | 58db 0100 | 0049 8bcf | 4883 ec20 | 40f6 c40f | 0f84 1900 | 0000 4883 
  0x000001db0b4311e8: ;   {runtime_call}
  0x000001db0b4311e8: ec08 48b8 | 50e1 add6 | fc7f 0000 | ffd0 4883 | c408 e90c 

  0x000001db0b4311fc: ;   {runtime_call}
  0x000001db0b4311fc: 0000 0048 | b850 e1ad | d6fc 7f00 | 00ff d048 | 83c4 2041 | 585a 498d | 8fc0 0300 | 0041 c787 
  0x000001db0b43121c: 4c04 0000 | 0400 0000 

  0x000001db0b431224: ;   {runtime_call}
  0x000001db0b431224: 48b8 b013 | ed1b fd7f | 0000 ffd0 | c5f8 7741 | c787 4c04 | 0000 0500 | 0000 f083 | 4424 c000 
  0x000001db0b431244: 493b af50 | 0400 000f | 870e 0000 | 0041 83bf | 4804 0000 | 000f 8423 | 0000 00c5 | f877 498b 
  0x000001db0b431264: cf4c 8be4 | 4883 ec20 | 4883 e4f0 

  0x000001db0b431270: ;   {runtime_call}
  0x000001db0b431270: 48b8 d052 | 79d6 fc7f | 0000 ffd0 | 498b e44d | 33e4 41c7 | 874c 0400 | 0008 0000 | 0041 83bf 
  0x000001db0b431290: c804 0000 | 020f 8494 

  0x000001db0b431298: ;   {external_word}
  0x000001db0b431298: 0000 0049 | bac6 5c04 | d7fc 7f00 | 0041 803a | 000f 8444 

  0x000001db0b4312ac: ;   {metadata({method} {0x000001db584e2870} 'invokeV' '(J)V' in 'org/lwjgl/system/JNI')}
  0x000001db0b4312ac: 0000 0048 | ba68 284e | 58db 0100 | 0049 8bcf | 4883 ec20 | 40f6 c40f | 0f84 1900 | 0000 4883 
  0x000001db0b4312cc: ;   {runtime_call}
  0x000001db0b4312cc: ec08 48b8 | 50e1 add6 | fc7f 0000 | ffd0 4883 | c408 e90c 

  0x000001db0b4312e0: ;   {runtime_call}
  0x000001db0b4312e0: 0000 0048 | b850 e1ad | d6fc 7f00 | 00ff d048 | 83c4 2049 | c787 a003 | 0000 0000 | 0000 49c7 
  0x000001db0b431300: 87a8 0300 | 0000 0000 | 00c5 f877 | 498b 8f30 | 0400 00c7 | 8100 0100 | 0000 0000 | 00c9 4983 
  0x000001db0b431320: 7f08 000f | 8501 0000 

  0x000001db0b431328: ;   {runtime_call StubRoutines (initial stubs)}
  0x000001db0b431328: 00c3 e9d1 | fb9e ffc5 | f877 4c8b | e448 83ec | 2048 83e4 

  0x000001db0b43133c: ;   {runtime_call}
  0x000001db0b43133c: f048 b8a0 | 18ae d6fc | 7f00 00ff | d049 8be4 | 4d33 e4e9 | 47ff ffff 
[Stub Code]
  0x000001db0b431354: f4f4 f4f4 
[/MachCode]


Compiled method (c1) 73534 1402       3       org.lwjgl.glfw.GLFW::glfwPollEvents (9 bytes)
 total in heap  [0x000001db03b36390,0x000001db03b366d0] = 832
 relocation     [0x000001db03b364f0,0x000001db03b36530] = 64
 main code      [0x000001db03b36540,0x000001db03b36620] = 224
 stub code      [0x000001db03b36620,0x000001db03b36660] = 64
 oops           [0x000001db03b36660,0x000001db03b36668] = 8
 metadata       [0x000001db03b36668,0x000001db03b36670] = 8
 scopes data    [0x000001db03b36670,0x000001db03b36688] = 24
 scopes pcs     [0x000001db03b36688,0x000001db03b366c8] = 64
 dependencies   [0x000001db03b366c8,0x000001db03b366d0] = 8

[Constant Pool (empty)]

[MachCode]
[Verified Entry Point]
  # {method} {0x000001db584469f8} 'glfwPollEvents' '()V' in 'org/lwjgl/glfw/GLFW'
  #           [sp+0x30]  (sp of caller)
  0x000001db03b36540: 8984 2400 | 80ff ff55 | 4883 ec20 | 4181 7f20 | 0100 0000 

  0x000001db03b36554: ;   {runtime_call StubRoutines (final stubs)}
  0x000001db03b36554: 7405 e845 

  0x000001db03b36558: ;   {metadata(method data for {method} {0x000001db584469f8} 'glfwPollEvents' '()V' in 'org/lwjgl/glfw/GLFW')}
  0x000001db03b36558: ff31 0748 | ba80 ef61 | 58db 0100 | 008b b2cc | 0000 0083 | c602 89b2 | cc00 0000 | 81e6 fe07 
  0x000001db03b36578: 0000 85f6 | 0f84 3d00 

  0x000001db03b36580: ;   {metadata(method data for {method} {0x000001db584469f8} 'glfwPollEvents' '()V' in 'org/lwjgl/glfw/GLFW')}
  0x000001db03b36580: 0000 48ba | 80ef 6158 | db01 0000 | 4883 8210 | 0100 0001 | 48ba e07c | 9e1a fd7f 

  0x000001db03b3659c: ;   {static_call}
  0x000001db03b3659c: 0000 90e8 

  0x000001db03b365a0: ; ImmutableOopMap {}
                      ;*invokestatic invokeV {reexecute=0 rethrow=0 return_oop=0}
                      ; - org.lwjgl.glfw.GLFW::glfwPollEvents@5 (line 3484)
  0x000001db03b365a0: bcab 8f07 

  0x000001db03b365a4: ;   {other}
  0x000001db03b365a4: 0f1f 8400 | 1402 0000 | 4883 c420 

  0x000001db03b365b0: ;   {poll_return}
  0x000001db03b365b0: 5d49 3ba7 | 5004 0000 | 0f87 1f00 

  0x000001db03b365bc: ;   {metadata({method} {0x000001db584469f8} 'glfwPollEvents' '()V' in 'org/lwjgl/glfw/GLFW')}
  0x000001db03b365bc: 0000 c349 | baf0 6944 | 58db 0100 | 004c 8954 | 2408 48c7 | 0424 ffff 

  0x000001db03b365d4: ;   {runtime_call counter_overflow Runtime1 stub}
  0x000001db03b365d4: ffff e825 

  0x000001db03b365d8: ; ImmutableOopMap {}
                      ;*synchronization entry
                      ; - org.lwjgl.glfw.GLFW::glfwPollEvents@-1 (line 3483)
  0x000001db03b365d8: 983f 07eb 

  0x000001db03b365dc: ;   {internal_word}
  0x000001db03b365dc: a549 bab1 | 65b3 03db | 0100 004d | 8997 6804 

  0x000001db03b365ec: ;   {runtime_call SafepointBlob}
  0x000001db03b365ec: 0000 e98d | ee33 0749 | 8b87 0005 | 0000 49c7 | 8700 0500 | 0000 0000 | 0049 c787 | 0805 0000 
  0x000001db03b3660c: 0000 0000 | 4883 c420 

  0x000001db03b36614: ;   {runtime_call unwind_exception Runtime1 stub}
  0x000001db03b36614: 5de9 e623 | 3f07 f4f4 | f4f4 f4f4 
[Stub Code]
  0x000001db03b36620: ;   {no_reloc}
  0x000001db03b36620: 48bb 0000 | 0000 0000 

  0x000001db03b36628: ;   {runtime_call nmethod}
  0x000001db03b36628: 0000 e9fb 

  0x000001db03b3662c: ;   {runtime_call handle_exception_from_callee Runtime1 stub}
  0x000001db03b3662c: ffff ffe8 | cc54 3f07 

  0x000001db03b36634: ;   {external_word}
  0x000001db03b36634: 48b9 4053 | dad6 fc7f | 0000 4883 

  0x000001db03b36640: ;   {runtime_call}
  0x000001db03b36640: e4f0 48b8 | b0c3 9cd6 | fc7f 0000 

  0x000001db03b3664c: ;   {section_word}
  0x000001db03b3664c: ffd0 f449 | ba4f 66b3 | 03db 0100 

  0x000001db03b36658: ;   {runtime_call DeoptimizationBlob}
  0x000001db03b36658: 0041 52e9 | c0e0 3307 
[/MachCode]


---------------  P R O C E S S  ---------------

Threads class SMR info:
_java_thread_list=0x000001db76c25750, length=15, elements={
0x000001db7e22d2f0, 0x000001db7f833d20, 0x000001db7f835080, 0x000001db7f8375f0,
0x000001db7f838050, 0x000001db7f839250, 0x000001db7f83a450, 0x000001db7f847bc0,
0x000001db7f84ca30, 0x000001db16a882d0, 0x000001db16a906d0, 0x000001db65952f80,
0x000001db65983290, 0x000001db65de0730, 0x000001db665fe950
}

Java Threads: ( => current thread )
=>0x000001db7e22d2f0 JavaThread "main"                              [_thread_in_vm, id=10212, stack(0x000000b228000000,0x000000b228100000) (1024K)]
  0x000001db7f833d20 JavaThread "Reference Handler"          daemon [_thread_blocked, id=15968, stack(0x000000b228800000,0x000000b228900000) (1024K)]
  0x000001db7f835080 JavaThread "Finalizer"                  daemon [_thread_blocked, id=5796, stack(0x000000b228900000,0x000000b228a00000) (1024K)]
  0x000001db7f8375f0 JavaThread "Signal Dispatcher"          daemon [_thread_blocked, id=20716, stack(0x000000b228a00000,0x000000b228b00000) (1024K)]
  0x000001db7f838050 JavaThread "Attach Listener"            daemon [_thread_blocked, id=13508, stack(0x000000b228b00000,0x000000b228c00000) (1024K)]
  0x000001db7f839250 JavaThread "Service Thread"             daemon [_thread_blocked, id=18560, stack(0x000000b228c00000,0x000000b228d00000) (1024K)]
  0x000001db7f83a450 JavaThread "Monitor Deflation Thread"   daemon [_thread_blocked, id=17076, stack(0x000000b228d00000,0x000000b228e00000) (1024K)]
  0x000001db7f847bc0 JavaThread "C2 CompilerThread0"         daemon [_thread_blocked, id=14292, stack(0x000000b228e00000,0x000000b228f00000) (1024K)]
  0x000001db7f84ca30 JavaThread "C1 CompilerThread0"         daemon [_thread_blocked, id=21064, stack(0x000000b228f00000,0x000000b229000000) (1024K)]
  0x000001db16a882d0 JavaThread "Notification Thread"        daemon [_thread_blocked, id=6132, stack(0x000000b229000000,0x000000b229100000) (1024K)]
  0x000001db16a906d0 JavaThread "Common-Cleaner"             daemon [_thread_blocked, id=18964, stack(0x000000b229100000,0x000000b229200000) (1024K)]
  0x000001db65952f80 JavaThread "Java2D Disposer"            daemon [_thread_blocked, id=10624, stack(0x000000b229200000,0x000000b229300000) (1024K)]
  0x000001db65983290 JavaThread "AWT-Windows"                daemon [_thread_in_native, id=19744, stack(0x000000b229a00000,0x000000b229b00000) (1024K)]
  0x000001db65de0730 JavaThread "Thread-0"                   daemon [_thread_in_native, id=732, stack(0x000000b22a100000,0x000000b22a200000) (1024K)]
  0x000001db665fe950 JavaThread "Thread-1"                   daemon [_thread_in_native, id=17696, stack(0x000000b22a200000,0x000000b22a300000) (1024K)]
Total: 15

Other Threads:
  0x000001db7f812b70 VMThread "VM Thread"                           [id=17000, stack(0x000000b228700000,0x000000b228800000) (1024K)]
  0x000001db7f800bd0 WatcherThread "VM Periodic Task Thread"        [id=19840, stack(0x000000b228600000,0x000000b228700000) (1024K)]
  0x000001db7e282b40 WorkerThread "GC Thread#0"                     [id=6308, stack(0x000000b228100000,0x000000b228200000) (1024K)]
  0x000001db65dcec80 WorkerThread "GC Thread#1"                     [id=9820, stack(0x000000b229900000,0x000000b229a00000) (1024K)]
  0x000001db65982be0 WorkerThread "GC Thread#2"                     [id=6028, stack(0x000000b229b00000,0x000000b229c00000) (1024K)]
  0x000001db65a58390 WorkerThread "GC Thread#3"                     [id=22160, stack(0x000000b229c00000,0x000000b229d00000) (1024K)]
  0x000001db65a77300 WorkerThread "GC Thread#4"                     [id=17708, stack(0x000000b229d00000,0x000000b229e00000) (1024K)]
  0x000001db65a86be0 WorkerThread "GC Thread#5"                     [id=6068, stack(0x000000b229e00000,0x000000b229f00000) (1024K)]
  0x000001db65db6a60 WorkerThread "GC Thread#6"                     [id=21700, stack(0x000000b229f00000,0x000000b22a000000) (1024K)]
  0x000001db65a82f30 WorkerThread "GC Thread#7"                     [id=17460, stack(0x000000b22a000000,0x000000b22a100000) (1024K)]
  0x000001db7e294750 ConcurrentGCThread "G1 Main Marker"            [id=22468, stack(0x000000b228200000,0x000000b228300000) (1024K)]
  0x000001db7e295160 WorkerThread "G1 Conc#0"                       [id=16260, stack(0x000000b228300000,0x000000b228400000) (1024K)]
  0x000001db7e2de4e0 ConcurrentGCThread "G1 Refine#0"               [id=4052, stack(0x000000b228400000,0x000000b228500000) (1024K)]
  0x000001db7f6d3580 ConcurrentGCThread "G1 Service"                [id=11088, stack(0x000000b228500000,0x000000b228600000) (1024K)]
Total: 14

Threads with active compile tasks:
Total: 0

VM state: not at safepoint (normal execution)

VM Mutex/Monitor currently owned by a thread: None

Heap address: 0x0000000082200000, size: 2014 MB, Compressed Oops mode: 32-bit

CDS archive(s) mapped at: [0x000001db17000000-0x000001db17c80000-0x000001db17c80000), size 13107200, SharedBaseAddress: 0x000001db17000000, ArchiveRelocationMode: 1.
Compressed class space mapped at: 0x000001db18000000-0x000001db58000000, reserved size: 1073741824
Narrow klass base: 0x000001db17000000, Narrow klass shift: 0, Narrow klass range: 0x100000000

GC Precious Log:
 CardTable entry size: 512
 Card Set container configuration: InlinePtr #cards 5 size 8 Array Of Cards #cards 12 size 40 Howl #buckets 4 coarsen threshold 1843 Howl Bitmap #cards 512 size 80 coarsen threshold 460 Card regions per heap region 1 cards per card region 2048
 CPUs: 8 total, 8 available
 Memory: 8052M
 Large Page Support: Disabled
 NUMA Support: Disabled
 Compressed Oops: Enabled (32-bit)
 Heap Region Size: 1M
 Heap Min Capacity: 8M
 Heap Initial Capacity: 126M
 Heap Max Capacity: 2014M
 Pre-touch: Disabled
 Parallel Workers: 8
 Concurrent Workers: 2
 Concurrent Refinement Workers: 8
 Periodic GC: Disabled

Heap:
 garbage-first heap   total 226304K, used 131825K [0x0000000082200000, 0x0000000100000000)
  region size 1024K, 122 young (124928K), 1 survivors (1024K)
 Metaspace       used 9440K, committed 9856K, reserved 1114112K
  class space    used 714K, committed 896K, reserved 1048576K

Heap Regions: E=young(eden), S=young(survivor), O=old, HS=humongous(starts), HC=humongous(continues), CS=collection set, F=free, TAMS=top-at-mark-start, PB=parsable bottom
|   0|0x0000000082200000, 0x0000000082300000, 0x0000000082300000|100%| O|  |TAMS 0x0000000082200000| PB 0x0000000082200000| Untracked 
|   1|0x0000000082300000, 0x0000000082400000, 0x0000000082400000|100%| O|  |TAMS 0x0000000082300000| PB 0x0000000082300000| Untracked 
|   2|0x0000000082400000, 0x0000000082500000, 0x0000000082500000|100%| O|  |TAMS 0x0000000082400000| PB 0x0000000082400000| Untracked 
|   3|0x0000000082500000, 0x0000000082600000, 0x0000000082600000|100%| O|  |TAMS 0x0000000082500000| PB 0x0000000082500000| Untracked 
|   4|0x0000000082600000, 0x0000000082700000, 0x0000000082700000|100%| O|  |TAMS 0x0000000082600000| PB 0x0000000082600000| Untracked 
|   5|0x0000000082700000, 0x0000000082800000, 0x0000000082800000|100%| O|  |TAMS 0x0000000082700000| PB 0x0000000082700000| Untracked 
|   6|0x0000000082800000, 0x0000000082900000, 0x0000000082900000|100%| O|  |TAMS 0x0000000082800000| PB 0x0000000082800000| Untracked 
|   7|0x0000000082900000, 0x0000000082a00000, 0x0000000082a00000|100%| O|  |TAMS 0x0000000082900000| PB 0x0000000082900000| Untracked 
|   8|0x0000000082a00000, 0x0000000082a3fcd0, 0x0000000082b00000| 24%| O|  |TAMS 0x0000000082a00000| PB 0x0000000082a00000| Untracked 
|   9|0x0000000082b00000, 0x0000000082b00000, 0x0000000082c00000|  0%| F|  |TAMS 0x0000000082b00000| PB 0x0000000082b00000| Untracked 
|  10|0x0000000082c00000, 0x0000000082c00000, 0x0000000082d00000|  0%| F|  |TAMS 0x0000000082c00000| PB 0x0000000082c00000| Untracked 
|  11|0x0000000082d00000, 0x0000000082d00000, 0x0000000082e00000|  0%| F|  |TAMS 0x0000000082d00000| PB 0x0000000082d00000| Untracked 
|  12|0x0000000082e00000, 0x0000000082e00000, 0x0000000082f00000|  0%| F|  |TAMS 0x0000000082e00000| PB 0x0000000082e00000| Untracked 
|  13|0x0000000082f00000, 0x0000000082f00000, 0x0000000083000000|  0%| F|  |TAMS 0x0000000082f00000| PB 0x0000000082f00000| Untracked 
|  14|0x0000000083000000, 0x0000000083000000, 0x0000000083100000|  0%| F|  |TAMS 0x0000000083000000| PB 0x0000000083000000| Untracked 
|  15|0x0000000083100000, 0x0000000083100000, 0x0000000083200000|  0%| F|  |TAMS 0x0000000083100000| PB 0x0000000083100000| Untracked 
|  16|0x0000000083200000, 0x0000000083200000, 0x0000000083300000|  0%| F|  |TAMS 0x0000000083200000| PB 0x0000000083200000| Untracked 
|  17|0x0000000083300000, 0x0000000083300000, 0x0000000083400000|  0%| F|  |TAMS 0x0000000083300000| PB 0x0000000083300000| Untracked 
|  18|0x0000000083400000, 0x0000000083400000, 0x0000000083500000|  0%| F|  |TAMS 0x0000000083400000| PB 0x0000000083400000| Untracked 
|  19|0x0000000083500000, 0x0000000083500000, 0x0000000083600000|  0%| F|  |TAMS 0x0000000083500000| PB 0x0000000083500000| Untracked 
|  20|0x0000000083600000, 0x0000000083600000, 0x0000000083700000|  0%| F|  |TAMS 0x0000000083600000| PB 0x0000000083600000| Untracked 
|  21|0x0000000083700000, 0x0000000083700000, 0x0000000083800000|  0%| F|  |TAMS 0x0000000083700000| PB 0x0000000083700000| Untracked 
|  22|0x0000000083800000, 0x0000000083800000, 0x0000000083900000|  0%| F|  |TAMS 0x0000000083800000| PB 0x0000000083800000| Untracked 
|  23|0x0000000083900000, 0x0000000083900000, 0x0000000083a00000|  0%| F|  |TAMS 0x0000000083900000| PB 0x0000000083900000| Untracked 
|  24|0x0000000083a00000, 0x0000000083a00000, 0x0000000083b00000|  0%| F|  |TAMS 0x0000000083a00000| PB 0x0000000083a00000| Untracked 
|  25|0x0000000083b00000, 0x0000000083b00000, 0x0000000083c00000|  0%| F|  |TAMS 0x0000000083b00000| PB 0x0000000083b00000| Untracked 
|  26|0x0000000083c00000, 0x0000000083c00000, 0x0000000083d00000|  0%| F|  |TAMS 0x0000000083c00000| PB 0x0000000083c00000| Untracked 
|  27|0x0000000083d00000, 0x0000000083d00000, 0x0000000083e00000|  0%| F|  |TAMS 0x0000000083d00000| PB 0x0000000083d00000| Untracked 
|  28|0x0000000083e00000, 0x0000000083e00000, 0x0000000083f00000|  0%| F|  |TAMS 0x0000000083e00000| PB 0x0000000083e00000| Untracked 
|  29|0x0000000083f00000, 0x0000000083f00000, 0x0000000084000000|  0%| F|  |TAMS 0x0000000083f00000| PB 0x0000000083f00000| Untracked 
|  30|0x0000000084000000, 0x0000000084000000, 0x0000000084100000|  0%| F|  |TAMS 0x0000000084000000| PB 0x0000000084000000| Untracked 
|  31|0x0000000084100000, 0x0000000084100000, 0x0000000084200000|  0%| F|  |TAMS 0x0000000084100000| PB 0x0000000084100000| Untracked 
|  32|0x0000000084200000, 0x0000000084200000, 0x0000000084300000|  0%| F|  |TAMS 0x0000000084200000| PB 0x0000000084200000| Untracked 
|  33|0x0000000084300000, 0x0000000084300000, 0x0000000084400000|  0%| F|  |TAMS 0x0000000084300000| PB 0x0000000084300000| Untracked 
|  34|0x0000000084400000, 0x0000000084400000, 0x0000000084500000|  0%| F|  |TAMS 0x0000000084400000| PB 0x0000000084400000| Untracked 
|  35|0x0000000084500000, 0x0000000084500000, 0x0000000084600000|  0%| F|  |TAMS 0x0000000084500000| PB 0x0000000084500000| Untracked 
|  36|0x0000000084600000, 0x0000000084600000, 0x0000000084700000|  0%| F|  |TAMS 0x0000000084600000| PB 0x0000000084600000| Untracked 
|  37|0x0000000084700000, 0x0000000084700000, 0x0000000084800000|  0%| F|  |TAMS 0x0000000084700000| PB 0x0000000084700000| Untracked 
|  38|0x0000000084800000, 0x0000000084800000, 0x0000000084900000|  0%| F|  |TAMS 0x0000000084800000| PB 0x0000000084800000| Untracked 
|  39|0x0000000084900000, 0x0000000084900000, 0x0000000084a00000|  0%| F|  |TAMS 0x0000000084900000| PB 0x0000000084900000| Untracked 
|  40|0x0000000084a00000, 0x0000000084a00000, 0x0000000084b00000|  0%| F|  |TAMS 0x0000000084a00000| PB 0x0000000084a00000| Untracked 
|  41|0x0000000084b00000, 0x0000000084b00000, 0x0000000084c00000|  0%| F|  |TAMS 0x0000000084b00000| PB 0x0000000084b00000| Untracked 
|  42|0x0000000084c00000, 0x0000000084c00000, 0x0000000084d00000|  0%| F|  |TAMS 0x0000000084c00000| PB 0x0000000084c00000| Untracked 
|  43|0x0000000084d00000, 0x0000000084d00000, 0x0000000084e00000|  0%| F|  |TAMS 0x0000000084d00000| PB 0x0000000084d00000| Untracked 
|  44|0x0000000084e00000, 0x0000000084e00000, 0x0000000084f00000|  0%| F|  |TAMS 0x0000000084e00000| PB 0x0000000084e00000| Untracked 
|  45|0x0000000084f00000, 0x0000000084f00000, 0x0000000085000000|  0%| F|  |TAMS 0x0000000084f00000| PB 0x0000000084f00000| Untracked 
|  46|0x0000000085000000, 0x0000000085000000, 0x0000000085100000|  0%| F|  |TAMS 0x0000000085000000| PB 0x0000000085000000| Untracked 
|  47|0x0000000085100000, 0x0000000085100000, 0x0000000085200000|  0%| F|  |TAMS 0x0000000085100000| PB 0x0000000085100000| Untracked 
|  48|0x0000000085200000, 0x0000000085200000, 0x0000000085300000|  0%| F|  |TAMS 0x0000000085200000| PB 0x0000000085200000| Untracked 
|  49|0x0000000085300000, 0x0000000085300000, 0x0000000085400000|  0%| F|  |TAMS 0x0000000085300000| PB 0x0000000085300000| Untracked 
|  50|0x0000000085400000, 0x0000000085400000, 0x0000000085500000|  0%| F|  |TAMS 0x0000000085400000| PB 0x0000000085400000| Untracked 
|  51|0x0000000085500000, 0x0000000085500000, 0x0000000085600000|  0%| F|  |TAMS 0x0000000085500000| PB 0x0000000085500000| Untracked 
|  52|0x0000000085600000, 0x0000000085600000, 0x0000000085700000|  0%| F|  |TAMS 0x0000000085600000| PB 0x0000000085600000| Untracked 
|  53|0x0000000085700000, 0x0000000085700000, 0x0000000085800000|  0%| F|  |TAMS 0x0000000085700000| PB 0x0000000085700000| Untracked 
|  54|0x0000000085800000, 0x0000000085800000, 0x0000000085900000|  0%| F|  |TAMS 0x0000000085800000| PB 0x0000000085800000| Untracked 
|  55|0x0000000085900000, 0x0000000085900000, 0x0000000085a00000|  0%| F|  |TAMS 0x0000000085900000| PB 0x0000000085900000| Untracked 
|  56|0x0000000085a00000, 0x0000000085a00000, 0x0000000085b00000|  0%| F|  |TAMS 0x0000000085a00000| PB 0x0000000085a00000| Untracked 
|  57|0x0000000085b00000, 0x0000000085b00000, 0x0000000085c00000|  0%| F|  |TAMS 0x0000000085b00000| PB 0x0000000085b00000| Untracked 
|  58|0x0000000085c00000, 0x0000000085c00000, 0x0000000085d00000|  0%| F|  |TAMS 0x0000000085c00000| PB 0x0000000085c00000| Untracked 
|  59|0x0000000085d00000, 0x0000000085d00000, 0x0000000085e00000|  0%| F|  |TAMS 0x0000000085d00000| PB 0x0000000085d00000| Untracked 
|  60|0x0000000085e00000, 0x0000000085e00000, 0x0000000085f00000|  0%| F|  |TAMS 0x0000000085e00000| PB 0x0000000085e00000| Untracked 
|  61|0x0000000085f00000, 0x0000000085f00000, 0x0000000086000000|  0%| F|  |TAMS 0x0000000085f00000| PB 0x0000000085f00000| Untracked 
|  62|0x0000000086000000, 0x0000000086000000, 0x0000000086100000|  0%| F|  |TAMS 0x0000000086000000| PB 0x0000000086000000| Untracked 
|  63|0x0000000086100000, 0x0000000086100000, 0x0000000086200000|  0%| F|  |TAMS 0x0000000086100000| PB 0x0000000086100000| Untracked 
|  64|0x0000000086200000, 0x0000000086200000, 0x0000000086300000|  0%| F|  |TAMS 0x0000000086200000| PB 0x0000000086200000| Untracked 
|  65|0x0000000086300000, 0x0000000086300000, 0x0000000086400000|  0%| F|  |TAMS 0x0000000086300000| PB 0x0000000086300000| Untracked 
|  66|0x0000000086400000, 0x0000000086400000, 0x0000000086500000|  0%| F|  |TAMS 0x0000000086400000| PB 0x0000000086400000| Untracked 
|  67|0x0000000086500000, 0x0000000086500000, 0x0000000086600000|  0%| F|  |TAMS 0x0000000086500000| PB 0x0000000086500000| Untracked 
|  68|0x0000000086600000, 0x0000000086600000, 0x0000000086700000|  0%| F|  |TAMS 0x0000000086600000| PB 0x0000000086600000| Untracked 
|  69|0x0000000086700000, 0x0000000086700000, 0x0000000086800000|  0%| F|  |TAMS 0x0000000086700000| PB 0x0000000086700000| Untracked 
|  70|0x0000000086800000, 0x0000000086800000, 0x0000000086900000|  0%| F|  |TAMS 0x0000000086800000| PB 0x0000000086800000| Untracked 
|  71|0x0000000086900000, 0x0000000086900000, 0x0000000086a00000|  0%| F|  |TAMS 0x0000000086900000| PB 0x0000000086900000| Untracked 
|  72|0x0000000086a00000, 0x0000000086a00000, 0x0000000086b00000|  0%| F|  |TAMS 0x0000000086a00000| PB 0x0000000086a00000| Untracked 
|  73|0x0000000086b00000, 0x0000000086b00000, 0x0000000086c00000|  0%| F|  |TAMS 0x0000000086b00000| PB 0x0000000086b00000| Untracked 
|  74|0x0000000086c00000, 0x0000000086c00000, 0x0000000086d00000|  0%| F|  |TAMS 0x0000000086c00000| PB 0x0000000086c00000| Untracked 
|  75|0x0000000086d00000, 0x0000000086d00000, 0x0000000086e00000|  0%| F|  |TAMS 0x0000000086d00000| PB 0x0000000086d00000| Untracked 
|  76|0x0000000086e00000, 0x0000000086e00000, 0x0000000086f00000|  0%| F|  |TAMS 0x0000000086e00000| PB 0x0000000086e00000| Untracked 
|  77|0x0000000086f00000, 0x0000000086f00000, 0x0000000087000000|  0%| F|  |TAMS 0x0000000086f00000| PB 0x0000000086f00000| Untracked 
|  78|0x0000000087000000, 0x0000000087000000, 0x0000000087100000|  0%| F|  |TAMS 0x0000000087000000| PB 0x0000000087000000| Untracked 
|  79|0x0000000087100000, 0x0000000087100000, 0x0000000087200000|  0%| F|  |TAMS 0x0000000087100000| PB 0x0000000087100000| Untracked 
|  80|0x0000000087200000, 0x0000000087200000, 0x0000000087300000|  0%| F|  |TAMS 0x0000000087200000| PB 0x0000000087200000| Untracked 
|  81|0x0000000087300000, 0x0000000087300000, 0x0000000087400000|  0%| F|  |TAMS 0x0000000087300000| PB 0x0000000087300000| Untracked 
|  82|0x0000000087400000, 0x0000000087400000, 0x0000000087500000|  0%| F|  |TAMS 0x0000000087400000| PB 0x0000000087400000| Untracked 
|  83|0x0000000087500000, 0x0000000087500000, 0x0000000087600000|  0%| F|  |TAMS 0x0000000087500000| PB 0x0000000087500000| Untracked 
|  84|0x0000000087600000, 0x0000000087600000, 0x0000000087700000|  0%| F|  |TAMS 0x0000000087600000| PB 0x0000000087600000| Untracked 
|  85|0x0000000087700000, 0x0000000087700000, 0x0000000087800000|  0%| F|  |TAMS 0x0000000087700000| PB 0x0000000087700000| Untracked 
|  86|0x0000000087800000, 0x0000000087800000, 0x0000000087900000|  0%| F|  |TAMS 0x0000000087800000| PB 0x0000000087800000| Untracked 
|  87|0x0000000087900000, 0x0000000087900000, 0x0000000087a00000|  0%| F|  |TAMS 0x0000000087900000| PB 0x0000000087900000| Untracked 
|  88|0x0000000087a00000, 0x0000000087a7c938, 0x0000000087b00000| 48%| S|CS|TAMS 0x0000000087a00000| PB 0x0000000087a00000| Complete 
|  89|0x0000000087b00000, 0x0000000087b00000, 0x0000000087c00000|  0%| F|  |TAMS 0x0000000087b00000| PB 0x0000000087b00000| Untracked 
|  90|0x0000000087c00000, 0x0000000087c00000, 0x0000000087d00000|  0%| F|  |TAMS 0x0000000087c00000| PB 0x0000000087c00000| Untracked 
|  91|0x0000000087d00000, 0x0000000087d00000, 0x0000000087e00000|  0%| F|  |TAMS 0x0000000087d00000| PB 0x0000000087d00000| Untracked 
|  92|0x0000000087e00000, 0x0000000087e00000, 0x0000000087f00000|  0%| F|  |TAMS 0x0000000087e00000| PB 0x0000000087e00000| Untracked 
|  93|0x0000000087f00000, 0x0000000087f00000, 0x0000000088000000|  0%| F|  |TAMS 0x0000000087f00000| PB 0x0000000087f00000| Untracked 
|  94|0x0000000088000000, 0x0000000088000000, 0x0000000088100000|  0%| F|  |TAMS 0x0000000088000000| PB 0x0000000088000000| Untracked 
|  95|0x0000000088100000, 0x0000000088100000, 0x0000000088200000|  0%| F|  |TAMS 0x0000000088100000| PB 0x0000000088100000| Untracked 
|  96|0x0000000088200000, 0x0000000088200000, 0x0000000088300000|  0%| F|  |TAMS 0x0000000088200000| PB 0x0000000088200000| Untracked 
|  97|0x0000000088300000, 0x0000000088300000, 0x0000000088400000|  0%| F|  |TAMS 0x0000000088300000| PB 0x0000000088300000| Untracked 
|  98|0x0000000088400000, 0x0000000088400000, 0x0000000088500000|  0%| F|  |TAMS 0x0000000088400000| PB 0x0000000088400000| Untracked 
|  99|0x0000000088500000, 0x0000000088500000, 0x0000000088600000|  0%| F|  |TAMS 0x0000000088500000| PB 0x0000000088500000| Untracked 
| 100|0x0000000088600000, 0x0000000088700000, 0x0000000088700000|100%| E|  |TAMS 0x0000000088600000| PB 0x0000000088600000| Complete 
| 101|0x0000000088700000, 0x0000000088800000, 0x0000000088800000|100%| E|CS|TAMS 0x0000000088700000| PB 0x0000000088700000| Complete 
| 102|0x0000000088800000, 0x0000000088900000, 0x0000000088900000|100%| E|CS|TAMS 0x0000000088800000| PB 0x0000000088800000| Complete 
| 103|0x0000000088900000, 0x0000000088a00000, 0x0000000088a00000|100%| E|CS|TAMS 0x0000000088900000| PB 0x0000000088900000| Complete 
| 104|0x0000000088a00000, 0x0000000088b00000, 0x0000000088b00000|100%| E|CS|TAMS 0x0000000088a00000| PB 0x0000000088a00000| Complete 
| 105|0x0000000088b00000, 0x0000000088c00000, 0x0000000088c00000|100%| E|CS|TAMS 0x0000000088b00000| PB 0x0000000088b00000| Complete 
| 106|0x0000000088c00000, 0x0000000088d00000, 0x0000000088d00000|100%| E|CS|TAMS 0x0000000088c00000| PB 0x0000000088c00000| Complete 
| 107|0x0000000088d00000, 0x0000000088e00000, 0x0000000088e00000|100%| E|CS|TAMS 0x0000000088d00000| PB 0x0000000088d00000| Complete 
| 108|0x0000000088e00000, 0x0000000088f00000, 0x0000000088f00000|100%| E|CS|TAMS 0x0000000088e00000| PB 0x0000000088e00000| Complete 
| 109|0x0000000088f00000, 0x0000000089000000, 0x0000000089000000|100%| E|CS|TAMS 0x0000000088f00000| PB 0x0000000088f00000| Complete 
| 110|0x0000000089000000, 0x0000000089100000, 0x0000000089100000|100%| E|CS|TAMS 0x0000000089000000| PB 0x0000000089000000| Complete 
| 111|0x0000000089100000, 0x0000000089200000, 0x0000000089200000|100%| E|CS|TAMS 0x0000000089100000| PB 0x0000000089100000| Complete 
| 112|0x0000000089200000, 0x0000000089300000, 0x0000000089300000|100%| E|CS|TAMS 0x0000000089200000| PB 0x0000000089200000| Complete 
| 113|0x0000000089300000, 0x0000000089400000, 0x0000000089400000|100%| E|CS|TAMS 0x0000000089300000| PB 0x0000000089300000| Complete 
| 114|0x0000000089400000, 0x0000000089500000, 0x0000000089500000|100%| E|CS|TAMS 0x0000000089400000| PB 0x0000000089400000| Complete 
| 115|0x0000000089500000, 0x0000000089600000, 0x0000000089600000|100%| E|CS|TAMS 0x0000000089500000| PB 0x0000000089500000| Complete 
| 116|0x0000000089600000, 0x0000000089700000, 0x0000000089700000|100%| E|CS|TAMS 0x0000000089600000| PB 0x0000000089600000| Complete 
| 117|0x0000000089700000, 0x0000000089800000, 0x0000000089800000|100%| E|CS|TAMS 0x0000000089700000| PB 0x0000000089700000| Complete 
| 118|0x0000000089800000, 0x0000000089900000, 0x0000000089900000|100%| E|CS|TAMS 0x0000000089800000| PB 0x0000000089800000| Complete 
| 119|0x0000000089900000, 0x0000000089a00000, 0x0000000089a00000|100%| E|CS|TAMS 0x0000000089900000| PB 0x0000000089900000| Complete 
| 120|0x0000000089a00000, 0x0000000089b00000, 0x0000000089b00000|100%| E|CS|TAMS 0x0000000089a00000| PB 0x0000000089a00000| Complete 
| 121|0x0000000089b00000, 0x0000000089c00000, 0x0000000089c00000|100%| E|CS|TAMS 0x0000000089b00000| PB 0x0000000089b00000| Complete 
| 122|0x0000000089c00000, 0x0000000089d00000, 0x0000000089d00000|100%| E|CS|TAMS 0x0000000089c00000| PB 0x0000000089c00000| Complete 
| 123|0x0000000089d00000, 0x0000000089e00000, 0x0000000089e00000|100%| E|CS|TAMS 0x0000000089d00000| PB 0x0000000089d00000| Complete 
| 124|0x0000000089e00000, 0x0000000089f00000, 0x0000000089f00000|100%| E|CS|TAMS 0x0000000089e00000| PB 0x0000000089e00000| Complete 
| 125|0x0000000089f00000, 0x000000008a000000, 0x000000008a000000|100%| E|CS|TAMS 0x0000000089f00000| PB 0x0000000089f00000| Complete 
| 126|0x000000008a000000, 0x000000008a100000, 0x000000008a100000|100%| E|CS|TAMS 0x000000008a000000| PB 0x000000008a000000| Complete 
| 127|0x000000008a100000, 0x000000008a200000, 0x000000008a200000|100%| E|CS|TAMS 0x000000008a100000| PB 0x000000008a100000| Complete 
| 128|0x000000008a200000, 0x000000008a300000, 0x000000008a300000|100%| E|CS|TAMS 0x000000008a200000| PB 0x000000008a200000| Complete 
| 129|0x000000008a300000, 0x000000008a400000, 0x000000008a400000|100%| E|CS|TAMS 0x000000008a300000| PB 0x000000008a300000| Complete 
| 130|0x000000008a400000, 0x000000008a500000, 0x000000008a500000|100%| E|CS|TAMS 0x000000008a400000| PB 0x000000008a400000| Complete 
| 131|0x000000008a500000, 0x000000008a600000, 0x000000008a600000|100%| E|CS|TAMS 0x000000008a500000| PB 0x000000008a500000| Complete 
| 132|0x000000008a600000, 0x000000008a700000, 0x000000008a700000|100%| E|CS|TAMS 0x000000008a600000| PB 0x000000008a600000| Complete 
| 133|0x000000008a700000, 0x000000008a800000, 0x000000008a800000|100%| E|CS|TAMS 0x000000008a700000| PB 0x000000008a700000| Complete 
| 134|0x000000008a800000, 0x000000008a900000, 0x000000008a900000|100%| E|CS|TAMS 0x000000008a800000| PB 0x000000008a800000| Complete 
| 135|0x000000008a900000, 0x000000008aa00000, 0x000000008aa00000|100%| E|CS|TAMS 0x000000008a900000| PB 0x000000008a900000| Complete 
| 136|0x000000008aa00000, 0x000000008ab00000, 0x000000008ab00000|100%| E|CS|TAMS 0x000000008aa00000| PB 0x000000008aa00000| Complete 
| 137|0x000000008ab00000, 0x000000008ac00000, 0x000000008ac00000|100%| E|CS|TAMS 0x000000008ab00000| PB 0x000000008ab00000| Complete 
| 138|0x000000008ac00000, 0x000000008ad00000, 0x000000008ad00000|100%| E|CS|TAMS 0x000000008ac00000| PB 0x000000008ac00000| Complete 
| 139|0x000000008ad00000, 0x000000008ae00000, 0x000000008ae00000|100%| E|CS|TAMS 0x000000008ad00000| PB 0x000000008ad00000| Complete 
| 140|0x000000008ae00000, 0x000000008af00000, 0x000000008af00000|100%| E|CS|TAMS 0x000000008ae00000| PB 0x000000008ae00000| Complete 
| 141|0x000000008af00000, 0x000000008b000000, 0x000000008b000000|100%| E|CS|TAMS 0x000000008af00000| PB 0x000000008af00000| Complete 
| 142|0x000000008b000000, 0x000000008b100000, 0x000000008b100000|100%| E|CS|TAMS 0x000000008b000000| PB 0x000000008b000000| Complete 
| 143|0x000000008b100000, 0x000000008b200000, 0x000000008b200000|100%| E|CS|TAMS 0x000000008b100000| PB 0x000000008b100000| Complete 
| 144|0x000000008b200000, 0x000000008b300000, 0x000000008b300000|100%| E|CS|TAMS 0x000000008b200000| PB 0x000000008b200000| Complete 
| 145|0x000000008b300000, 0x000000008b400000, 0x000000008b400000|100%| E|CS|TAMS 0x000000008b300000| PB 0x000000008b300000| Complete 
| 146|0x000000008b400000, 0x000000008b500000, 0x000000008b500000|100%| E|CS|TAMS 0x000000008b400000| PB 0x000000008b400000| Complete 
| 147|0x000000008b500000, 0x000000008b600000, 0x000000008b600000|100%| E|CS|TAMS 0x000000008b500000| PB 0x000000008b500000| Complete 
| 148|0x000000008b600000, 0x000000008b700000, 0x000000008b700000|100%| E|CS|TAMS 0x000000008b600000| PB 0x000000008b600000| Complete 
| 149|0x000000008b700000, 0x000000008b800000, 0x000000008b800000|100%| E|CS|TAMS 0x000000008b700000| PB 0x000000008b700000| Complete 
| 150|0x000000008b800000, 0x000000008b900000, 0x000000008b900000|100%| E|CS|TAMS 0x000000008b800000| PB 0x000000008b800000| Complete 
| 151|0x000000008b900000, 0x000000008ba00000, 0x000000008ba00000|100%| E|CS|TAMS 0x000000008b900000| PB 0x000000008b900000| Complete 
| 152|0x000000008ba00000, 0x000000008bb00000, 0x000000008bb00000|100%| E|CS|TAMS 0x000000008ba00000| PB 0x000000008ba00000| Complete 
| 153|0x000000008bb00000, 0x000000008bc00000, 0x000000008bc00000|100%| E|CS|TAMS 0x000000008bb00000| PB 0x000000008bb00000| Complete 
| 154|0x000000008bc00000, 0x000000008bd00000, 0x000000008bd00000|100%| E|CS|TAMS 0x000000008bc00000| PB 0x000000008bc00000| Complete 
| 155|0x000000008bd00000, 0x000000008be00000, 0x000000008be00000|100%| E|CS|TAMS 0x000000008bd00000| PB 0x000000008bd00000| Complete 
| 156|0x000000008be00000, 0x000000008bf00000, 0x000000008bf00000|100%| E|CS|TAMS 0x000000008be00000| PB 0x000000008be00000| Complete 
| 157|0x000000008bf00000, 0x000000008c000000, 0x000000008c000000|100%| E|CS|TAMS 0x000000008bf00000| PB 0x000000008bf00000| Complete 
| 158|0x000000008c000000, 0x000000008c100000, 0x000000008c100000|100%| E|CS|TAMS 0x000000008c000000| PB 0x000000008c000000| Complete 
| 159|0x000000008c100000, 0x000000008c200000, 0x000000008c200000|100%| E|CS|TAMS 0x000000008c100000| PB 0x000000008c100000| Complete 
| 160|0x000000008c200000, 0x000000008c300000, 0x000000008c300000|100%| E|CS|TAMS 0x000000008c200000| PB 0x000000008c200000| Complete 
| 161|0x000000008c300000, 0x000000008c400000, 0x000000008c400000|100%| E|CS|TAMS 0x000000008c300000| PB 0x000000008c300000| Complete 
| 162|0x000000008c400000, 0x000000008c500000, 0x000000008c500000|100%| E|CS|TAMS 0x000000008c400000| PB 0x000000008c400000| Complete 
| 163|0x000000008c500000, 0x000000008c600000, 0x000000008c600000|100%| E|CS|TAMS 0x000000008c500000| PB 0x000000008c500000| Complete 
| 164|0x000000008c600000, 0x000000008c700000, 0x000000008c700000|100%| E|CS|TAMS 0x000000008c600000| PB 0x000000008c600000| Complete 
| 165|0x000000008c700000, 0x000000008c800000, 0x000000008c800000|100%| E|CS|TAMS 0x000000008c700000| PB 0x000000008c700000| Complete 
| 166|0x000000008c800000, 0x000000008c900000, 0x000000008c900000|100%| E|CS|TAMS 0x000000008c800000| PB 0x000000008c800000| Complete 
| 167|0x000000008c900000, 0x000000008ca00000, 0x000000008ca00000|100%| E|CS|TAMS 0x000000008c900000| PB 0x000000008c900000| Complete 
| 168|0x000000008ca00000, 0x000000008cb00000, 0x000000008cb00000|100%| E|CS|TAMS 0x000000008ca00000| PB 0x000000008ca00000| Complete 
| 169|0x000000008cb00000, 0x000000008cc00000, 0x000000008cc00000|100%| E|CS|TAMS 0x000000008cb00000| PB 0x000000008cb00000| Complete 
| 170|0x000000008cc00000, 0x000000008cd00000, 0x000000008cd00000|100%| E|CS|TAMS 0x000000008cc00000| PB 0x000000008cc00000| Complete 
| 171|0x000000008cd00000, 0x000000008ce00000, 0x000000008ce00000|100%| E|CS|TAMS 0x000000008cd00000| PB 0x000000008cd00000| Complete 
| 172|0x000000008ce00000, 0x000000008cf00000, 0x000000008cf00000|100%| E|CS|TAMS 0x000000008ce00000| PB 0x000000008ce00000| Complete 
| 173|0x000000008cf00000, 0x000000008d000000, 0x000000008d000000|100%| E|CS|TAMS 0x000000008cf00000| PB 0x000000008cf00000| Complete 
| 174|0x000000008d000000, 0x000000008d100000, 0x000000008d100000|100%| E|CS|TAMS 0x000000008d000000| PB 0x000000008d000000| Complete 
| 175|0x000000008d100000, 0x000000008d200000, 0x000000008d200000|100%| E|CS|TAMS 0x000000008d100000| PB 0x000000008d100000| Complete 
| 176|0x000000008d200000, 0x000000008d300000, 0x000000008d300000|100%| E|CS|TAMS 0x000000008d200000| PB 0x000000008d200000| Complete 
| 177|0x000000008d300000, 0x000000008d400000, 0x000000008d400000|100%| E|CS|TAMS 0x000000008d300000| PB 0x000000008d300000| Complete 
| 178|0x000000008d400000, 0x000000008d500000, 0x000000008d500000|100%| E|CS|TAMS 0x000000008d400000| PB 0x000000008d400000| Complete 
| 179|0x000000008d500000, 0x000000008d600000, 0x000000008d600000|100%| E|CS|TAMS 0x000000008d500000| PB 0x000000008d500000| Complete 
| 180|0x000000008d600000, 0x000000008d700000, 0x000000008d700000|100%| E|CS|TAMS 0x000000008d600000| PB 0x000000008d600000| Complete 
| 181|0x000000008d700000, 0x000000008d800000, 0x000000008d800000|100%| E|CS|TAMS 0x000000008d700000| PB 0x000000008d700000| Complete 
| 182|0x000000008d800000, 0x000000008d900000, 0x000000008d900000|100%| E|CS|TAMS 0x000000008d800000| PB 0x000000008d800000| Complete 
| 183|0x000000008d900000, 0x000000008da00000, 0x000000008da00000|100%| E|CS|TAMS 0x000000008d900000| PB 0x000000008d900000| Complete 
| 184|0x000000008da00000, 0x000000008db00000, 0x000000008db00000|100%| E|CS|TAMS 0x000000008da00000| PB 0x000000008da00000| Complete 
| 185|0x000000008db00000, 0x000000008dc00000, 0x000000008dc00000|100%| E|CS|TAMS 0x000000008db00000| PB 0x000000008db00000| Complete 
| 186|0x000000008dc00000, 0x000000008dd00000, 0x000000008dd00000|100%| E|CS|TAMS 0x000000008dc00000| PB 0x000000008dc00000| Complete 
| 187|0x000000008dd00000, 0x000000008de00000, 0x000000008de00000|100%| E|CS|TAMS 0x000000008dd00000| PB 0x000000008dd00000| Complete 
| 188|0x000000008de00000, 0x000000008df00000, 0x000000008df00000|100%| E|CS|TAMS 0x000000008de00000| PB 0x000000008de00000| Complete 
| 189|0x000000008df00000, 0x000000008e000000, 0x000000008e000000|100%| E|CS|TAMS 0x000000008df00000| PB 0x000000008df00000| Complete 
| 190|0x000000008e000000, 0x000000008e100000, 0x000000008e100000|100%| E|CS|TAMS 0x000000008e000000| PB 0x000000008e000000| Complete 
| 191|0x000000008e100000, 0x000000008e200000, 0x000000008e200000|100%| E|CS|TAMS 0x000000008e100000| PB 0x000000008e100000| Complete 
| 192|0x000000008e200000, 0x000000008e300000, 0x000000008e300000|100%| E|CS|TAMS 0x000000008e200000| PB 0x000000008e200000| Complete 
| 193|0x000000008e300000, 0x000000008e400000, 0x000000008e400000|100%| E|CS|TAMS 0x000000008e300000| PB 0x000000008e300000| Complete 
| 194|0x000000008e400000, 0x000000008e500000, 0x000000008e500000|100%| E|CS|TAMS 0x000000008e400000| PB 0x000000008e400000| Complete 
| 195|0x000000008e500000, 0x000000008e600000, 0x000000008e600000|100%| E|CS|TAMS 0x000000008e500000| PB 0x000000008e500000| Complete 
| 196|0x000000008e600000, 0x000000008e700000, 0x000000008e700000|100%| E|CS|TAMS 0x000000008e600000| PB 0x000000008e600000| Complete 
| 197|0x000000008e700000, 0x000000008e800000, 0x000000008e800000|100%| E|CS|TAMS 0x000000008e700000| PB 0x000000008e700000| Complete 
| 198|0x000000008e800000, 0x000000008e900000, 0x000000008e900000|100%| E|CS|TAMS 0x000000008e800000| PB 0x000000008e800000| Complete 
| 199|0x000000008e900000, 0x000000008ea00000, 0x000000008ea00000|100%| E|CS|TAMS 0x000000008e900000| PB 0x000000008e900000| Complete 
| 200|0x000000008ea00000, 0x000000008eb00000, 0x000000008eb00000|100%| E|CS|TAMS 0x000000008ea00000| PB 0x000000008ea00000| Complete 
| 201|0x000000008eb00000, 0x000000008ec00000, 0x000000008ec00000|100%| E|CS|TAMS 0x000000008eb00000| PB 0x000000008eb00000| Complete 
| 202|0x000000008ec00000, 0x000000008ed00000, 0x000000008ed00000|100%| E|CS|TAMS 0x000000008ec00000| PB 0x000000008ec00000| Complete 
| 203|0x000000008ed00000, 0x000000008ee00000, 0x000000008ee00000|100%| E|CS|TAMS 0x000000008ed00000| PB 0x000000008ed00000| Complete 
| 204|0x000000008ee00000, 0x000000008ef00000, 0x000000008ef00000|100%| E|CS|TAMS 0x000000008ee00000| PB 0x000000008ee00000| Complete 
| 205|0x000000008ef00000, 0x000000008f000000, 0x000000008f000000|100%| E|CS|TAMS 0x000000008ef00000| PB 0x000000008ef00000| Complete 
| 206|0x000000008f000000, 0x000000008f100000, 0x000000008f100000|100%| E|CS|TAMS 0x000000008f000000| PB 0x000000008f000000| Complete 
| 207|0x000000008f100000, 0x000000008f200000, 0x000000008f200000|100%| E|CS|TAMS 0x000000008f100000| PB 0x000000008f100000| Complete 
| 208|0x000000008f200000, 0x000000008f300000, 0x000000008f300000|100%| E|CS|TAMS 0x000000008f200000| PB 0x000000008f200000| Complete 
| 209|0x000000008f300000, 0x000000008f400000, 0x000000008f400000|100%| E|CS|TAMS 0x000000008f300000| PB 0x000000008f300000| Complete 
| 210|0x000000008f400000, 0x000000008f500000, 0x000000008f500000|100%| E|CS|TAMS 0x000000008f400000| PB 0x000000008f400000| Complete 
| 211|0x000000008f500000, 0x000000008f600000, 0x000000008f600000|100%| E|CS|TAMS 0x000000008f500000| PB 0x000000008f500000| Complete 
| 212|0x000000008f600000, 0x000000008f700000, 0x000000008f700000|100%| E|CS|TAMS 0x000000008f600000| PB 0x000000008f600000| Complete 
| 213|0x000000008f700000, 0x000000008f800000, 0x000000008f800000|100%| E|CS|TAMS 0x000000008f700000| PB 0x000000008f700000| Complete 
| 214|0x000000008f800000, 0x000000008f900000, 0x000000008f900000|100%| E|CS|TAMS 0x000000008f800000| PB 0x000000008f800000| Complete 
| 215|0x000000008f900000, 0x000000008fa00000, 0x000000008fa00000|100%| E|CS|TAMS 0x000000008f900000| PB 0x000000008f900000| Complete 
| 216|0x000000008fa00000, 0x000000008fb00000, 0x000000008fb00000|100%| E|CS|TAMS 0x000000008fa00000| PB 0x000000008fa00000| Complete 
| 217|0x000000008fb00000, 0x000000008fc00000, 0x000000008fc00000|100%| E|CS|TAMS 0x000000008fb00000| PB 0x000000008fb00000| Complete 
| 218|0x000000008fc00000, 0x000000008fd00000, 0x000000008fd00000|100%| E|CS|TAMS 0x000000008fc00000| PB 0x000000008fc00000| Complete 
| 219|0x000000008fd00000, 0x000000008fe00000, 0x000000008fe00000|100%| E|CS|TAMS 0x000000008fd00000| PB 0x000000008fd00000| Complete 
| 220|0x000000008fe00000, 0x000000008ff00000, 0x000000008ff00000|100%| E|CS|TAMS 0x000000008fe00000| PB 0x000000008fe00000| Complete 

Card table byte_map: [0x000001db7ea00000,0x000001db7edf0000] _byte_map_base: 0x000001db7e5ef000

Marking Bits: (CMBitMap*) 0x000001db7e283960
 Bits: [0x000001db128f0000, 0x000001db14868000)

Polling page: 0x000001db7c0a0000

Metaspace:

Usage:
  Non-class:      8.52 MB used.
      Class:    714.38 KB used.
       Both:      9.22 MB used.

Virtual space:
  Non-class space:       64.00 MB reserved,       8.75 MB ( 14%) committed,  1 nodes.
      Class space:        1.00 GB reserved,     896.00 KB ( <1%) committed,  1 nodes.
             Both:        1.06 GB reserved,       9.62 MB ( <1%) committed. 

Chunk freelists:
   Non-Class:  6.48 MB
       Class:  15.05 MB
        Both:  21.53 MB

MaxMetaspaceSize: unlimited
CompressedClassSpaceSize: 1.00 GB
Initial GC threshold: 21.00 MB
Current GC threshold: 21.00 MB
CDS: on
 - commit_granule_bytes: 65536.
 - commit_granule_words: 8192.
 - virtual_space_node_default_size: 8388608.
 - enlarge_chunks_in_place: 1.
 - use_allocation_guard: 0.


Internal statistics:

num_allocs_failed_limit: 0.
num_arena_births: 502.
num_arena_deaths: 0.
num_vsnodes_births: 2.
num_vsnodes_deaths: 0.
num_space_committed: 152.
num_space_uncommitted: 0.
num_chunks_returned_to_freelist: 0.
num_chunks_taken_from_freelist: 784.
num_chunk_merges: 0.
num_chunk_splits: 444.
num_chunks_enlarged: 157.
num_inconsistent_stats: 0.

CodeHeap 'non-profiled nmethods': size=120000Kb used=2138Kb max_used=2138Kb free=117861Kb
 bounds [0x000001db0b3c0000, 0x000001db0b630000, 0x000001db128f0000]
CodeHeap 'profiled nmethods': size=120000Kb used=5468Kb max_used=5468Kb free=114531Kb
 bounds [0x000001db038f0000, 0x000001db03e50000, 0x000001db0ae20000]
CodeHeap 'non-nmethods': size=5760Kb used=2130Kb max_used=2195Kb free=3629Kb
 bounds [0x000001db0ae20000, 0x000001db0b090000, 0x000001db0b3c0000]
CodeCache: size=245760Kb, used=9736Kb, max_used=9801Kb, free=236021Kb
 total_blobs=4189, nmethods=2915, adapters=1179, full_count=0
Compilation: enabled, stopped_count=0, restarted_count=0

Compilation events (20 events):
Event: 72.989 Thread 0x000001db7f84ca30 nmethod 2904 0x000001db03e43a10 code [0x000001db03e43bc0, 0x000001db03e43d58]
Event: 72.989 Thread 0x000001db7f84ca30 2905       3       world.Tile::cleanup (104 bytes)
Event: 72.990 Thread 0x000001db7f84ca30 nmethod 2905 0x000001db03e43e10 code [0x000001db03e440a0, 0x000001db03e44c30]
Event: 72.993 Thread 0x000001db7f84ca30 2906       3       java.util.HashMap$Values::iterator (12 bytes)
Event: 72.993 Thread 0x000001db7f84ca30 nmethod 2906 0x000001db03e45010 code [0x000001db03e451c0, 0x000001db03e453c8]
Event: 72.993 Thread 0x000001db7f84ca30 2907       3       java.util.HashMap$ValueIterator::<init> (6 bytes)
Event: 72.993 Thread 0x000001db7f84ca30 nmethod 2907 0x000001db03e45490 code [0x000001db03e45640, 0x000001db03e45778]
Event: 72.994 Thread 0x000001db7f84ca30 2908       3       java.util.HashMap::values (25 bytes)
Event: 72.994 Thread 0x000001db7f84ca30 nmethod 2908 0x000001db03e45810 code [0x000001db03e459e0, 0x000001db03e45d50]
Event: 73.000 Thread 0x000001db7f84ca30 2909       3       java.util.HashMap::clear (50 bytes)
Event: 73.001 Thread 0x000001db7f84ca30 nmethod 2909 0x000001db03e45e90 code [0x000001db03e46040, 0x000001db03e463f0]
Event: 73.005 Thread 0x000001db7f847bc0 2910       4       world.Tile::cleanup (104 bytes)
Event: 73.022 Thread 0x000001db7f847bc0 nmethod 2910 0x000001db0b5d4290 code [0x000001db0b5d44e0, 0x000001db0b5d4d10]
Event: 73.035 Thread 0x000001db7f847bc0 2911       4       java.util.zip.ZipFile::ensureOpen (40 bytes)
Event: 73.036 Thread 0x000001db7f847bc0 nmethod 2911 0x000001db0b5d5490 code [0x000001db0b5d5620, 0x000001db0b5d5700]
Event: 73.406 Thread 0x000001db7f847bc0 2912       4       java.lang.String::startsWith (123 bytes)
Event: 73.406 Thread 0x000001db7f84ca30 2913       3       jdk.internal.loader.ClassLoaders$AppClassLoader::loadClass (40 bytes)
Event: 73.407 Thread 0x000001db7f84ca30 nmethod 2913 0x000001db03e46510 code [0x000001db03e466e0, 0x000001db03e46ad0]
Event: 73.407 Thread 0x000001db7f84ca30 2914       3       java.io.FilterInputStream::<init> (10 bytes)
Event: 73.407 Thread 0x000001db7f84ca30 nmethod 2914 0x000001db03e46c90 code [0x000001db03e46e40, 0x000001db03e47068]

GC Heap History (20 events):
Event: 43.534 GC heap before
{Heap before GC invocations=14 (full 0):
 garbage-first heap   total 155648K, used 98574K [0x0000000082200000, 0x0000000100000000)
  region size 1024K, 91 young (93184K), 3 survivors (3072K)
 Metaspace       used 8813K, committed 9152K, reserved 1114112K
  class space    used 692K, committed 832K, reserved 1048576K
}
Event: 43.537 GC heap after
{Heap after GC invocations=15 (full 0):
 garbage-first heap   total 155648K, used 8611K [0x0000000082200000, 0x0000000100000000)
  region size 1024K, 3 young (3072K), 3 survivors (3072K)
 Metaspace       used 8813K, committed 9152K, reserved 1114112K
  class space    used 692K, committed 832K, reserved 1048576K
}
Event: 43.616 GC heap before
{Heap before GC invocations=15 (full 0):
 garbage-first heap   total 155648K, used 98723K [0x0000000082200000, 0x0000000100000000)
  region size 1024K, 91 young (93184K), 3 survivors (3072K)
 Metaspace       used 8814K, committed 9152K, reserved 1114112K
  class space    used 692K, committed 832K, reserved 1048576K
}
Event: 43.619 GC heap after
{Heap after GC invocations=16 (full 0):
 garbage-first heap   total 188416K, used 8614K [0x0000000082200000, 0x0000000100000000)
  region size 1024K, 3 young (3072K), 3 survivors (3072K)
 Metaspace       used 8814K, committed 9152K, reserved 1114112K
  class space    used 692K, committed 832K, reserved 1048576K
}
Event: 43.740 GC heap before
{Heap before GC invocations=16 (full 0):
 garbage-first heap   total 188416K, used 118182K [0x0000000082200000, 0x0000000100000000)
  region size 1024K, 110 young (112640K), 3 survivors (3072K)
 Metaspace       used 8815K, committed 9152K, reserved 1114112K
  class space    used 692K, committed 832K, reserved 1048576K
}
Event: 43.743 GC heap after
{Heap after GC invocations=17 (full 0):
 garbage-first heap   total 188416K, used 8621K [0x0000000082200000, 0x0000000100000000)
  region size 1024K, 3 young (3072K), 3 survivors (3072K)
 Metaspace       used 8815K, committed 9152K, reserved 1114112K
  class space    used 692K, committed 832K, reserved 1048576K
}
Event: 43.840 GC heap before
{Heap before GC invocations=17 (full 0):
 garbage-first heap   total 188416K, used 118189K [0x0000000082200000, 0x0000000100000000)
  region size 1024K, 110 young (112640K), 3 survivors (3072K)
 Metaspace       used 8816K, committed 9152K, reserved 1114112K
  class space    used 692K, committed 832K, reserved 1048576K
}
Event: 43.842 GC heap after
{Heap after GC invocations=18 (full 0):
 garbage-first heap   total 188416K, used 8457K [0x0000000082200000, 0x0000000100000000)
  region size 1024K, 3 young (3072K), 3 survivors (3072K)
 Metaspace       used 8816K, committed 9152K, reserved 1114112K
  class space    used 692K, committed 832K, reserved 1048576K
}
Event: 43.935 GC heap before
{Heap before GC invocations=18 (full 0):
 garbage-first heap   total 188416K, used 118025K [0x0000000082200000, 0x0000000100000000)
  region size 1024K, 110 young (112640K), 3 survivors (3072K)
 Metaspace       used 8816K, committed 9152K, reserved 1114112K
  class space    used 692K, committed 832K, reserved 1048576K
}
Event: 43.937 GC heap after
{Heap after GC invocations=19 (full 0):
 garbage-first heap   total 188416K, used 8680K [0x0000000082200000, 0x0000000100000000)
  region size 1024K, 3 young (3072K), 3 survivors (3072K)
 Metaspace       used 8816K, committed 9152K, reserved 1114112K
  class space    used 692K, committed 832K, reserved 1048576K
}
Event: 44.031 GC heap before
{Heap before GC invocations=19 (full 0):
 garbage-first heap   total 188416K, used 118248K [0x0000000082200000, 0x0000000100000000)
  region size 1024K, 110 young (112640K), 3 survivors (3072K)
 Metaspace       used 8817K, committed 9152K, reserved 1114112K
  class space    used 692K, committed 832K, reserved 1048576K
}
Event: 44.034 GC heap after
{Heap after GC invocations=20 (full 0):
 garbage-first heap   total 226304K, used 8708K [0x0000000082200000, 0x0000000100000000)
  region size 1024K, 1 young (1024K), 1 survivors (1024K)
 Metaspace       used 8817K, committed 9152K, reserved 1114112K
  class space    used 692K, committed 832K, reserved 1048576K
}
Event: 44.178 GC heap before
{Heap before GC invocations=20 (full 0):
 garbage-first heap   total 226304K, used 142852K [0x0000000082200000, 0x0000000100000000)
  region size 1024K, 132 young (135168K), 1 survivors (1024K)
 Metaspace       used 8817K, committed 9152K, reserved 1114112K
  class space    used 692K, committed 832K, reserved 1048576K
}
Event: 44.179 GC heap after
{Heap after GC invocations=21 (full 0):
 garbage-first heap   total 226304K, used 8466K [0x0000000082200000, 0x0000000100000000)
  region size 1024K, 1 young (1024K), 1 survivors (1024K)
 Metaspace       used 8817K, committed 9152K, reserved 1114112K
  class space    used 692K, committed 832K, reserved 1048576K
}
Event: 44.313 GC heap before
{Heap before GC invocations=21 (full 0):
 garbage-first heap   total 226304K, used 142610K [0x0000000082200000, 0x0000000100000000)
  region size 1024K, 132 young (135168K), 1 survivors (1024K)
 Metaspace       used 8818K, committed 9152K, reserved 1114112K
  class space    used 692K, committed 832K, reserved 1048576K
}
Event: 44.313 GC heap after
{Heap after GC invocations=22 (full 0):
 garbage-first heap   total 226304K, used 8508K [0x0000000082200000, 0x0000000100000000)
  region size 1024K, 1 young (1024K), 1 survivors (1024K)
 Metaspace       used 8818K, committed 9152K, reserved 1114112K
  class space    used 692K, committed 832K, reserved 1048576K
}
Event: 44.434 GC heap before
{Heap before GC invocations=22 (full 0):
 garbage-first heap   total 226304K, used 142652K [0x0000000082200000, 0x0000000100000000)
  region size 1024K, 132 young (135168K), 1 survivors (1024K)
 Metaspace       used 8826K, committed 9152K, reserved 1114112K
  class space    used 692K, committed 832K, reserved 1048576K
}
Event: 44.434 GC heap after
{Heap after GC invocations=23 (full 0):
 garbage-first heap   total 226304K, used 8555K [0x0000000082200000, 0x0000000100000000)
  region size 1024K, 1 young (1024K), 1 survivors (1024K)
 Metaspace       used 8826K, committed 9152K, reserved 1114112K
  class space    used 692K, committed 832K, reserved 1048576K
}
Event: 54.097 GC heap before
{Heap before GC invocations=23 (full 0):
 garbage-first heap   total 226304K, used 142699K [0x0000000082200000, 0x0000000100000000)
  region size 1024K, 132 young (135168K), 1 survivors (1024K)
 Metaspace       used 9341K, committed 9728K, reserved 1114112K
  class space    used 700K, committed 832K, reserved 1048576K
}
Event: 54.099 GC heap after
{Heap after GC invocations=24 (full 0):
 garbage-first heap   total 226304K, used 8945K [0x0000000082200000, 0x0000000100000000)
  region size 1024K, 1 young (1024K), 1 survivors (1024K)
 Metaspace       used 9341K, committed 9728K, reserved 1114112K
  class space    used 700K, committed 832K, reserved 1048576K
}

Dll operation events (13 events):
Event: 0.011 Loaded shared library C:\Users\Felhasználó\.p2\pool\plugins\org.eclipse.justj.openjdk.hotspot.jre.full.win32.x86_64_21.0.10.v20260205-0638\jre\bin\java.dll
Event: 0.052 Loaded shared library C:\Users\Felhasználó\.p2\pool\plugins\org.eclipse.justj.openjdk.hotspot.jre.full.win32.x86_64_21.0.10.v20260205-0638\jre\bin\zip.dll
Event: 0.212 Loaded shared library C:\Users\Felhasználó\.p2\pool\plugins\org.eclipse.justj.openjdk.hotspot.jre.full.win32.x86_64_21.0.10.v20260205-0638\jre\bin\net.dll
Event: 0.215 Loaded shared library C:\Users\Felhasználó\.p2\pool\plugins\org.eclipse.justj.openjdk.hotspot.jre.full.win32.x86_64_21.0.10.v20260205-0638\jre\bin\nio.dll
Event: 0.224 Loaded shared library C:\Users\Felhasználó\.p2\pool\plugins\org.eclipse.justj.openjdk.hotspot.jre.full.win32.x86_64_21.0.10.v20260205-0638\jre\bin\zip.dll
Event: 0.367 Loaded shared library C:\Users\Felhasználó\.p2\pool\plugins\org.eclipse.justj.openjdk.hotspot.jre.full.win32.x86_64_21.0.10.v20260205-0638\jre\bin\jimage.dll
Event: 0.552 Loaded shared library C:\Users\Felhasználó\AppData\Local\Temp\lwjgl_Felhasználó\3.3.6+1\x64\lwjgl.dll
Event: 0.998 Loaded shared library C:\Users\Felhasználó\AppData\Local\Temp\lwjgl_Felhasználó\3.3.6+1\x64\lwjgl_opengl.dll
Event: 1.234 Loaded shared library C:\Users\Felhasználó\AppData\Local\Temp\lwjgl_Felhasználó\3.3.6+1\x64\lwjgl_stb.dll
Event: 1.283 Loaded shared library C:\Users\Felhasználó\.p2\pool\plugins\org.eclipse.justj.openjdk.hotspot.jre.full.win32.x86_64_21.0.10.v20260205-0638\jre\bin\awt.dll
Event: 1.411 Loaded shared library C:\Users\Felhasználó\.p2\pool\plugins\org.eclipse.justj.openjdk.hotspot.jre.full.win32.x86_64_21.0.10.v20260205-0638\jre\bin\freetype.dll
Event: 1.414 Loaded shared library C:\Users\Felhasználó\.p2\pool\plugins\org.eclipse.justj.openjdk.hotspot.jre.full.win32.x86_64_21.0.10.v20260205-0638\jre\bin\fontmanager.dll
Event: 34.845 Loaded shared library C:\Users\Felhasználó\.p2\pool\plugins\org.eclipse.justj.openjdk.hotspot.jre.full.win32.x86_64_21.0.10.v20260205-0638\jre\bin\extnet.dll

Deoptimization events (20 events):
Event: 69.486 Thread 0x000001db7e22d2f0 DEOPT PACKING pc=0x000001db0b4fa270 sp=0x000000b2280fddf0
Event: 69.486 Thread 0x000001db7e22d2f0 DEOPT UNPACKING pc=0x000001db0ae74422 sp=0x000000b2280fdd80 mode 2
Event: 71.688 Thread 0x000001db7e22d2f0 DEOPT PACKING pc=0x000001db03e06e48 sp=0x000000b2280fddb0
Event: 71.688 Thread 0x000001db7e22d2f0 DEOPT UNPACKING pc=0x000001db0ae74bc2 sp=0x000000b2280fd340 mode 0
Event: 71.756 Thread 0x000001db7e22d2f0 Uncommon trap: trap_request=0xffffff45 fr.pc=0x000001db0b52e118 relative=0x0000000000000358
Event: 71.756 Thread 0x000001db7e22d2f0 Uncommon trap: reason=unstable_if action=reinterpret pc=0x000001db0b52e118 method=java.util.HashMap$HashIterator.<init>(Ljava/util/HashMap;)V @ 45 c2
Event: 71.756 Thread 0x000001db7e22d2f0 DEOPT PACKING pc=0x000001db0b52e118 sp=0x000000b2280fdc80
Event: 71.756 Thread 0x000001db7e22d2f0 DEOPT UNPACKING pc=0x000001db0ae74422 sp=0x000000b2280fdc38 mode 2
Event: 71.757 Thread 0x000001db7e22d2f0 Uncommon trap: trap_request=0xffffff45 fr.pc=0x000001db0b59e5a0 relative=0x0000000000000260
Event: 71.757 Thread 0x000001db7e22d2f0 Uncommon trap: reason=unstable_if action=reinterpret pc=0x000001db0b59e5a0 method=java.util.HashMap$HashIterator.<init>(Ljava/util/HashMap;)V @ 45 c2
Event: 71.757 Thread 0x000001db7e22d2f0 DEOPT PACKING pc=0x000001db0b59e5a0 sp=0x000000b2280fdef0
Event: 71.757 Thread 0x000001db7e22d2f0 DEOPT UNPACKING pc=0x000001db0ae74422 sp=0x000000b2280fddd8 mode 2
Event: 72.308 Thread 0x000001db7e22d2f0 Uncommon trap: trap_request=0xffffff45 fr.pc=0x000001db0b5c37dc relative=0x00000000000060bc
Event: 72.308 Thread 0x000001db7e22d2f0 Uncommon trap: reason=unstable_if action=reinterpret pc=0x000001db0b5c37dc method=java.util.HashMap$HashIterator.<init>(Ljava/util/HashMap;)V @ 45 c2
Event: 72.308 Thread 0x000001db7e22d2f0 DEOPT PACKING pc=0x000001db0b5c37dc sp=0x000000b2280fded0
Event: 72.308 Thread 0x000001db7e22d2f0 DEOPT UNPACKING pc=0x000001db0ae74422 sp=0x000000b2280fdc58 mode 2
Event: 72.988 Thread 0x000001db7e22d2f0 Uncommon trap: trap_request=0xffffff45 fr.pc=0x000001db0b567a90 relative=0x0000000000000070
Event: 72.988 Thread 0x000001db7e22d2f0 Uncommon trap: reason=unstable_if action=reinterpret pc=0x000001db0b567a90 method=java.util.HashMap.values()Ljava/util/Collection; @ 6 c2
Event: 72.988 Thread 0x000001db7e22d2f0 DEOPT PACKING pc=0x000001db0b567a90 sp=0x000000b2280fdfe0
Event: 72.988 Thread 0x000001db7e22d2f0 DEOPT UNPACKING pc=0x000001db0ae74422 sp=0x000000b2280fdf78 mode 2

Classes loaded (20 events):
Event: 41.690 Loading class jdk/internal/jimage/decompressor/ResourceDecompressor done
Event: 41.690 Loading class jdk/internal/jimage/decompressor/ZipDecompressor done
Event: 41.691 Loading class sun/net/www/protocol/jrt/Handler
Event: 41.691 Loading class sun/net/www/protocol/jrt/Handler done
Event: 41.698 Loading class sun/text/resources/cldr/FormatData_en
Event: 41.699 Loading class sun/text/resources/cldr/FormatData_en done
Event: 41.699 Loading class sun/text/resources/cldr/FormatData_en_US
Event: 41.699 Loading class sun/text/resources/cldr/FormatData_en_US done
Event: 41.704 Loading class jdk/internal/math/FormattedFPDecimal
Event: 41.704 Loading class jdk/internal/math/FormattedFPDecimal done
Event: 43.222 Loading class sun/util/resources/LocaleData$CommonResourceBundleProvider
Event: 43.222 Loading class sun/util/resources/LocaleData$LocaleDataResourceBundleProvider
Event: 43.222 Loading class java/util/spi/ResourceBundleProvider
Event: 43.222 Loading class java/util/spi/ResourceBundleProvider done
Event: 43.222 Loading class sun/util/resources/LocaleData$LocaleDataResourceBundleProvider done
Event: 43.222 Loading class sun/util/resources/LocaleData$CommonResourceBundleProvider done
Event: 43.222 Loading class sun/util/resources/Bundles$2
Event: 43.222 Loading class sun/util/resources/Bundles$2 done
Event: 65.282 Loading class java/lang/Math$RandomNumberGeneratorHolder
Event: 65.282 Loading class java/lang/Math$RandomNumberGeneratorHolder done

Classes unloaded (0 events):
No events

Classes redefined (0 events):
No events

Internal exceptions (20 events):
Event: 0.995 Thread 0x000001db7e22d2f0 Exception <a 'sun/nio/fs/WindowsException'{0x0000000089499eb8}> (0x0000000089499eb8) 
thrown [s\src\hotspot\share\prims\jni.cpp, line 520]
Event: 0.996 Thread 0x000001db7e22d2f0 Exception <a 'sun/nio/fs/WindowsException'{0x000000008949a290}> (0x000000008949a290) 
thrown [s\src\hotspot\share\prims\jni.cpp, line 520]
Event: 1.005 Thread 0x000001db7e22d2f0 Exception <a 'sun/nio/fs/WindowsException'{0x00000000894ae6a8}> (0x00000000894ae6a8) 
thrown [s\src\hotspot\share\prims\jni.cpp, line 520]
Event: 1.005 Thread 0x000001db7e22d2f0 Exception <a 'sun/nio/fs/WindowsException'{0x00000000894ae9b8}> (0x00000000894ae9b8) 
thrown [s\src\hotspot\share\prims\jni.cpp, line 520]
Event: 1.217 Thread 0x000001db7e22d2f0 Exception <a 'java/lang/NoSuchMethodError'{0x000000008922c998}: 'void java.lang.System.load(java.lang.String, java.lang.Class)'> (0x000000008922c998) 
thrown [s\src\hotspot\share\interpreter\linkResolver.cpp, line 773]
Event: 1.218 Thread 0x000001db7e22d2f0 Exception <a 'java/lang/NoSuchMethodError'{0x000000008922f3c8}: 'void java.lang.System.loadLibrary(java.lang.String, java.lang.Class)'> (0x000000008922f3c8) 
thrown [s\src\hotspot\share\interpreter\linkResolver.cpp, line 773]
Event: 1.231 Thread 0x000001db7e22d2f0 Exception <a 'sun/nio/fs/WindowsException'{0x0000000089244170}> (0x0000000089244170) 
thrown [s\src\hotspot\share\prims\jni.cpp, line 520]
Event: 1.231 Thread 0x000001db7e22d2f0 Exception <a 'sun/nio/fs/WindowsException'{0x0000000089244520}> (0x0000000089244520) 
thrown [s\src\hotspot\share\prims\jni.cpp, line 520]
Event: 1.265 Thread 0x000001db7e22d2f0 Exception <a 'java/lang/ClassNotFoundException'{0x000000008925e108}: sun/awt/resources/spi/awtProvider> (0x000000008925e108) 
thrown [s\src\hotspot\share\classfile\systemDictionary.cpp, line 312]
Event: 1.302 Thread 0x000001db7e22d2f0 Exception <a 'java/io/FileNotFoundException'{0x00000000892af138}> (0x00000000892af138) 
thrown [s\src\hotspot\share\prims\jni.cpp, line 520]
Event: 1.317 Thread 0x000001db7e22d2f0 Exception <a 'java/io/FileNotFoundException'{0x00000000892d9930}> (0x00000000892d9930) 
thrown [s\src\hotspot\share\prims\jni.cpp, line 520]
Event: 40.854 Thread 0x000001db7e22d2f0 Exception <a 'java/lang/NoSuchMethodError'{0x000000008915ffa0}: 'void java.lang.invoke.DirectMethodHandle$Holder.invokeStatic(java.lang.Object, java.lang.Object, java.lang.Object)'> (0x000000008915ffa0) 
thrown [s\src\hotspot\share\interpreter\linkResolver.cpp, line 773]
Event: 40.856 Thread 0x000001db65de0730 Implicit null exception at 0x000001db0b438487 to 0x000001db0b438578
Event: 40.972 Thread 0x000001db7e22d2f0 Exception <a 'java/lang/NoSuchMethodError'{0x000000008901c710}: 'java.lang.Object java.lang.invoke.DirectMethodHandle$Holder.invokeSpecial(java.lang.Object, java.lang.Object, java.lang.Object, java.lang.Object, int)'> (0x000000008901c710) 
thrown [s\src\hotspot\share\interpreter\linkResolver.cpp, line 773]
Event: 40.973 Thread 0x000001db7e22d2f0 Exception <a 'java/lang/NoSuchMethodError'{0x000000008901fbb8}: 'java.lang.Object java.lang.invoke.Invokers$Holder.linkToTargetMethod(java.lang.Object, java.lang.Object, int, java.lang.Object)'> (0x000000008901fbb8) 
thrown [s\src\hotspot\share\interpreter\linkResolver.cpp, line 773]
Event: 41.618 Thread 0x000001db7e22d2f0 Exception <a 'java/lang/NoSuchMethodError'{0x0000000088df0fd8}: 'java.lang.Object java.lang.invoke.Invokers$Holder.invokeExact_MT(java.lang.Object, java.lang.Object, java.lang.Object, java.lang.Object, java.lang.Object, java.lang.Object)'> (0x0000000088df0fd8) 
thrown [s\src\hotspot\share\interpreter\linkResolver.cpp, line 773]
Event: 41.630 Thread 0x000001db7e22d2f0 Exception <a 'java/lang/NoSuchMethodError'{0x0000000088c31188}: 'java.lang.Object java.lang.invoke.Invokers$Holder.linkToTargetMethod(int, int, int, int, java.lang.Object)'> (0x0000000088c31188) 
thrown [s\src\hotspot\share\interpreter\linkResolver.cpp, line 773]
Event: 41.639 Thread 0x000001db7e22d2f0 Exception <a 'java/lang/NoSuchMethodError'{0x0000000088ca64d0}: 'java.lang.Object java.lang.invoke.DirectMethodHandle$Holder.invokeSpecial(java.lang.Object, java.lang.Object, java.lang.Object, int, int)'> (0x0000000088ca64d0) 
thrown [s\src\hotspot\share\interpreter\linkResolver.cpp, line 773]
Event: 41.683 Thread 0x000001db7e22d2f0 Exception <a 'java/lang/NoSuchMethodError'{0x0000000088a8e3f0}: 'java.lang.Object java.lang.invoke.DirectMethodHandle$Holder.invokeSpecial(java.lang.Object, java.lang.Object, int, float)'> (0x0000000088a8e3f0) 
thrown [s\src\hotspot\share\interpreter\linkResolver.cpp, line 773]
Event: 66.572 Thread 0x000001db7e22d2f0 Exception <a 'java/lang/NoSuchMethodError'{0x000000008bf831d0}: 'java.lang.Object java.lang.invoke.DirectMethodHandle$Holder.invokeSpecial(java.lang.Object, java.lang.Object, int, java.lang.Object, float)'> (0x000000008bf831d0) 
thrown [s\src\hotspot\share\interpreter\linkResolver.cpp, line 773]

ZGC Phase Switch (0 events):
No events

VM Operations (20 events):
Event: 60.108 Executing non-safepoint VM operation: RendezvousGCThreads
Event: 60.108 Executing non-safepoint VM operation: RendezvousGCThreads done
Event: 61.111 Executing safepoint VM operation: Cleanup
Event: 61.111 Executing safepoint VM operation: Cleanup done
Event: 62.119 Executing safepoint VM operation: Cleanup
Event: 62.119 Executing safepoint VM operation: Cleanup done
Event: 65.134 Executing safepoint VM operation: Cleanup
Event: 65.134 Executing safepoint VM operation: Cleanup done
Event: 66.142 Executing safepoint VM operation: Cleanup
Event: 66.142 Executing safepoint VM operation: Cleanup done
Event: 67.144 Executing safepoint VM operation: Cleanup
Event: 67.144 Executing safepoint VM operation: Cleanup done
Event: 68.147 Executing safepoint VM operation: Cleanup
Event: 68.147 Executing safepoint VM operation: Cleanup done
Event: 69.147 Executing safepoint VM operation: Cleanup
Event: 69.147 Executing safepoint VM operation: Cleanup done
Event: 72.167 Executing safepoint VM operation: Cleanup
Event: 72.168 Executing safepoint VM operation: Cleanup done
Event: 73.173 Executing safepoint VM operation: Cleanup
Event: 73.173 Executing safepoint VM operation: Cleanup done

Memory protections (0 events):
No events

Nmethod flushes (0 events):
No events

Events (20 events):
Event: 1.783 Thread 0x000001db16ac3050 Thread exited: 0x000001db16ac3050
Event: 2.454 Thread 0x000001db65982c20 Thread exited: 0x000001db65982c20
Event: 18.681 Thread 0x000001db7f84ca30 Thread added: 0x000001db75e87800
Event: 18.685 Thread 0x000001db7f84ca30 Thread added: 0x000001db661b15a0
Event: 18.912 Thread 0x000001db661b15a0 Thread exited: 0x000001db661b15a0
Event: 18.928 Thread 0x000001db75e87800 Thread exited: 0x000001db75e87800
Event: 29.801 Thread 0x000001db7f84ca30 Thread added: 0x000001db6e1b48e0
Event: 29.944 Thread 0x000001db6e1b48e0 Thread exited: 0x000001db6e1b48e0
Event: 40.856 Thread 0x000001db7e22d2f0 Thread added: 0x000001db65de0730
Event: 40.856 Thread 0x000001db7e22d2f0 Thread added: 0x000001db665fe950
Event: 41.611 Thread 0x000001db7f847bc0 Thread added: 0x000001db6e3661d0
Event: 41.956 Thread 0x000001db6e3661d0 Thread exited: 0x000001db6e3661d0
Event: 41.964 Thread 0x000001db7f84ca30 Thread added: 0x000001db6e363fc0
Event: 42.165 Thread 0x000001db6e363fc0 Thread exited: 0x000001db6e363fc0
Event: 45.880 Thread 0x000001db7f84ca30 Thread added: 0x000001db6e365430
Event: 46.322 Thread 0x000001db6e365430 Thread exited: 0x000001db6e365430
Event: 46.390 Thread 0x000001db7f84ca30 Thread added: 0x000001db7a9f94d0
Event: 47.249 Thread 0x000001db7a9f94d0 Thread exited: 0x000001db7a9f94d0
Event: 53.443 Thread 0x000001db7f847bc0 Thread added: 0x000001db7a9f8060
Event: 53.740 Thread 0x000001db7a9f8060 Thread exited: 0x000001db7a9f8060


Dynamic libraries:
0x00007ff74fce0000 - 0x00007ff74fcee000 	C:\Users\Felhasználó\.p2\pool\plugins\org.eclipse.justj.openjdk.hotspot.jre.full.win32.x86_64_21.0.10.v20260205-0638\jre\bin\javaw.exe
0x00007ffd34650000 - 0x00007ffd34848000 	C:\WINDOWS\SYSTEM32\ntdll.dll
0x00007ffd32950000 - 0x00007ffd32a12000 	C:\WINDOWS\System32\KERNEL32.DLL
0x00007ffd31d10000 - 0x00007ffd32006000 	C:\WINDOWS\System32\KERNELBASE.dll
0x00007ffd32330000 - 0x00007ffd32430000 	C:\WINDOWS\System32\ucrtbase.dll
0x00007ffd2c140000 - 0x00007ffd2c158000 	C:\Users\Felhasználó\.p2\pool\plugins\org.eclipse.justj.openjdk.hotspot.jre.full.win32.x86_64_21.0.10.v20260205-0638\jre\bin\jli.dll
0x00007ffd330e0000 - 0x00007ffd33281000 	C:\WINDOWS\System32\USER32.dll
0x00007ffd31ce0000 - 0x00007ffd31d02000 	C:\WINDOWS\System32\win32u.dll
0x00007ffd32920000 - 0x00007ffd3294b000 	C:\WINDOWS\System32\GDI32.dll
0x00007ffd32160000 - 0x00007ffd32279000 	C:\WINDOWS\System32\gdi32full.dll
0x00007ffd32010000 - 0x00007ffd320ad000 	C:\WINDOWS\System32\msvcp_win.dll
0x00007ffd2cfd0000 - 0x00007ffd2cfee000 	C:\Users\Felhasználó\.p2\pool\plugins\org.eclipse.justj.openjdk.hotspot.jre.full.win32.x86_64_21.0.10.v20260205-0638\jre\bin\VCRUNTIME140.dll
0x00007ffd1ab10000 - 0x00007ffd1adab000 	C:\WINDOWS\WinSxS\amd64_microsoft.windows.common-controls_6595b64144ccf1df_6.0.19041.6456_none_60b8a6cb71f64256\COMCTL32.dll
0x00007ffd33b10000 - 0x00007ffd33bae000 	C:\WINDOWS\System32\msvcrt.dll
0x00007ffd33d90000 - 0x00007ffd33dbf000 	C:\WINDOWS\System32\IMM32.DLL
0x00007ffd2eff0000 - 0x00007ffd2effc000 	C:\Users\Felhasználó\.p2\pool\plugins\org.eclipse.justj.openjdk.hotspot.jre.full.win32.x86_64_21.0.10.v20260205-0638\jre\bin\vcruntime140_1.dll
0x00007ffd1dc40000 - 0x00007ffd1dccd000 	C:\Users\Felhasználó\.p2\pool\plugins\org.eclipse.justj.openjdk.hotspot.jre.full.win32.x86_64_21.0.10.v20260205-0638\jre\bin\msvcp140.dll
0x00007ffcd63a0000 - 0x00007ffcd7141000 	C:\Users\Felhasználó\.p2\pool\plugins\org.eclipse.justj.openjdk.hotspot.jre.full.win32.x86_64_21.0.10.v20260205-0638\jre\bin\server\jvm.dll
0x00007ffd33cd0000 - 0x00007ffd33d81000 	C:\WINDOWS\System32\ADVAPI32.dll
0x00007ffd33300000 - 0x00007ffd3339f000 	C:\WINDOWS\System32\sechost.dll
0x00007ffd33bb0000 - 0x00007ffd33cd0000 	C:\WINDOWS\System32\RPCRT4.dll
0x00007ffd32130000 - 0x00007ffd32157000 	C:\WINDOWS\System32\bcrypt.dll
0x00007ffd345a0000 - 0x00007ffd3460b000 	C:\WINDOWS\System32\WS2_32.dll
0x00007ffd164f0000 - 0x00007ffd16517000 	C:\WINDOWS\SYSTEM32\WINMM.dll
0x00007ffd23070000 - 0x00007ffd2307a000 	C:\WINDOWS\SYSTEM32\VERSION.dll
0x00007ffd311e0000 - 0x00007ffd3122b000 	C:\WINDOWS\SYSTEM32\POWRPROF.dll
0x00007ffd310a0000 - 0x00007ffd310b2000 	C:\WINDOWS\SYSTEM32\UMPDC.dll
0x00007ffd2fb10000 - 0x00007ffd2fb22000 	C:\WINDOWS\SYSTEM32\kernel.appcore.dll
0x00007ffd2e590000 - 0x00007ffd2e59a000 	C:\Users\Felhasználó\.p2\pool\plugins\org.eclipse.justj.openjdk.hotspot.jre.full.win32.x86_64_21.0.10.v20260205-0638\jre\bin\jimage.dll
0x00007ffd227e0000 - 0x00007ffd229e1000 	C:\WINDOWS\SYSTEM32\DBGHELP.DLL
0x00007ffd18430000 - 0x00007ffd18464000 	C:\WINDOWS\SYSTEM32\dbgcore.DLL
0x00007ffd325e0000 - 0x00007ffd32662000 	C:\WINDOWS\System32\bcryptPrimitives.dll
0x00007ffd2c390000 - 0x00007ffd2c3b0000 	C:\Users\Felhasználó\.p2\pool\plugins\org.eclipse.justj.openjdk.hotspot.jre.full.win32.x86_64_21.0.10.v20260205-0638\jre\bin\java.dll
0x00007ffd333a0000 - 0x00007ffd33b10000 	C:\WINDOWS\System32\SHELL32.dll
0x00007ffd2fd10000 - 0x00007ffd304b5000 	C:\WINDOWS\SYSTEM32\windows.storage.dll
0x00007ffd34220000 - 0x00007ffd34574000 	C:\WINDOWS\System32\combase.dll
0x00007ffd31630000 - 0x00007ffd3165b000 	C:\WINDOWS\SYSTEM32\Wldp.dll
0x00007ffd34070000 - 0x00007ffd3413d000 	C:\WINDOWS\System32\OLEAUT32.dll
0x00007ffd32b40000 - 0x00007ffd32bed000 	C:\WINDOWS\System32\SHCORE.dll
0x00007ffd32700000 - 0x00007ffd3275b000 	C:\WINDOWS\System32\shlwapi.dll
0x00007ffd31c10000 - 0x00007ffd31c34000 	C:\WINDOWS\SYSTEM32\profapi.dll
0x00007ffd1e800000 - 0x00007ffd1e818000 	C:\Users\Felhasználó\.p2\pool\plugins\org.eclipse.justj.openjdk.hotspot.jre.full.win32.x86_64_21.0.10.v20260205-0638\jre\bin\zip.dll
0x00007ffd2e580000 - 0x00007ffd2e590000 	C:\Users\Felhasználó\.p2\pool\plugins\org.eclipse.justj.openjdk.hotspot.jre.full.win32.x86_64_21.0.10.v20260205-0638\jre\bin\net.dll
0x00007ffd29ec0000 - 0x00007ffd29fca000 	C:\WINDOWS\SYSTEM32\WINHTTP.dll
0x00007ffd31410000 - 0x00007ffd3147a000 	C:\WINDOWS\system32\mswsock.dll
0x00007ffd1e010000 - 0x00007ffd1e026000 	C:\Users\Felhasználó\.p2\pool\plugins\org.eclipse.justj.openjdk.hotspot.jre.full.win32.x86_64_21.0.10.v20260205-0638\jre\bin\nio.dll
0x00007ffd1bed0000 - 0x00007ffd1bf4e000 	C:\Users\Felhasználó\AppData\Local\Temp\lwjgl_Felhasználó\3.3.6+1\x64\lwjgl.dll
0x00007ffd1a9e0000 - 0x00007ffd1aa69000 	C:\Users\FELHAS~1\AppData\Local\Temp\lwjgl_Felhasználó\3.3.6+1\x64\glfw.dll
0x00007ffcdca80000 - 0x00007ffcdcac5000 	C:\WINDOWS\SYSTEM32\dinput8.dll
0x00007ffd03690000 - 0x00007ffd036a1000 	C:\WINDOWS\SYSTEM32\xinput1_4.dll
0x00007ffd32590000 - 0x00007ffd325de000 	C:\WINDOWS\System32\cfgmgr32.dll
0x00007ffd31a70000 - 0x00007ffd31aa3000 	C:\WINDOWS\SYSTEM32\DEVOBJ.dll
0x00007ffd2f810000 - 0x00007ffd2f83e000 	C:\WINDOWS\SYSTEM32\dwmapi.dll
0x00007ffd2a6e0000 - 0x00007ffd2a832000 	C:\WINDOWS\SYSTEM32\inputhost.dll
0x00007ffd2d250000 - 0x00007ffd2d344000 	C:\WINDOWS\SYSTEM32\PROPSYS.dll
0x00007ffd2ebc0000 - 0x00007ffd2ef1b000 	C:\WINDOWS\SYSTEM32\CoreUIComponents.dll
0x00007ffd2daa0000 - 0x00007ffd2dbf7000 	C:\WINDOWS\SYSTEM32\wintypes.dll
0x00007ffd30f30000 - 0x00007ffd30f63000 	C:\WINDOWS\SYSTEM32\ntmarta.dll
0x00007ffd2f000000 - 0x00007ffd2f0f2000 	C:\WINDOWS\SYSTEM32\CoreMessaging.dll
0x00007ffd2f620000 - 0x00007ffd2f6be000 	C:\WINDOWS\system32\uxtheme.dll
0x00007ffd33dc0000 - 0x00007ffd33ed5000 	C:\WINDOWS\System32\MSCTF.dll
0x00007ffd0d4f0000 - 0x00007ffd0d618000 	C:\WINDOWS\SYSTEM32\opengl32.dll
0x00007ffd1bc30000 - 0x00007ffd1bc5c000 	C:\WINDOWS\SYSTEM32\GLU32.dll
0x00007ffd32a90000 - 0x00007ffd32b39000 	C:\WINDOWS\System32\clbcatq.dll
0x00007ffcdf2f0000 - 0x00007ffce0395000 	C:\WINDOWS\System32\DriverStore\FileRepository\iigd_dch.inf_amd64_7ecf8d2b2b8c53e8\ig9icd64.dll
0x00007ffd33ee0000 - 0x00007ffd3400b000 	C:\WINDOWS\System32\ole32.dll
0x00007ffd30520000 - 0x00007ffd30616000 	C:\WINDOWS\system32\dxgi.dll
0x00007ffcf27f0000 - 0x00007ffcf291c000 	C:\WINDOWS\System32\DriverStore\FileRepository\iigd_dch.inf_amd64_7ecf8d2b2b8c53e8\igdml64.dll
0x00007ffd2a310000 - 0x00007ffd2a34a000 	C:\WINDOWS\system32\atig6txx.dll
0x00007ffd26d70000 - 0x00007ffd27179000 	C:\WINDOWS\System32\DriverStore\FileRepository\iigd_dch.inf_amd64_7ecf8d2b2b8c53e8\igdgmm64.dll
0x00007ffd235d0000 - 0x00007ffd26d66000 	C:\WINDOWS\System32\DriverStore\FileRepository\iigd_dch.inf_amd64_7ecf8d2b2b8c53e8\igc64.dll
0x00007ffce9490000 - 0x00007ffce9701000 	C:\Users\FELHAS~1\AppData\Local\Temp\lwjgl_Felhasználó\3.3.6+1\x64\jemalloc.dll
0x00007ffd1b5c0000 - 0x00007ffd1b61d000 	C:\Users\Felhasználó\AppData\Local\Temp\lwjgl_Felhasználó\3.3.6+1\x64\lwjgl_opengl.dll
0x00007ffd2a5e0000 - 0x00007ffd2a6d9000 	C:\WINDOWS\SYSTEM32\textinputframework.dll
0x00007ffd17a40000 - 0x00007ffd17ad9000 	C:\Users\Felhasználó\AppData\Local\Temp\lwjgl_Felhasználó\3.3.6+1\x64\lwjgl_stb.dll
0x00007ffd0d850000 - 0x00007ffd0d9df000 	C:\Users\Felhasználó\.p2\pool\plugins\org.eclipse.justj.openjdk.hotspot.jre.full.win32.x86_64_21.0.10.v20260205-0638\jre\bin\awt.dll
0x00007ffd2f240000 - 0x00007ffd2f2d4000 	C:\WINDOWS\SYSTEM32\apphelp.dll
0x00007ffd0edb0000 - 0x00007ffd0ee37000 	C:\Users\Felhasználó\.p2\pool\plugins\org.eclipse.justj.openjdk.hotspot.jre.full.win32.x86_64_21.0.10.v20260205-0638\jre\bin\freetype.dll
0x00007ffd0d750000 - 0x00007ffd0d842000 	C:\Users\Felhasználó\.p2\pool\plugins\org.eclipse.justj.openjdk.hotspot.jre.full.win32.x86_64_21.0.10.v20260205-0638\jre\bin\fontmanager.dll
0x00007ffd31100000 - 0x00007ffd311ca000 	C:\WINDOWS\SYSTEM32\DNSAPI.dll
0x00007ffd310c0000 - 0x00007ffd310fb000 	C:\WINDOWS\SYSTEM32\IPHLPAPI.DLL
0x00007ffd32910000 - 0x00007ffd32918000 	C:\WINDOWS\System32\NSI.dll
0x00007ffd27180000 - 0x00007ffd2718a000 	C:\Windows\System32\rasadhlp.dll
0x00007ffd27950000 - 0x00007ffd279d0000 	C:\WINDOWS\System32\fwpuclnt.dll
0x00007ffd2a430000 - 0x00007ffd2a439000 	C:\Users\Felhasználó\.p2\pool\plugins\org.eclipse.justj.openjdk.hotspot.jre.full.win32.x86_64_21.0.10.v20260205-0638\jre\bin\extnet.dll

JVMTI agents: none

dbghelp: loaded successfully - version: 4.0.5 - missing functions: none
symbol engine: initialized successfully - sym options: 0x614 - pdb path: .;C:\Users\Felhasználó\.p2\pool\plugins\org.eclipse.justj.openjdk.hotspot.jre.full.win32.x86_64_21.0.10.v20260205-0638\jre\bin;C:\WINDOWS\SYSTEM32;C:\WINDOWS\WinSxS\amd64_microsoft.windows.common-controls_6595b64144ccf1df_6.0.19041.6456_none_60b8a6cb71f64256;C:\Users\Felhasználó\.p2\pool\plugins\org.eclipse.justj.openjdk.hotspot.jre.full.win32.x86_64_21.0.10.v20260205-0638\jre\bin\server;C:\Users\Felhasználó\AppData\Local\Temp\lwjgl_Felhasználó\3.3.6+1\x64;C:\Users\FELHAS~1\AppData\Local\Temp\lwjgl_Felhasználó\3.3.6+1\x64;C:\WINDOWS\System32\DriverStore\FileRepository\iigd_dch.inf_amd64_7ecf8d2b2b8c53e8

VM Arguments:
jvm_args: -Dfile.encoding=UTF-8 -Dstdout.encoding=UTF-8 -Dstderr.encoding=UTF-8 -XX:+ShowCodeDetailsInExceptionMessages 
java_command: core.GameManager
java_class_path (initial): C:\Users\Felhasználó\Desktop\Alfa\Léleklovag - Barak Tibor (NS4DJ4)\Soul Knight\out\production\Soul_Knight;C:\Users\Felhasználó\Desktop\Alfa\Léleklovag - Barak Tibor (NS4DJ4)\Soul Knight\lib\ojdbc11.jar;C:\Users\Felhasználó\Desktop\Alfa\Léleklovag - Barak Tibor (NS4DJ4)\lib\lwjgl.jar;C:\Users\Felhasználó\Desktop\Alfa\Léleklovag - Barak Tibor (NS4DJ4)\lib\lwjgl-assimp.jar;C:\Users\Felhasználó\Desktop\Alfa\Léleklovag - Barak Tibor (NS4DJ4)\lib\lwjgl-assimp-javadoc.jar;C:\Users\Felhasználó\Desktop\Alfa\Léleklovag - Barak Tibor (NS4DJ4)\lib\lwjgl-assimp-natives-windows.jar;C:\Users\Felhasználó\Desktop\Alfa\Léleklovag - Barak Tibor (NS4DJ4)\lib\lwjgl-assimp-sources.jar;C:\Users\Felhasználó\Desktop\Alfa\Léleklovag - Barak Tibor (NS4DJ4)\lib\lwjgl-bgfx.jar;C:\Users\Felhasználó\Desktop\Alfa\Léleklovag - Barak Tibor (NS4DJ4)\lib\lwjgl-bgfx-javadoc.jar;C:\Users\Felhasználó\Desktop\Alfa\Léleklovag - Barak Tibor (NS4DJ4)\lib\lwjgl-bgfx-natives-windows.jar;C:\Users\Felhasználó\Desktop\Alfa\Léleklovag - Barak Tibor (NS4DJ4)\lib\lwjgl-bgfx-sources.jar;C:\Users\Felhasználó\Desktop\Alfa\Léleklovag - Barak Tibor (NS4DJ4)\lib\lwjgl-cuda.jar;C:\Users\Felhasználó\Desktop\Alfa\Léleklovag - Barak Tibor (NS4DJ4)\lib\lwjgl-cuda-javadoc.jar;C:\Users\Felhasználó\Desktop\Alfa\Léleklovag - Barak Tibor (NS4DJ4)\lib\lwjgl-cuda-sources.jar;C:\Users\Felhasználó\Desktop\Alfa\Léleklovag - Barak Tibor (NS4DJ4)\lib\lwjgl-egl.jar;C:\Users\Felhasználó\Desktop\Alfa\Léleklovag - Barak Tibor (NS4DJ4)\lib\lwjgl-egl-javadoc.jar;C:\Users\Felhasználó\Desktop\Alfa\Léleklovag - Barak Tibor (NS4DJ4)\lib\lwjgl-egl-sources.jar;C:\Users\Felhasználó\Desktop\Alfa\Léleklovag - Barak Tibor (NS4DJ4)\lib\lwjgl-fmod.jar;C:\Users\Felhasználó\Desktop\Alfa\Léleklovag - Barak Tibor (NS4DJ4)\lib\lwjgl-fmod-javadoc.jar;C:\Users\Felhasználó\Desktop\Alfa\Léleklovag - Barak Tibor (NS4DJ4)\lib\lwjgl-fmod-sources.jar;C:\Users\Felhasználó\Desktop\Alfa\Léleklovag - Barak Tibor (NS4DJ4)\lib\lwjgl-freetype.jar;C:\Users\Felhasználó\Desktop\Alfa\Léleklovag - Barak Tibor (NS4DJ4)\lib\lwjgl-freetype-javadoc.jar;C:\Users\Felhasználó\Desktop\Alfa\Léleklovag - Barak Tibor (NS4DJ4)\lib\lwjgl-freetype-natives-windows.jar;C:\Users\Felhasználó\Desktop\Alfa\Léleklovag - Barak Tibor (NS4DJ4)\lib\lwjgl-freetype-sources.jar;C:\Users\Felhasználó\Desktop\Alfa\Léleklovag - Barak Tibor (NS4DJ4)\lib\lwjgl-glfw.jar;C:\Users\Felhasználó\Desktop\Alfa\Léleklovag - Barak Tibor (NS4DJ4)\lib\lwjgl-glfw-javadoc.jar;C:\Users\Felhasználó\Desktop\Alfa\Léleklovag - Barak Tibor (NS4DJ4)\lib\lwjgl-glfw-natives-windows.jar;C:\Users\Felhasználó\Desktop\Alfa\Léleklovag - Barak Tibor (NS4DJ4)\lib\lwjgl-glfw-sources.jar;C:\Users\Felhasználó\Desktop\Alfa\Léleklovag - Barak Tibor (NS4DJ4)\lib\lwjgl-harfbuzz.jar;C:\Users\Felhasználó\Desktop\Alfa\Léleklovag - Barak Tibor (NS4DJ4)\lib\lwjgl-harfbuzz-javadoc.jar;C:\Users\Felhasználó\Desktop\Alfa\Léleklovag - Barak Tibor (NS4DJ4)\lib\lwjgl-harfbuzz-natives-windows.jar;C:\Users\Felhasználó\Desktop\Alfa\Léleklovag - Barak Tibor (NS4DJ4)\lib\lwjgl-harfbuzz-sources.jar;C:\Users\Felhasználó\Desktop\Alfa\Léleklovag - Barak Tibor (NS4DJ4)\lib\lwjgl-hwloc.jar;C:\Users\Felhasználó\Desktop\Alfa\Léleklovag - Barak Tibor (NS4DJ4)\lib\lwjgl-hwloc-javadoc.jar;C:\Users\Felhasználó\Desktop\Alfa\Léleklovag - Barak Tibor (NS4DJ4)\lib\lwjgl-hwloc-natives-windows.jar;C:\Users\Felhasználó\Desktop\Alfa\Léleklovag - Barak Tibor (NS4DJ4)\lib\lwjgl-hwloc-sources.jar;C:\Users\Felhasználó\Desktop\Alfa\Léleklovag - Barak Tibor (NS4DJ4)\lib\lwjgl-javadoc.jar;C:\Users\Felhasználó\Desktop\Alfa\Léleklovag - Barak Tibor (NS4DJ4)\lib\lwjgl-jawt.jar;C:\Users\Felhasználó\Desktop\Alfa\Léleklovag - Barak Tibor (NS4DJ4)\lib\lwjgl-jawt-javadoc.jar;C:\Users\Felhasználó\Desktop\Alfa\Léleklovag - Barak Tibor (NS4DJ4)\lib\lwjgl-jawt-sources.jar;C:\Users\Felhasználó\Desktop\Alfa\Léleklovag - Barak Tibor (NS4DJ4)\lib\lwjgl-jemalloc.jar;C:\Users\Felhasználó\Desktop\Alfa\Léleklovag - Barak Tibor (NS4DJ4)\lib\lwjgl-jemalloc-javadoc.jar;C:\Users\Felhasználó\Desktop\Alfa\Léleklovag - Barak Tibor (NS4DJ4)\lib\lwjgl-jemalloc-natives-windows.jar;C:\Users\Felhasználó\Desktop\Alfa\Léleklovag - Barak Tibor (NS4DJ4)\lib\lwjgl-jemalloc-sources.jar;C:\Users\Felhasználó\Desktop\Alfa\Léleklovag - Barak Tibor (NS4DJ4)\lib\lwjgl-ktx.jar;C:\Users\Felhasználó\Desktop\Alfa\Léleklovag - Barak Tibor (NS4DJ4)\lib\lwjgl-ktx-javadoc.jar;C:\Users\Felhasználó\Desktop\Alfa\Léleklovag - Barak Tibor (NS4DJ4)\lib\lwjgl-ktx-natives-windows.jar;C:\Users\Felhasználó\Desktop\Alfa\Léleklovag - Barak Tibor (NS4DJ4)\lib\lwjgl-ktx-sources.jar;C:\Users\Felhasználó\Desktop\Alfa\Léleklovag - Barak Tibor (NS4DJ4)\lib\lwjgl-libdivide.jar;C:\Users\Felhasználó\Desktop\Alfa\Léleklovag - Barak Tibor (NS4DJ4)\lib\lwjgl-libdivide-javadoc.jar;C:\Users\Felhasználó\Desktop\Alfa\Léleklovag - Barak Tibor (NS4DJ4)\lib\lwjgl-libdivide-natives-windows.jar;C:\Users\Felhasználó\Desktop\Alfa\Léleklovag - Barak Tibor (NS4DJ4)\lib\lwjgl-libdivide-sources.jar;C:\Users\Felhasználó\Desktop\Alfa\Léleklovag - Barak Tibor (NS4DJ4)\lib\lwjgl-llvm.jar;C:\Users\Felhasználó\Desktop\Alfa\Léleklovag - Barak Tibor (NS4DJ4)\lib\lwjgl-llvm-javadoc.jar;C:\Users\Felhasználó\Desktop\Alfa\Léleklovag - Barak Tibor (NS4DJ4)\lib\lwjgl-llvm-natives-windows.jar;C:\Users\Felhasználó\Desktop\Alfa\Léleklovag - Barak Tibor (NS4DJ4)\lib\lwjgl-llvm-sources.jar;C:\Users\Felhasználó\Desktop\Alfa\Léleklovag - Barak Tibor (NS4DJ4)\lib\lwjgl-lmdb.jar;C:\Users\Felhasználó\Desktop\Alfa\Léleklovag - Barak Tibor (NS4DJ4)\lib\lwjgl-lmdb-javadoc.jar;C:\Users\Felhasználó\Desktop\Alfa\Léleklovag - Barak Tibor (NS4DJ4)\lib\lwjgl-lmdb-natives-windows.jar;C:\Users\Felhasználó\Desktop\Alfa\Léleklovag - Barak Tibor (NS4DJ4)\lib\lwjgl-lmdb-sources.jar;C:\Users\Felhasználó\Desktop\Alfa\Léleklovag - Barak Tibor (NS4DJ4)\lib\lwjgl-lz4.jar;C:\Users\Felhasználó\Desktop\Alfa\Léleklovag - Barak Tibor (NS4DJ4)\lib\lwjgl-lz4-javadoc.jar;C:\Users\Felhasználó\Desktop\Alfa\Léleklovag - Barak Tibor (NS4DJ4)\lib\lwjgl-lz4-natives-windows.jar;C:\Users\Felhasználó\Desktop\Alfa\Léleklovag - Barak Tibor (NS4DJ4)\lib\lwjgl-lz4-sources.jar;C:\Users\Felhasználó\Desktop\Alfa\Léleklovag - Barak Tibor (NS4DJ4)\lib\lwjgl-meow.jar;C:\Users\Felhasználó\Desktop\Alfa\Léleklovag - Barak Tibor (NS4DJ4)\lib\lwjgl-meow-javadoc.jar;C:\Users\Felhasználó\Desktop\Alfa\Léleklovag - Barak Tibor (NS4DJ4)\lib\lwjgl-meow-natives-windows.jar;C:\Users\Felhasználó\Desktop\Alfa\Léleklovag - Barak Tibor (NS4DJ4)\lib\lwjgl-meow-sources.jar;C:\Users\Felhasználó\Desktop\Alfa\Léleklovag - Barak Tibor (NS4DJ4)\lib\lwjgl-meshoptimizer.jar;C:\Users\Felhasználó\Desktop\Alfa\Léleklovag - Barak Tibor (NS4DJ4)\lib\lwjgl-meshoptimizer-javadoc.jar;C:\Users\Felhasználó\Desktop\Alfa\Léleklovag - Barak Tibor (NS4DJ4)\lib\lwjgl-meshoptimizer-natives-windows.jar;C:\Users\Felhasználó\Desktop\Alfa\Léleklovag - Barak Tibor (NS4DJ4)\lib\lwjgl-meshoptimizer-sources.jar;C:\Users\Felhasználó\Desktop\Alfa\Léleklovag - Barak Tibor (NS4DJ4)\lib\lwjgl-msdfgen.jar;C:\Users\Felhasználó\Desktop\Alfa\Léleklovag - Barak Tibor (NS4DJ4)\lib\lwjgl-msdfgen-javadoc.jar;C:\Users\Felhasználó\Desktop\Alfa\Léleklovag - Barak Tibor (NS4DJ4)\lib\lwjgl-msdfgen-natives-windows.jar;C:\Users\Felhasználó\Desktop\Alfa\Léleklovag - Barak Tibor (NS4DJ4)\lib\lwjgl-msdfgen-sources.jar;C:\Users\Felhasználó\Desktop\Alfa\Léleklovag - Barak Tibor (NS4DJ4)\lib\lwjgl-nanovg.jar;C:\Users\Felhasználó\Desktop\Alfa\Léleklovag - Barak Tibor (NS4DJ4)\lib\lwjgl-nanovg-javadoc.jar;C:\Users\Felhasználó\Desktop\Alfa\Léleklovag - Barak Tibor (NS4DJ4)\lib\lwjgl-nanovg-natives-windows.jar;C:\Users\Felhasználó\Desktop\Alfa\Léleklovag - Barak Tibor (NS4DJ4)\lib\lwjgl-nanovg-sources.jar;C:\Users\Felhasználó\Desktop\Alfa\Léleklovag - Barak Tibor (NS4DJ4)\lib\lwjgl-natives-windows.jar;C:\Users\Felhasználó\Desktop\Alfa\Léleklovag - Barak Tibor (NS4DJ4)\lib\lwjgl-nfd.jar;C:\Users\Felhasználó\Desktop\Alfa\Léleklovag - Barak Tibor (NS4DJ4)\lib\lwjgl-nfd-javadoc.jar;C:\Users\Felhasználó\Desktop\Alfa\Léleklovag - Barak Tibor (NS4DJ4)\lib\lwjgl-nfd-natives-windows.jar;C:\Users\Felhasználó\Desktop\Alfa\Léleklovag - Barak Tibor (NS4DJ4)\lib\lwjgl-nfd-sources.jar;C:\Users\Felhasználó\Desktop\Alfa\Léleklovag - Barak Tibor (NS4DJ4)\lib\lwjgl-nuklear.jar;C:\Users\Felhasználó\Desktop\Alfa\Léleklovag - Barak Tibor (NS4DJ4)\lib\lwjgl-nuklear-javadoc.jar;C:\Users\Felhasználó\Desktop\Alfa\Léleklovag - Barak Tibor (NS4DJ4)\lib\lwjgl-nuklear-natives-windows.jar;C:\Users\Felhasználó\Desktop\Alfa\Léleklovag - Barak Tibor (NS4DJ4)\lib\lwjgl-nuklear-sources.jar;C:\Users\Felhasználó\Desktop\Alfa\Léleklovag - Barak Tibor (NS4DJ4)\lib\lwjgl-odbc.jar;C:\Users\Felhasználó\Desktop\Alfa\Léleklovag - Barak Tibor (NS4DJ4)\lib\lwjgl-odbc-javadoc.jar;C:\Users\Felhasználó\Desktop\Alfa\Léleklovag - Barak Tibor (NS4DJ4)\lib\lwjgl-odbc-sources.jar;C:\Users\Felhasználó\Desktop\Alfa\Léleklovag - Barak Tibor (NS4DJ4)\lib\lwjgl-openal.jar;C:\Users\Felhasználó\Desktop\Alfa\Léleklovag - Barak Tibor (NS4DJ4)\lib\lwjgl-openal-javadoc.jar;C:\Users\Felhasználó\Desktop\Alfa\Léleklovag - Barak Tibor (NS4DJ4)\lib\lwjgl-openal-natives-windows.jar;C:\Users\Felhasználó\Desktop\Alfa\Léleklovag - Barak Tibor (NS4DJ4)\lib\lwjgl-openal-sources.jar;C:\Users\Felhasználó\Desktop\Alfa\Léleklovag - Barak Tibor (NS4DJ4)\lib\lwjgl-opencl.jar;C:\Users\Felhasználó\Desktop\Alfa\Léleklovag - Barak Tibor (NS4DJ4)\lib\lwjgl-opencl-javadoc.jar;C:\Users\Felhasználó\Desktop\Alfa\Léleklovag - Barak Tibor (NS4DJ4)\lib\lwjgl-opencl-sources.jar;C:\Users\Felhasználó\Desktop\Alfa\Léleklovag - Barak Tibor (NS4DJ4)\lib\lwjgl-opengl.jar;C:\Users\Felhasználó\Desktop\Alfa\Léleklovag - Barak Tibor (NS4DJ4)\lib\lwjgl-opengles.jar;C:\Users\Felhasználó\Desktop\Alfa\Léleklovag - Barak Tibor (NS4DJ4)\lib\lwjgl-opengles-javadoc.jar;C:\Users\Felhasználó\Desktop\Alfa\Léleklovag - Barak Tibor (NS4DJ4)\lib\lwjgl-opengles-natives-windows.jar;C:\Users\Felhasználó\Desktop\Alfa\Léleklovag - Barak Tibor (NS4DJ4)\lib\lwjgl-opengles-sources.jar;C:\Users\Felhasználó\Desktop\Alfa\Léleklovag - Barak Tibor (NS4DJ4)\lib\lwjgl-opengl-javadoc.jar;C:\Users\Felhasználó\Desktop\Alfa\Léleklovag - Barak Tibor (NS4DJ4)\lib\lwjgl-opengl-natives-windows.jar;C:\Users\Felhasználó\Desktop\Alfa\Léleklovag - Barak Tibor (NS4DJ4)\lib\lwjgl-opengl-sources.jar;C:\Users\Felhasználó\Desktop\Alfa\Léleklovag - Barak Tibor (NS4DJ4)\lib\lwjgl-openvr.jar;C:\Users\Felhasználó\Desktop\Alfa\Léleklovag - Barak Tibor (NS4DJ4)\lib\lwjgl-openvr-javadoc.jar;C:\Users\Felhasználó\Desktop\Alfa\Léleklovag - Barak Tibor (NS4DJ4)\lib\lwjgl-openvr-natives-windows.jar;C:\Users\Felhasználó\Desktop\Alfa\Léleklovag - Barak Tibor (NS4DJ4)\lib\lwjgl-openvr-sources.jar;C:\Users\Felhasználó\Desktop\Alfa\Léleklovag - Barak Tibor (NS4DJ4)\lib\lwjgl-openxr.jar;C:\Users\Felhasználó\Desktop\Alfa\Léleklovag - Barak Tibor (NS4DJ4)\lib\lwjgl-openxr-javadoc.jar;C:\Users\Felhasználó\Desktop\Alfa\Léleklovag - Barak Tibor (NS4DJ4)\lib\lwjgl-openxr-natives-windows.jar;C:\Users\Felhasználó\Desktop\Alfa\Léleklovag - Barak Tibor (NS4DJ4)\lib\lwjgl-openxr-sources.jar;C:\Users\Felhasználó\Desktop\Alfa\Léleklovag - Barak Tibor (NS4DJ4)\lib\lwjgl-opus.jar;C:\Users\Felhasználó\Desktop\Alfa\Léleklovag - Barak Tibor (NS4DJ4)\lib\lwjgl-opus-javadoc.jar;C:\Users\Felhasználó\Desktop\Alfa\Léleklovag - Barak Tibor (NS4DJ4)\lib\lwjgl-opus-natives-windows.jar;C:\Users\Felhasználó\Desktop\Alfa\Léleklovag - Barak Tibor (NS4DJ4)\lib\lwjgl-opus-sources.jar;C:\Users\Felhasználó\Desktop\Alfa\Léleklovag - Barak Tibor (NS4DJ4)\lib\lwjgl-ovr.jar;C:\Users\Felhasználó\Desktop\Alfa\Léleklovag - Barak Tibor (NS4DJ4)\lib\lwjgl-ovr-javadoc.jar;C:\Users\Felhasználó\Desktop\Alfa\Léleklovag - Barak Tibor (NS4DJ4)\lib\lwjgl-ovr-natives-windows.jar;C:\Users\Felhasználó\Desktop\Alfa\Léleklovag - Barak Tibor (NS4DJ4)\lib\lwjgl-ovr-sources.jar;C:\Users\Felhasználó\Desktop\Alfa\Léleklovag - Barak Tibor (NS4DJ4)\lib\lwjgl-par.jar;C:\Users\Felhasználó\Desktop\Alfa\Léleklovag - Barak Tibor (NS4DJ4)\lib\lwjgl-par-javadoc.jar;C:\Users\Felhasználó\Desktop\Alfa\Léleklovag - Barak Tibor (NS4DJ4)\lib\lwjgl-par-natives-windows.jar;C:\Users\Felhasználó\Desktop\Alfa\Léleklovag - Barak Tibor (NS4DJ4)\lib\lwjgl-par-sources.jar;C:\Users\Felhasználó\Desktop\Alfa\Léleklovag - Barak Tibor (NS4DJ4)\lib\lwjgl-remotery.jar;C:\Users\Felhasználó\Desktop\Alfa\Léleklovag - Barak Tibor (NS4DJ4)\lib\lwjgl-remotery-javadoc.jar;C:\Users\Felhasználó\Desktop\Alfa\Léleklovag - Barak Tibor (NS4DJ4)\lib\lwjgl-remotery-natives-windows.jar;C:\Users\Felhasználó\Desktop\Alfa\Léleklovag - Barak Tibor (NS4DJ4)\lib\lwjgl-remotery-sources.jar;C:\Users\Felhasználó\Desktop\Alfa\Léleklovag - Barak Tibor (NS4DJ4)\lib\lwjgl-rpmalloc.jar;C:\Users\Felhasználó\Desktop\Alfa\Léleklovag - Barak Tibor (NS4DJ4)\lib\lwjgl-rpmalloc-javadoc.jar;C:\Users\Felhasználó\Desktop\Alfa\Léleklovag - Barak Tibor (NS4DJ4)\lib\lwjgl-rpmalloc-natives-windows.jar;C:\Users\Felhasználó\Desktop\Alfa\Léleklovag - Barak Tibor (NS4DJ4)\lib\lwjgl-rpmalloc-sources.jar;C:\Users\Felhasználó\Desktop\Alfa\Léleklovag - Barak Tibor (NS4DJ4)\lib\lwjgl-shaderc.jar;C:\Users\Felhasználó\Desktop\Alfa\Léleklovag - Barak Tibor (NS4DJ4)\lib\lwjgl-shaderc-javadoc.jar;C:\Users\Felhasználó\Desktop\Alfa\Léleklovag - Barak Tibor (NS4DJ4)\lib\lwjgl-shaderc-natives-windows.jar;C:\Users\Felhasználó\Desktop\Alfa\Léleklovag - Barak Tibor (NS4DJ4)\lib\lwjgl-shaderc-sources.jar;C:\Users\Felhasználó\Desktop\Alfa\Léleklovag - Barak Tibor (NS4DJ4)\lib\lwjgl-sources.jar;C:\Users\Felhasználó\Desktop\Alfa\Léleklovag - Barak Tibor (NS4DJ4)\lib\lwjgl-spvc.jar;C:\Users\Felhasználó\Desktop\Alfa\Léleklovag - Barak Tibor (NS4DJ4)\lib\lwjgl-spvc-javadoc.jar;C:\Users\Felhasználó\Desktop\Alfa\Léleklovag - Barak Tibor (NS4DJ4)\lib\lwjgl-spvc-natives-windows.jar;C:\Users\Felhasználó\Desktop\Alfa\Léleklovag - Barak Tibor (NS4DJ4)\lib\lwjgl-spvc-sources.jar;C:\Users\Felhasználó\Desktop\Alfa\Léleklovag - Barak Tibor (NS4DJ4)\lib\lwjgl-sse.jar;C:\Users\Felhasználó\Desktop\Alfa\Léleklovag - Barak Tibor (NS4DJ4)\lib\lwjgl-sse-javadoc.jar;C:\Users\Felhasználó\Desktop\Alfa\Léleklovag - Barak Tibor (NS4DJ4)\lib\lwjgl-sse-natives-windows.jar;C:\Users\Felhasználó\Desktop\Alfa\Léleklovag - Barak Tibor (NS4DJ4)\lib\lwjgl-sse-sources.jar;C:\Users\Felhasználó\Desktop\Alfa\Léleklovag - Barak Tibor (NS4DJ4)\lib\lwjgl-stb.jar;C:\Users\Felhasználó\Desktop\Alfa\Léleklovag - Barak Tibor (NS4DJ4)\lib\lwjgl-stb-javadoc.jar;C:\Users\Felhasználó\Desktop\Alfa\Léleklovag - Barak Tibor (NS4DJ4)\lib\lwjgl-stb-natives-windows.jar;C:\Users\Felhasználó\Desktop\Alfa\Léleklovag - Barak Tibor (NS4DJ4)\lib\lwjgl-stb-sources.jar;C:\Users\Felhasználó\Desktop\Alfa\Léleklovag - Barak Tibor (NS4DJ4)\lib\lwjgl-tinyexr.jar;C:\Users\Felhasználó\Desktop\Alfa\Léleklovag - Barak Tibor (NS4DJ4)\lib\lwjgl-tinyexr-javadoc.jar;C:\Users\Felhasználó\Desktop\Alfa\Léleklovag - Barak Tibor (NS4DJ4)\lib\lwjgl-tinyexr-natives-windows.jar;C:\Users\Felhasználó\Desktop\Alfa\Léleklovag - Barak Tibor (NS4DJ4)\lib\lwjgl-tinyexr-sources.jar;C:\Users\Felhasználó\Desktop\Alfa\Léleklovag - Barak Tibor (NS4DJ4)\lib\lwjgl-tinyfd.jar;C:\Users\Felhasználó\Desktop\Alfa\Léleklovag - Barak Tibor (NS4DJ4)\lib\lwjgl-tinyfd-javadoc.jar;C:\Users\Felhasználó\Desktop\Alfa\Léleklovag - Barak Tibor (NS4DJ4)\lib\lwjgl-tinyfd-natives-windows.jar;C:\Users\Felhasználó\Desktop\Alfa\Léleklovag - Barak Tibor (NS4DJ4)\lib\lwjgl-tinyfd-sources.jar;C:\Users\Felhasználó\Desktop\Alfa\Léleklovag - Barak Tibor (NS4DJ4)\lib\lwjgl-tootle.jar;C:\Users\Felhasználó\Desktop\Alfa\Léleklovag - Barak Tibor (NS4DJ4)\lib\lwjgl-tootle-javadoc.jar;C:\Users\Felhasználó\Desktop\Alfa\Léleklovag - Barak Tibor (NS4DJ4)\lib\lwjgl-tootle-natives-windows.jar;C:\Users\Felhasználó\Desktop\Alfa\Léleklovag - Barak Tibor (NS4DJ4)\lib\lwjgl-tootle-sources.jar;C:\Users\Felhasználó\Desktop\Alfa\Léleklovag - Barak Tibor (NS4DJ4)\lib\lwjgl-vma.jar;C:\Users\Felhasználó\Desktop\Alfa\Léleklovag - Barak Tibor (NS4DJ4)\lib\lwjgl-vma-javadoc.jar;C:\Users\Felhasználó\Desktop\Alfa\Léleklovag - Barak Tibor (NS4DJ4)\lib\lwjgl-vma-natives-windows.jar;C:\Users\Felhasználó\Desktop\Alfa\Léleklovag - Barak Tibor (NS4DJ4)\lib\lwjgl-vma-sources.jar;C:\Users\Felhasználó\Desktop\Alfa\Léleklovag - Barak Tibor (NS4DJ4)\lib\lwjgl-vulkan.jar;C:\Users\Felhasználó\Desktop\Alfa\Léleklovag - Barak Tibor (NS4DJ4)\lib\lwjgl-vulkan-javadoc.jar;C:\Users\Felhasználó\Desktop\Alfa\Léleklovag - Barak Tibor (NS4DJ4)\lib\lwjgl-vulkan-sources.jar;C:\Users\Felhasználó\Desktop\Alfa\Léleklovag - Barak Tibor (NS4DJ4)\lib\lwjgl-xxhash.jar;C:\Users\Felhasználó\Desktop\Alfa\Léleklovag - Barak Tibor (NS4DJ4)\lib\lwjgl-xxhash-javadoc.jar;C:\Users\Felhasználó\Desktop\Alfa\Léleklovag - Barak Tibor (NS4DJ4)\lib\lwjgl-xxhash-natives-windows.jar;C:\Users\Felhasználó\Desktop\Alfa\Léleklovag - Barak Tibor (NS4DJ4)\lib\lwjgl-xxhash-sources.jar;C:\Users\Felhasználó\Desktop\Alfa\Léleklovag - Barak Tibor (NS4DJ4)\lib\lwjgl-yoga.jar;C:\Users\Felhasználó\Desktop\Alfa\Léleklovag - Barak Tibor (NS4DJ4)\lib\lwjgl-yoga-javadoc.jar;C:\Users\Felhasználó\Desktop\Alfa\Léleklovag - Barak Tibor (NS4DJ4)\lib\lwjgl-yoga-natives-windows.jar;C:\Users\Felhasználó\Desktop\Alfa\Léleklovag - Barak Tibor (NS4DJ4)\lib\lwjgl-yoga-sources.jar;C:\Users\Felhasználó\Desktop\Alfa\Léleklovag - Barak Tibor (NS4DJ4)\lib\lwjgl-zstd.jar;C:\Users\Felhasználó\Desktop\Alfa\Léleklovag - Barak Tibor (NS4DJ4)\lib\lwjgl-zstd-javadoc.jar;C:\Users\Felhasználó\Desktop\Alfa\Léleklovag - Barak Tibor (NS4DJ4)\lib\lwjgl-zstd-natives-windows.jar;C:\Users\Felhasználó\Desktop\Alfa\Léleklovag - Barak Tibor (NS4DJ4)\lib\lwjgl-zstd-sources.jar
Launcher Type: SUN_STANDARD

[Global flags]
     intx CICompilerCount                          = 4                                         {product} {ergonomic}
     uint ConcGCThreads                            = 2                                         {product} {ergonomic}
     uint G1ConcRefinementThreads                  = 8                                         {product} {ergonomic}
   size_t G1HeapRegionSize                         = 1048576                                   {product} {ergonomic}
    uintx GCDrainStackTargetSize                   = 64                                        {product} {ergonomic}
   size_t InitialHeapSize                          = 132120576                                 {product} {ergonomic}
   size_t MarkStackSize                            = 4194304                                   {product} {ergonomic}
   size_t MaxHeapSize                              = 2111832064                                {product} {ergonomic}
   size_t MaxNewSize                               = 1266679808                                {product} {ergonomic}
   size_t MinHeapDeltaBytes                        = 1048576                                   {product} {ergonomic}
   size_t MinHeapSize                              = 8388608                                   {product} {ergonomic}
    uintx NonNMethodCodeHeapSize                   = 5839372                                {pd product} {ergonomic}
    uintx NonProfiledCodeHeapSize                  = 122909434                              {pd product} {ergonomic}
    uintx ProfiledCodeHeapSize                     = 122909434                              {pd product} {ergonomic}
    uintx ReservedCodeCacheSize                    = 251658240                              {pd product} {ergonomic}
     bool SegmentedCodeCache                       = true                                      {product} {ergonomic}
     bool ShowCodeDetailsInExceptionMessages       = true                                   {manageable} {command line}
   size_t SoftMaxHeapSize                          = 2111832064                             {manageable} {ergonomic}
     bool UseCompressedOops                        = true                           {product lp64_product} {ergonomic}
     bool UseG1GC                                  = true                                      {product} {ergonomic}
     bool UseLargePagesIndividualAllocation        = false                                  {pd product} {ergonomic}

Logging:
Log output configuration:
 #0: stdout all=warning uptime,level,tags foldmultilines=false
 #1: stderr all=off uptime,level,tags foldmultilines=false

Release file:
JAVA_VERSION="21.0.10" 
MODULES="java.base java.compiler java.datatransfer java.xml java.prefs java.desktop java.instrument java.logging java.management java.security.sasl java.naming java.rmi java.management.rmi java.net.http java.scripting java.security.jgss java.transaction.xa java.sql java.sql.rowset java.xml.crypto java.se java.smartcardio jdk.accessibility jdk.internal.jvmstat jdk.attach jdk.charsets jdk.internal.opt jdk.zipfs jdk.compiler jdk.crypto.ec jdk.crypto.cryptoki jdk.crypto.mscapi jdk.dynalink jdk.internal.ed jdk.editpad jdk.hotspot.agent jdk.httpserver jdk.internal.le jdk.internal.vm.ci jdk.internal.vm.compiler jdk.internal.vm.compiler.management jdk.jartool jdk.javadoc jdk.jcmd jdk.management jdk.management.agent jdk.jconsole jdk.jdeps jdk.jdwp.agent jdk.jdi jdk.jfr jdk.jshell jdk.jsobject jdk.jstatd jdk.localedata jdk.management.jfr jdk.naming.dns jdk.naming.rmi jdk.net jdk.nio.mapmode jdk.random jdk.sctp jdk.security.auth jdk.security.jgss jdk.unsupported jdk.unsupported.desktop jdk.xml.dom" 

Environment Variables:
JAVA_HOME=C:\Program Files\Java\jdk-17.0.2\
PATH=C:/Users/Felhasználó/.p2/pool/plugins/org.eclipse.justj.openjdk.hotspot.jre.full.win32.x86_64_21.0.10.v20260205-0638/jre/bin/server;C:/Users/Felhasználó/.p2/pool/plugins/org.eclipse.justj.openjdk.hotspot.jre.full.win32.x86_64_21.0.10.v20260205-0638/jre/bin;C:\Program Files (x86)\NVIDIA Corporation\PhysX\Common;C:\Program Files\Common Files\Oracle\Java\javapath;C:\Program Files (x86)\Common Files\Oracle\Java\javapath;C:\WINDOWS\system32;C:\WINDOWS;C:\WINDOWS\System32\Wbem;C:\WINDOWS\System32\WindowsPowerShell\v1.0\;C:\ProgramData\chocolatey\bin;C:\Program Files\PuTTY\;C:\Program Files\Java\jdk-17.0.2\bin;C:\Program Files\dotnet\;C:\Program Files\Git\cmd;C:\Program Files\nodejs\;C:\Program Files\Docker\Docker\resources\bin;C:\Program Files (x86)\NVIDIA Corporation\PhysX\Common;C:\Program Files\Common Files\Oracle\Java\javapath;C:\Program Files (x86)\Common Files\Oracle\Java\javapath;C:\WINDOWS\system32;C:\WINDOWS;C:\WINDOWS\System32\Wbem;C:\WINDOWS\System32\WindowsPowerShell\v1.0\;C:\ProgramData\chocolatey\bin;C:\Program Files\PuTTY\;C:\Program Files\Java\jdk-17.0.2\bin;C:\Program Files\dotnet\;C:\Program Files\Go\bin;C:\Program Files\Git\cmd;C:\Users\Felhasználó\AppData\Local\Programs\Python\Python39\Scripts\;C:\Users\Felhasználó\AppData\Local\Programs\Python\Python39\;C:\Users\Felhasználó\AppData\Local\Microsoft\WindowsApps;C:\Users\Felhasználó\AppData\Roaming\cabal\bin;C:\tools\ghc-9.0.1\bin;C:\tools\msys64;C:\Users\Felhasználó\AppData\Local\Programs\Microsoft VS Code\bin;C:\Program Files\JetBrains\IntelliJ IDEA 2023.1.3\bin;C:\Program Files\JetBrains\CLion 2022.3.3\bin;C:\Users\Felhasználó\go\bin;C:\Users\Felhasználó\AppData\Local\ComposerSetup\bin;C:\Users\Felhasználó\AppData\R;C:\PHP;C:\Program Files\nodejs;C:\Users\Felhasználó\AppData\Roaming\npm;C:\Users\Felhasználó\Desktop;
USERNAME=Felhasználó
OS=Windows_NT
PROCESSOR_IDENTIFIER=Intel64 Family 6 Model 142 Stepping 12, GenuineIntel
TMP=C:\Users\FELHAS~1\AppData\Local\Temp
TEMP=C:\Users\FELHAS~1\AppData\Local\Temp




Periodic native trim disabled

---------------  S Y S T E M  ---------------

OS:
 Windows 10 , 64 bit Build 19041 (10.0.19041.5915)
OS uptime: 37 days 21:56 hours
Hyper-V role detected

CPU: total 8 (initial active 8) (4 cores per cpu, 2 threads per core) family 6 model 142 stepping 12 microcode 0xf8, cx8, cmov, fxsr, ht, mmx, 3dnowpref, sse, sse2, sse3, ssse3, sse4.1, sse4.2, popcnt, lzcnt, tsc, tscinvbit, avx, avx2, aes, erms, clmul, bmi1, bmi2, adx, fma, vzeroupper, clflush, clflushopt, hv, rdtscp, f16c
Processor Information for the first 8 processors :
  Max Mhz: 1800, Current Mhz: 1600, Mhz Limit: 1584

Memory: 4k page, system-wide physical 8052M (1318M free)
TotalPageFile size 21616M (AvailPageFile size 6232M)
current process WorkingSet (physical memory assigned to process): 765M, peak: 930M
current process commit charge ("private bytes"): 911M, peak: 1050M

vm_info: OpenJDK 64-Bit Server VM (21.0.10+7-LTS) for windows-amd64 JRE (21.0.10+7-LTS), built on 2026-01-20T00:00:00Z by "admin" with MS VC++ 17.12 (VS2022)

END.
