#
# A fatal error has been detected by the Java Runtime Environment:
#
#  EXCEPTION_ACCESS_VIOLATION (0xc0000005) at pc=0x00007ffcd657b865, pid=3216, tid=13884
#
# JRE version: OpenJDK Runtime Environment Temurin-21.0.10+7 (21.0.10+7) (build 21.0.10+7-LTS)
# Java VM: OpenJDK 64-Bit Server VM Temurin-21.0.10+7 (21.0.10+7-LTS, mixed mode, sharing, tiered, compressed oops, compressed class ptrs, g1 gc, windows-amd64)
# Problematic frame:
# V  [jvm.dll+0x1db865]
#
# No core dump will be written. Minidumps are not enabled by default on client versions of Windows
#
# If you would like to submit a bug report, please visit:
#   https://github.com/adoptium/adoptium-support/issues
#

---------------  S U M M A R Y ------------

Command Line: -Dfile.encoding=UTF-8 -Dstdout.encoding=UTF-8 -Dstderr.encoding=UTF-8 -XX:+ShowCodeDetailsInExceptionMessages core.GameManager

Host: Intel(R) Core(TM) i5-8265U CPU @ 1.60GHz, 8 cores, 7G,  Windows 10 , 64 bit Build 19041 (10.0.19041.5915)
Time: Mon Mar 30 17:41:30 2026 elapsed time: 31.076608 seconds (0d 0h 0m 31s)

---------------  T H R E A D  ---------------

Current thread (0x000001238d11a910):  JavaThread "main"             [_thread_in_vm, id=13884, stack(0x0000001496f00000,0x0000001497000000) (1024K)]

Stack: [0x0000001496f00000,0x0000001497000000],  sp=0x0000001496ffdd40,  free space=1015k
Native frames: (J=compiled Java code, j=interpreted, Vv=VM code, C=native code)
V  [jvm.dll+0x1db865]
V  [jvm.dll+0x473a4d]
V  [jvm.dll+0x44ca81]
C  0x0000012399a5cd6b

The last pc belongs to native method entry point (kind = native) (printed below).
Java frames: (J=compiled Java code, j=interpreted, Vv=VM code)
j  org.lwjgl.system.jni.JNINativeInterface.nDeleteGlobalRef(J)V+0
j  org.lwjgl.system.jni.JNINativeInterface.DeleteGlobalRef(J)V+12
j  org.lwjgl.system.Callback.free(J)V+25
j  org.lwjgl.system.Callback.free()V+4
j  core.MultiplayerScreen.cleanup()V+19
j  core.Lobby.handleMultiplayer()V+136
j  core.Lobby.executeSelectedMenuAction()V+74
j  core.Lobby.handleMainMenuKeyPress(I)V+97
j  core.Lobby.handleKeyPress(I)V+17
j  core.Lobby$1.invoke(JIIII)V+11
j  org.lwjgl.glfw.GLFWKeyCallbackI.callback(JJ)V+62
v  ~StubRoutines::call_stub 0x0000012399a5100d
j  org.lwjgl.system.JNI.invokeV(J)V+0
j  org.lwjgl.glfw.GLFW.glfwPollEvents()V+5
j  core.Lobby.loop()V+55
j  core.Lobby.run()V+5
j  core.GameManager.main([Ljava/lang/String;)V+12
v  ~StubRoutines::call_stub 0x0000012399a5100d

siginfo: EXCEPTION_ACCESS_VIOLATION (0xc0000005), writing address 0x000000000000003e


Registers:
RAX=0x0000000000000000, RBX=0x000000000000003e, RCX=0x000000000000003e, RDX=0x0000000000000000
RSP=0x0000001496ffdd40, RBP=0x0000001496ffde50, RSI=0x0000000000000110, RDI=0x0000000000000000
R8 =0x0000000000000040, R9 =0x00000000825c4f80, R10=0x0000012399a5cd3c, R11=0x00000000825c1ed0
R12=0x0000000000000000, R13=0x00000123e94b7ae8, R14=0x0000001496ffde78, R15=0x000001238d11a910
RIP=0x00007ffcd657b865, EFLAGS=0x0000000000010206

XMM[0]=0x0000000000000000 0x0000000000000000
XMM[1]=0x0000000000000000 0x0000000000000000
XMM[2]=0x0000000000000000 0x0000000000000000
XMM[3]=0x0000000000000000 0x0000000000000000
XMM[4]=0x0000000000000000 0x0000000000000000
XMM[5]=0x0000000000000000 0x0000000000000000
XMM[6]=0x0000000000000000 0x0000000000000000
XMM[7]=0x0000000000000000 0x0000000000000018
XMM[8]=0x0000000000000000 0x0000000000000008
XMM[9]=0x0000000000000000 0x0000000000000010
XMM[10]=0x0000000000000000 0x000000000000ff00
XMM[11]=0x0000000000000000 0xae5eba6db67a53ac
XMM[12]=0x0000000000000000 0x00000000ff000000
XMM[13]=0x0000000000000000 0x0000000000ff0000
XMM[14]=0x0000000000000000 0x0000000000000000
XMM[15]=0x0000000000000000 0x0000000000000000
  MXCSR=0x00001fa2


Register to memory mapping:

RAX=0x0 is null
RBX=0x000000000000003e is an unknown value
RCX=0x000000000000003e is an unknown value
RDX=0x0 is null
RSP=0x0000001496ffdd40 is pointing into the stack for thread: 0x000001238d11a910
RBP=0x0000001496ffde50 is pointing into the stack for thread: 0x000001238d11a910
RSI=0x0000000000000110 is an unknown value
RDI=0x0 is null
R8 =0x0000000000000040 is an unknown value
R9 =0x00000000825c4f80 is an oop: java.lang.Class 
{0x00000000825c4f80} - klass: 'java/lang/Class'
 - ---- fields (total size 15 words):
 - private volatile transient 'classRedefinedCount' 'I' @12  0 (0x00000000)
 - injected 'klass' 'J' @16  1252670859592 (0x00000123a9006948)
 - injected 'array_klass' 'J' @24  0 (0x0000000000000000)
 - injected 'oop_size' 'I' @32  15 (0x0000000f)
 - injected 'static_oop_field_count' 'I' @36  0 (0x00000000)
 - private volatile transient 'cachedConstructor' 'Ljava/lang/reflect/Constructor;' @40  null (0x00000000)
 - private transient 'name' 'Ljava/lang/String;' @44  "org.lwjgl.system.Checks"{0x00000000825c50f8} (0x825c50f8)
 - private transient 'module' 'Ljava/lang/Module;' @48  a 'java/lang/Module'{0x00000000824aa518} (0x824aa518)
 - private final 'classLoader' 'Ljava/lang/ClassLoader;' @52  a 'jdk/internal/loader/ClassLoaders$AppClassLoader'{0x00000000824a4d38} (0x824a4d38)
 - private transient 'classData' 'Ljava/lang/Object;' @56  null (0x00000000)
 - private transient 'packageName' 'Ljava/lang/String;' @60  "org.lwjgl.system"{0x00000000824ab688} (0x824ab688)
 - private final 'componentType' 'Ljava/lang/Class;' @64  null (0x00000000)
 - private volatile transient 'reflectionData' 'Ljava/lang/ref/SoftReference;' @68  null (0x00000000)
 - private volatile transient 'genericInfo' 'Lsun/reflect/generics/repository/ClassRepository;' @72  null (0x00000000)
 - private volatile transient 'enumConstants' '[Ljava/lang/Object;' @76  null (0x00000000)
 - private volatile transient 'enumConstantDirectory' 'Ljava/util/Map;' @80  null (0x00000000)
 - private volatile transient 'annotationData' 'Ljava/lang/Class$AnnotationData;' @84  null (0x00000000)
 - private volatile transient 'annotationType' 'Lsun/reflect/annotation/AnnotationType;' @88  null (0x00000000)
 - transient 'classValueMap' 'Ljava/lang/ClassValue$ClassValueMap;' @92  null (0x00000000)
 - injected 'protection_domain' 'Ljava/lang/Object;' @96  a 'java/security/ProtectionDomain'{0x00000000824ab6c0} (0x824ab6c0)
 - injected 'signers_name' 'Ljava/lang/Object;' @100  null (0x00000000)
 - injected 'source_file' 'Ljava/lang/Object;' @104  null (0x00000000)
 - injected '<init_lock>' 'Ljava/lang/Object;' @108  null (0x00000000)
 - signature: Lorg/lwjgl/system/Checks;
 - ---- static fields (0):
 - public static final 'CHECKS' 'Z' @112  true (0x01)
 - public static final 'DEBUG' 'Z' @113  false (0x00)
 - public static final 'DEBUG_FUNCTIONS' 'Z' @114  false (0x00)
R10=0x0000012399a5cd3c is at code_begin+1020 in an Interpreter codelet
native method entry point (kind = native)  [0x0000012399a5c940, 0x0000012399a5d398]  2648 bytes
R11=0x00000000825c1ed0 is an oop: java.lang.Class 
{0x00000000825c1ed0} - klass: 'java/lang/Class'
 - ---- fields (total size 27 words):
 - private volatile transient 'classRedefinedCount' 'I' @12  0 (0x00000000)
 - injected 'klass' 'J' @16  1252670923712 (0x00000123a90163c0)
 - injected 'array_klass' 'J' @24  0 (0x0000000000000000)
 - injected 'oop_size' 'I' @32  27 (0x0000001b)
 - injected 'static_oop_field_count' 'I' @36  0 (0x00000000)
 - private volatile transient 'cachedConstructor' 'Ljava/lang/reflect/Constructor;' @40  null (0x00000000)
 - private transient 'name' 'Ljava/lang/String;' @44  "org.lwjgl.system.jni.JNINativeInterface"{0x00000000825c4910} (0x825c4910)
 - private transient 'module' 'Ljava/lang/Module;' @48  a 'java/lang/Module'{0x00000000824aa518} (0x824aa518)
 - private final 'classLoader' 'Ljava/lang/ClassLoader;' @52  a 'jdk/internal/loader/ClassLoaders$AppClassLoader'{0x00000000824a4d38} (0x824a4d38)
 - private transient 'classData' 'Ljava/lang/Object;' @56  null (0x00000000)
 - private transient 'packageName' 'Ljava/lang/String;' @60  "org.lwjgl.system.jni"{0x00000000825c4960} (0x825c4960)
 - private final 'componentType' 'Ljava/lang/Class;' @64  null (0x00000000)
 - private volatile transient 'reflectionData' 'Ljava/lang/ref/SoftReference;' @68  null (0x00000000)
 - private volatile transient 'genericInfo' 'Lsun/reflect/generics/repository/ClassRepository;' @72  null (0x00000000)
 - private volatile transient 'enumConstants' '[Ljava/lang/Object;' @76  null (0x00000000)
 - private volatile transient 'enumConstantDirectory' 'Ljava/util/Map;' @80  null (0x00000000)
 - private volatile transient 'annotationData' 'Ljava/lang/Class$AnnotationData;' @84  null (0x00000000)
 - private volatile transient 'annotationType' 'Lsun/reflect/annotation/AnnotationType;' @88  null (0x00000000)
 - transient 'classValueMap' 'Ljava/lang/ClassValue$ClassValueMap;' @92  null (0x00000000)
 - injected 'protection_domain' 'Ljava/lang/Object;' @96  a 'java/security/ProtectionDomain'{0x00000000824ab6c0} (0x824ab6c0)
 - injected 'signers_name' 'Ljava/lang/Object;' @100  null (0x00000000)
 - injected 'source_file' 'Ljava/lang/Object;' @104  null (0x00000000)
 - injected '<init_lock>' 'Ljava/lang/Object;' @108  null (0x00000000)
 - signature: Lorg/lwjgl/system/jni/JNINativeInterface;
 - ---- static fields (0):
 - public static final 'JNI_VERSION_1_1' 'I' @112  65537 (0x00010001)
 - public static final 'JNI_VERSION_1_2' 'I' @116  65538 (0x00010002)
 - public static final 'JNI_VERSION_1_4' 'I' @120  65540 (0x00010004)
 - public static final 'JNI_VERSION_1_6' 'I' @124  65542 (0x00010006)
 - public static final 'JNI_VERSION_1_8' 'I' @128  65544 (0x00010008)
 - public static final 'JNI_VERSION_9' 'I' @132  589824 (0x00090000)
 - public static final 'JNI_VERSION_10' 'I' @136  655360 (0x000a0000)
 - public static final 'JNI_VERSION_19' 'I' @140  1245184 (0x00130000)
 - public static final 'JNI_VERSION_20' 'I' @144  1310720 (0x00140000)
 - public static final 'JNI_VERSION_21' 'I' @148  1376256 (0x00150000)
 - public static final 'JNI_VERSION_24' 'I' @152  1572864 (0x00180000)
 - public static final 'JNIInvalidRefType' 'I' @156  0 (0x00000000)
 - public static final 'JNILocalRefType' 'I' @160  1 (0x00000001)
 - public static final 'JNIGlobalRefType' 'I' @164  2 (0x00000002)
 - public static final 'JNIWeakGlobalRefType' 'I' @168  3 (0x00000003)
 - public static final 'JNI_FALSE' 'I' @172  0 (0x00000000)
 - public static final 'JNI_TRUE' 'I' @176  1 (0x00000001)
 - public static final 'JNI_OK' 'I' @180  0 (0x00000000)
 - public static final 'JNI_ERR' 'I' @184  -1 (0xffffffff)
 - public static final 'JNI_EDETACHED' 'I' @188  -2 (0xfffffffe)
 - public static final 'JNI_EVERSION' 'I' @192  -3 (0xfffffffd)
 - public static final 'JNI_ENOMEM' 'I' @196  -4 (0xfffffffc)
 - public static final 'JNI_EEXIST' 'I' @200  -5 (0xfffffffb)
 - public static final 'JNI_EINVAL' 'I' @204  -6 (0xfffffffa)
 - public static final 'JNI_COMMIT' 'I' @208  1 (0x00000001)
 - public static final 'JNI_ABORT' 'I' @212  2 (0x00000002)
R12=0x0 is null
R13={method} {0x00000123e94b7af0} 'nDeleteGlobalRef' '(J)V' in 'org/lwjgl/system/jni/JNINativeInterface'
R14=0x0000001496ffde78 is pointing into the stack for thread: 0x000001238d11a910
R15=0x000001238d11a910 is a thread

Top of Stack: (sp=0x0000001496ffdd40)
0x0000001496ffdd40:   0000000000000000 00000000825c4b30
0x0000001496ffdd50:   00000123e951a638 0000000000000000
0x0000001496ffdd60:   0000000000000040 00007ffcd6813a4d
0x0000001496ffdd70:   000000000000003e 0000000000000000
0x0000001496ffdd80:   00000123f7f20050 0000000000000000
0x0000001496ffdd90:   000001238d11a910 00007ffcd67eca81
0x0000001496ffdda0:   0000001496ffdda0 00000123e951ad9e
0x0000001496ffddb0:   0000000000000003 00000123e951e888
0x0000001496ffddc0:   0000000000001cb5 0000012399a5cd6b
0x0000001496ffddd0:   00000123e94b7ae8 0000000000000000
0x0000001496ffdde0:   0000001496ffddf8 0000001496ffde50
0x0000001496ffddf0:   0000012399a589d2 00000123f7f20050
0x0000001496ffde00:   0000001496ffde68 0000001496ffde08
0x0000001496ffde10:   0000000000000000 0000000000000005
0x0000001496ffde20:   00000123e94ba3f8 0000000000000000
0x0000001496ffde30:   00000000825c1ed0 00000123e94b7ae8
0x0000001496ffde40:   0000000000000000 0000001496ffde70
0x0000001496ffde50:   0000001496ffdec8 0000012399a58860
0x0000001496ffde60:   00000000825c1ed0 0000012399a5a3d7
0x0000001496ffde70:   0000000000000040 0000000000000000
0x0000001496ffde80:   0000001496ffde80 00000123e94b7b94
0x0000001496ffde90:   0000000000000003 00000123e94ba3f8
0x0000001496ffdea0:   0000000000000000 00000000825c1ed0
0x0000001496ffdeb0:   00000123e94b7bb8 0000001496ffde70
0x0000001496ffdec0:   0000001496ffded8 0000001496ffdf30
0x0000001496ffded0:   0000012399a58860 0000000000000040
0x0000001496ffdee0:   0000000000000000 0000001496ffdee8
0x0000001496ffdef0:   00000123e9438779 0000000000000004
0x0000001496ffdf00:   00000123e95181d0 0000000000000000
0x0000001496ffdf10:   00000000825c6dc8 00000123e94387a8
0x0000001496ffdf20:   0000001496ffded8 0000001496ffdf48
0x0000001496ffdf30:   0000001496ffdfa0 0000012399a58860 

Instructions: (pc=0x00007ffcd657b865)
0x00007ffcd657b765:   48 8b d7 e8 f3 f8 ff ff 48 39 75 08 0f 85 86 00
0x00007ffcd657b775:   00 00 48 8b 84 24 90 00 00 00 48 8b de 48 85 c0
0x00007ffcd657b785:   74 03 48 8b 18 48 8b 0d 9f c3 ab 00 48 85 c9 75
0x00007ffcd657b795:   05 48 8b c6 eb 06 ff 15 7f 48 a5 00 4c 8b c3 41
0x00007ffcd657b7a5:   8b d4 48 8b c8 e8 e1 e2 4d 00 41 8b cc e8 b9 02
0x00007ffcd657b7b5:   00 00 48 8b d8 48 85 c0 74 3e 48 8b 8d 28 03 00
0x00007ffcd657b7c5:   00 48 8b 71 18 48 8b 41 20 48 2b c6 48 83 f8 08
0x00007ffcd657b7d5:   72 13 48 8d 46 08 48 89 41 18 49 8b c6 48 89 1e
0x00007ffcd657b7e5:   48 89 30 eb 1e 45 33 c0 ba 08 00 00 00 e8 39 b3
0x00007ffcd657b7f5:   ee ff 48 8b f0 48 89 18 49 8b c6 48 89 30 eb 03
0x00007ffcd657b805:   49 89 36 48 8b ac 24 88 00 00 00 49 8b c6 48 8b
0x00007ffcd657b815:   9c 24 80 00 00 00 48 8b b4 24 98 00 00 00 48 83
0x00007ffcd657b825:   c4 50 41 5f 41 5e 41 5d 41 5c 5f c3 cc cc cc cc
0x00007ffcd657b835:   cc cc cc cc cc cc cc cc cc cc cc 48 89 11 c3 cc
0x00007ffcd657b845:   cc cc cc cc cc cc cc cc cc cc cc 48 89 5c 24 08
0x00007ffcd657b855:   57 48 83 ec 20 48 8b fa 48 8b d9 e8 bb f0 ff ff
0x00007ffcd657b865:   48 89 3b 48 8b 5c 24 30 48 83 c4 20 5f c3 cc cc
0x00007ffcd657b875:   cc cc cc cc cc cc cc cc cc cc cc 48 89 5c 24 08
0x00007ffcd657b885:   48 89 74 24 10 57 48 83 ec 20 80 3d b6 a4 ac 00
0x00007ffcd657b895:   00 48 8b da 48 8b 35 c0 b2 ab 00 48 8b f9 74 22
0x00007ffcd657b8a5:   48 85 d2 74 1d 48 8b 46 40 0f be 90 f1 02 00 00
0x00007ffcd657b8b5:   d1 ea f6 c2 01 74 0b 48 8b d3 48 8b ce e8 49 fd
0x00007ffcd657b8c5:   e2 ff 80 3d ef f1 a5 00 00 74 22 48 8b 46 40 0f
0x00007ffcd657b8d5:   be 90 f1 02 00 00 d1 ea f6 c2 01 74 10 48 8b 17
0x00007ffcd657b8e5:   48 85 d2 74 08 48 8b ce e8 1e fd e2 ff 48 8b 74
0x00007ffcd657b8f5:   24 38 48 89 1f 48 8b 5c 24 30 48 83 c4 20 5f c3
0x00007ffcd657b905:   cc cc cc cc cc cc cc cc cc cc cc 48 89 5c 24 08
0x00007ffcd657b915:   57 48 83 ec 20 48 8b f9 48 8b da 48 8b 09 48 85
0x00007ffcd657b925:   0d 7e 02 b1 00 74 0d e8 ff 0b e3 ff 48 8b c8 e8
0x00007ffcd657b935:   17 74 73 00 48 8b 0d 60 02 b1 00 48 8d 15 61 f8
0x00007ffcd657b945:   82 00 48 c1 e9 0c 83 e1 0f 8b 0c 8a 48 d3 e3 48
0x00007ffcd657b955:   0b 1d 45 02 b1 00 48 89 1f 48 8b 5c 24 30 48 83 


Stack slot to memory mapping:

stack at sp + 0 slots: 0x0 is null
stack at sp + 1 slots: 0x00000000825c4b30 is an oop: java.lang.Class 
{0x00000000825c4b30} - klass: 'java/lang/Class'
 - ---- fields (total size 17 words):
 - private volatile transient 'classRedefinedCount' 'I' @12  0 (0x00000000)
 - injected 'klass' 'J' @16  1252670910464 (0x00000123a9013000)
 - injected 'array_klass' 'J' @24  0 (0x0000000000000000)
 - injected 'oop_size' 'I' @32  17 (0x00000011)
 - injected 'static_oop_field_count' 'I' @36  0 (0x00000000)
 - private volatile transient 'cachedConstructor' 'Ljava/lang/reflect/Constructor;' @40  null (0x00000000)
 - private transient 'name' 'Ljava/lang/String;' @44  "org.lwjgl.system.libffi.FFIClosure"{0x00000000825c5980} (0x825c5980)
 - private transient 'module' 'Ljava/lang/Module;' @48  a 'java/lang/Module'{0x00000000824aa518} (0x824aa518)
 - private final 'classLoader' 'Ljava/lang/ClassLoader;' @52  a 'jdk/internal/loader/ClassLoaders$AppClassLoader'{0x00000000824a4d38} (0x824a4d38)
 - private transient 'classData' 'Ljava/lang/Object;' @56  null (0x00000000)
 - private transient 'packageName' 'Ljava/lang/String;' @60  "org.lwjgl.system.libffi"{0x00000000825ba138} (0x825ba138)
 - private final 'componentType' 'Ljava/lang/Class;' @64  null (0x00000000)
 - private volatile transient 'reflectionData' 'Ljava/lang/ref/SoftReference;' @68  null (0x00000000)
 - private volatile transient 'genericInfo' 'Lsun/reflect/generics/repository/ClassRepository;' @72  null (0x00000000)
 - private volatile transient 'enumConstants' '[Ljava/lang/Object;' @76  null (0x00000000)
 - private volatile transient 'enumConstantDirectory' 'Ljava/util/Map;' @80  null (0x00000000)
 - private volatile transient 'annotationData' 'Ljava/lang/Class$AnnotationData;' @84  null (0x00000000)
 - private volatile transient 'annotationType' 'Lsun/reflect/annotation/AnnotationType;' @88  null (0x00000000)
 - transient 'classValueMap' 'Ljava/lang/ClassValue$ClassValueMap;' @92  null (0x00000000)
 - injected 'protection_domain' 'Ljava/lang/Object;' @96  a 'java/security/ProtectionDomain'{0x00000000824ab6c0} (0x824ab6c0)
 - injected 'signers_name' 'Ljava/lang/Object;' @100  null (0x00000000)
 - injected 'source_file' 'Ljava/lang/Object;' @104  null (0x00000000)
 - injected '<init_lock>' 'Ljava/lang/Object;' @108  null (0x00000000)
 - signature: Lorg/lwjgl/system/libffi/FFIClosure;
 - ---- static fields (0):
 - public static final 'SIZEOF' 'I' @112  56 (0x00000038)
 - public static final 'ALIGNOF' 'I' @116  8 (0x00000008)
 - public static final 'CIF' 'I' @120  32 (0x00000020)
 - public static final 'FUN' 'I' @124  40 (0x00000028)
 - public static final 'USER_DATA' 'I' @128  48 (0x00000030)
stack at sp + 2 slots: {method} {0x00000123e951a640} '<init>' '(JLjava/nio/ByteBuffer;)V' in 'org/lwjgl/system/libffi/FFIClosure'
stack at sp + 3 slots: 0x0 is null
stack at sp + 4 slots: 0x0000000000000040 is an unknown value
stack at sp + 5 slots: 0x00007ffcd6813a4d jvm.dll
stack at sp + 6 slots: 0x000000000000003e is an unknown value
stack at sp + 7 slots: 0x0 is null

native method entry point (kind = native)  [0x0000012399a5c940, 0x0000012399a5d398]  2648 bytes
[MachCode]
  0x0000012399a5c940: 488b 4b08 | 0fb7 492e | 584c 8d74 | ccf8 6800 | 0000 0068 | 0000 0000 | 5055 488b | ec41 5568 
  0x0000012399a5c960: 0000 0000 | 4c8b 6b08 | 4d8d 6d38 | 5348 8b53 | 0848 8b52 | 0848 8b52 | 1848 8b52 | 7048 8b12 
  0x0000012399a5c980: 5248 8b53 | 1048 85d2 | 0f84 0700 | 0000 4881 | c208 0100 | 0052 488b | 5308 488b | 5208 488b 
  0x0000012399a5c9a0: 5210 5249 | 8bc6 482b | c548 c1e8 | 0350 6800 | 0000 0068 | 0000 0000 | 4889 2424 | 41c6 8779 
  0x0000012399a5c9c0: 0400 0001 | 488b 4310 | 4885 c074 | 208b 88cc | 0000 0083 | c102 8988 | cc00 0000 | 2388 e000 
  0x0000012399a5c9e0: 0000 0f84 | fd08 0000 | e9cf 0000 | 0048 8b43 | 1848 85c0 | 0f85 b000 | 0000 e805 | 0000 00e9 
  0x0000012399a5ca00: 9900 0000 | 488b d348 | 8d44 2408 | 4c89 6dc0 | 498b cfc5 | f877 4989 | afb0 0300 | 0049 8987 
  0x0000012399a5ca20: a003 0000 | 4883 ec20 | 40f6 c40f | 0f84 1900 | 0000 4883 | ec08 48b8 | 90d6 77d6 | fc7f 0000 
  0x0000012399a5ca40: ffd0 4883 | c408 e90c | 0000 0048 | b890 d677 | d6fc 7f00 | 00ff d048 | 83c4 2049 | c787 a003 
  0x0000012399a5ca60: 0000 0000 | 0000 49c7 | 87b0 0300 | 0000 0000 | 0049 c787 | a803 0000 | 0000 0000 | c5f8 7749 
  0x0000012399a5ca80: 837f 0800 | 0f84 0500 | 0000 e971 | 44ff ff4c | 8b6d c04c | 8b75 c84e | 8d74 f500 | c348 8b43 
  0x0000012399a5caa0: 1848 85c0 | 0f84 1200 | 0000 8b48 | 0883 c102 | 8948 0823 | 481c 0f84 | 2908 0000 | 493b a7e8 
  0x0000012399a5cac0: 0400 000f | 8748 0000 | 0089 8424 | 00f0 ffff | 8984 2400 | e0ff ff89 | 8424 00d0 | ffff 8984 
  0x0000012399a5cae0: 2400 c0ff | ff89 8424 | 00b0 ffff | 8984 2400 | a0ff ff89 | 8424 0090 | ffff 8984 | 2400 80ff 
  0x0000012399a5cb00: ff49 3ba7 | e004 0000 | 7607 4989 | a7e8 0400 | 0041 c687 | 7904 0000 | 0049 bac6 | 5c04 d7fc 
  0x0000012399a5cb20: 7f00 0041 | 803a 000f | 843e 0000 | 0048 8b55 | e849 8bcf | 4883 ec20 | 40f6 c40f | 0f84 1900 
  0x0000012399a5cb40: 0000 4883 | ec08 48b8 | 50e1 add6 | fc7f 0000 | ffd0 4883 | c408 e90c | 0000 0048 | b850 e1ad 
  0x0000012399a5cb60: d6fc 7f00 | 00ff d048 | 83c4 2048 | 8b5d e84c | 8b5b 0845 | 0fb7 5b2e | 41c1 e303 | 492b e348 
  0x0000012399a5cb80: 83ec 2048 | 83e4 f04c | 8b5b 604d | 85db 0f85 | ab00 0000 | e805 0000 | 00e9 9900 | 0000 488b 
  0x0000012399a5cba0: d348 8d44 | 2408 4c89 | 6dc0 498b | cfc5 f877 | 4989 afb0 | 0300 0049 | 8987 a003 | 0000 4883 
  0x0000012399a5cbc0: ec20 40f6 | c40f 0f84 | 1900 0000 | 4883 ec08 | 48b8 c0fd | 77d6 fc7f | 0000 ffd0 | 4883 c408 
  0x0000012399a5cbe0: e90c 0000 | 0048 b8c0 | fd77 d6fc | 7f00 00ff | d048 83c4 | 2049 c787 | a003 0000 | 0000 0000 
  0x0000012399a5cc00: 49c7 87b0 | 0300 0000 | 0000 0049 | c787 a803 | 0000 0000 | 0000 c5f8 | 7749 837f | 0800 0f84 
  0x0000012399a5cc20: 0500 0000 | e9d7 42ff | ff4c 8b6d | c04c 8b75 | c84e 8d74 | f500 c348 | 8b5d e84c | 8b5b 6041 
  0x0000012399a5cc40: ffd3 488b | 5de8 4889 | 4518 448b | 5b28 41f6 | c308 0f84 | 1b00 0000 | 4c8b 5b08 | 4d8b 5b08 
  0x0000012399a5cc60: 4d8b 5b18 | 4d8b 5b70 | 4d8b 1b4c | 895d 1048 | 8d55 1048 | 8b43 5849 | bae0 35ae | d6fc 7f00 
  0x0000012399a5cc80: 0049 3bc2 | 0f85 ab00 | 0000 e805 | 0000 00e9 | 9900 0000 | 488b d348 | 8d44 2408 | 4c89 6dc0 
  0x0000012399a5cca0: 498b cfc5 | f877 4989 | afb0 0300 | 0049 8987 | a003 0000 | 4883 ec20 | 40f6 c40f | 0f84 1900 
  0x0000012399a5ccc0: 0000 4883 | ec08 48b8 | c0fd 77d6 | fc7f 0000 | ffd0 4883 | c408 e90c | 0000 0048 | b8c0 fd77 
  0x0000012399a5cce0: d6fc 7f00 | 00ff d048 | 83c4 2049 | c787 a003 | 0000 0000 | 0000 49c7 | 87b0 0300 | 0000 0000 
  0x0000012399a5cd00: 0049 c787 | a803 0000 | 0000 0000 | c5f8 7749 | 837f 0800 | 0f84 0500 | 0000 e9e1 | 41ff ff4c 
  0x0000012399a5cd20: 8b6d c04c | 8b75 c84e | 8d74 f500 | c348 8b5d | e848 8b43 | 5849 8d8f | c003 0000 | c5f8 7749 
  0x0000012399a5cd40: 89af b003 | 0000 49ba | 3ccd a599 | 2301 0000 | 4d89 97a8 | 0300 0049 | 89a7 a003 | 0000 41c7 
  0x0000012399a5cd60: 874c 0400 | 0004 0000 | 00ff d0c5 | f877 4883 | ec10 c5fb | 1104 2448 | 83ec 1048 | 8904 2448 
  0x0000012399a5cd80: c744 2408 | 0000 0000 | 41c7 874c | 0400 0005 | 0000 00f0 | 8344 24c0 | 0049 3baf | 5004 0000 
  0x0000012399a5cda0: 0f87 0e00 | 0000 4183 | bf48 0400 | 0000 0f84 | 2000 0000 | 498b cf4c | 8be4 4883 | ec20 4883 
  0x0000012399a5cdc0: e4f0 48b8 | d052 79d6 | fc7f 0000 | ffd0 498b | e44d 33e4 | 41c7 874c | 0400 0008 | 0000 0049 
  0x0000012399a5cde0: c787 a003 | 0000 0000 | 0000 49c7 | 87b0 0300 | 0000 0000 | 0049 c787 | a803 0000 | 0000 0000 
  0x0000012399a5ce00: c5f8 774d | 8b9f 3004 | 0000 41c7 | 8300 0100 | 0000 0000 | 0049 bbda | a3a5 9923 | 0100 004c 
  0x0000012399a5ce20: 3b5d 180f | 8556 0100 | 0048 8b04 | 2448 83c4 | 1048 85c0 | 0f84 3001 | 0000 a803 | 0f85 0800 
  0x0000012399a5ce40: 0000 488b | 00e9 2001 | 0000 a801 | 0f85 0900 | 0000 488b | 40fe e90f | 0100 0048 | 8b40 ff41 
  0x0000012399a5ce60: 807f 4000 | 0f84 0001 | 0000 4883 | f800 0f84 | f600 0000 | 4d8b 5f28 | 4983 fb00 | 0f84 1400 
  0x0000012399a5ce80: 0000 4983 | eb08 4d89 | 5f28 4d03 | 5f38 4989 | 03e9 d400 | 0000 4883 | ec70 4889 | 0424 4889 
  0x0000012399a5cea0: 4c24 0848 | 8954 2410 | 4c89 4424 | 184c 894c | 2420 4c89 | 5424 284c | 895c 2430 | c5fb 1144 
  0x0000012399a5cec0: 2440 c5fb | 114c 2448 | c5fb 1154 | 2450 c5fb | 115c 2458 | c5fb 1164 | 2460 c5fb | 116c 2468 
  0x0000012399a5cee0: 498b d748 | 8bc8 4883 | ec20 40f6 | c40f 0f84 | 1900 0000 | 4883 ec08 | 48b8 f0a0 | 6cd6 fc7f 
  0x0000012399a5cf00: 0000 ffd0 | 4883 c408 | e90c 0000 | 0048 b8f0 | a06c d6fc | 7f00 00ff | d048 83c4 | 20c5 fb10 
  0x0000012399a5cf20: 6c24 68c5 | fb10 6424 | 60c5 fb10 | 5c24 58c5 | fb10 5424 | 50c5 fb10 | 4c24 48c5 | fb10 4424 
  0x0000012399a5cf40: 404c 8b5c | 2430 4c8b | 5424 284c | 8b4c 2420 | 4c8b 4424 | 1848 8b54 | 2410 488b | 4c24 0848 
  0x0000012399a5cf60: 8b04 2448 | 83c4 70c5 | f877 4889 | 4510 4883 | ec10 4889 | 0424 48c7 | 4424 0800 | 0000 0041 
  0x0000012399a5cf80: 83bf c804 | 0000 020f | 85bf 0000 | 0048 81ec | 8000 0000 | 4889 4424 | 7848 894c | 2470 4889 
  0x0000012399a5cfa0: 5424 6848 | 895c 2460 | 4889 6c24 | 5048 8974 | 2448 4889 | 7c24 404c | 8944 2438 | 4c89 4c24 
  0x0000012399a5cfc0: 304c 8954 | 2428 4c89 | 5c24 204c | 8964 2418 | 4c89 6c24 | 104c 8974 | 2408 4c89 | 3c24 4c8b 
  0x0000012399a5cfe0: e448 83ec | 2048 83e4 | f048 b8a0 | 18ae d6fc | 7f00 00ff | d049 8be4 | 4c8b 3c24 | 4c8b 7424 
  0x0000012399a5d000: 084c 8b6c | 2410 4c8b | 6424 184c | 8b5c 2420 | 4c8b 5424 | 284c 8b4c | 2430 4c8b | 4424 3848 
  0x0000012399a5d020: 8b7c 2440 | 488b 7424 | 4848 8b6c | 2450 488b | 5c24 6048 | 8b54 2468 | 488b 4c24 | 7048 8b44 
  0x0000012399a5d040: 2478 4881 | c480 0000 | 004d 33e4 | 488b 5de8 | 4c8b 6b08 | 4d8d 6d38 | 4983 7f08 | 000f 84bb 
  0x0000012399a5d060: 0000 00e8 | 0500 0000 | e996 0000 | 0048 8d44 | 2408 4c89 | 6dc0 498b | cfc5 f877 | 4989 afb0 
  0x0000012399a5d080: 0300 0049 | 8987 a003 | 0000 4883 | ec20 40f6 | c40f 0f84 | 1900 0000 | 4883 ec08 | 48b8 101b 
  0x0000012399a5d0a0: 78d6 fc7f | 0000 ffd0 | 4883 c408 | e90c 0000 | 0048 b810 | 1b78 d6fc | 7f00 00ff | d048 83c4 
  0x0000012399a5d0c0: 2049 c787 | a003 0000 | 0000 0000 | 49c7 87b0 | 0300 0000 | 0000 0049 | c787 a803 | 0000 0000 
  0x0000012399a5d0e0: 0000 c5f8 | 7749 837f | 0800 0f84 | 0500 0000 | e90b 3eff | ff4c 8b6d | c04c 8b75 | c84e 8d74 
  0x0000012399a5d100: f500 c348 | b940 53da | d6fc 7f00 | 0048 83e4 | f048 b8b0 | c39c d6fc | 7f00 00ff | d0f4 448b 
  0x0000012399a5d120: 5b28 41f6 | c320 0f84 | 4401 0000 | 488d 55a8 | 4c8b 5a08 | 4d85 db0f | 85bb 0000 | 00e8 0500 
  0x0000012399a5d140: 0000 e996 | 0000 0048 | 8d44 2408 | 4c89 6dc0 | 498b cfc5 | f877 4989 | afb0 0300 | 0049 8987 
  0x0000012399a5d160: a003 0000 | 4883 ec20 | 40f6 c40f | 0f84 1900 | 0000 4883 | ec08 48b8 | 401a 78d6 | fc7f 0000 
  0x0000012399a5d180: ffd0 4883 | c408 e90c | 0000 0048 | b840 1a78 | d6fc 7f00 | 00ff d048 | 83c4 2049 | c787 a003 
  0x0000012399a5d1a0: 0000 0000 | 0000 49c7 | 87b0 0300 | 0000 0000 | 0049 c787 | a803 0000 | 0000 0000 | c5f8 7749 
  0x0000012399a5d1c0: 837f 0800 | 0f84 0500 | 0000 e931 | 3dff ff4c | 8b6d c04c | 8b75 c84e | 8d74 f500 | c348 b940 
  0x0000012399a5d1e0: 53da d6fc | 7f00 0048 | 83e4 f048 | b8b0 c39c | d6fc 7f00 | 00ff d0f4 | 4c89 6dc0 | 488d 024c 
  0x0000012399a5d200: 8b4a 0848 | c742 0800 | 0000 004c | 8b00 4d85 | c00f 840b | 0000 00f0 | 4d0f b101 | 0f85 0c00 
  0x0000012399a5d220: 0000 49ff | 8f50 0500 | 00e9 3e00 | 0000 4c89 | 4a08 488b | ca48 83ec | 2040 f6c4 | 0f0f 8419 
  0x0000012399a5d240: 0000 0048 | 83ec 0848 | b8b0 ed77 | d6fc 7f00 | 00ff d048 | 83c4 08e9 | 0c00 0000 | 48b8 b0ed 
  0x0000012399a5d260: 77d6 fc7f | 0000 ffd0 | 4883 c420 | 4c8b 6dc0 | 49ba c65c | 04d7 fc7f | 0000 4180 | 3a00 0f84 
  0x0000012399a5d280: 3e00 0000 | 488b 55e8 | 498b cf48 | 83ec 2040 | f6c4 0f0f | 8419 0000 | 0048 83ec | 0848 b850 
  0x0000012399a5d2a0: e1ad d6fc | 7f00 00ff | d048 83c4 | 08e9 0c00 | 0000 48b8 | 50e1 add6 | fc7f 0000 | ffd0 4883 
  0x0000012399a5d2c0: c420 488b | 0424 4883 | c410 c5fb | 1004 2448 | 83c4 104c | 8b5d 1841 | ffd3 4c8b | 5df8 c95f 
  0x0000012399a5d2e0: 498b e3ff | e7ba 0000 | 0000 e805 | 0000 00e9 | 9600 0000 | 488d 4424 | 084c 896d | c049 8bcf 
  0x0000012399a5d300: c5f8 7749 | 89af b003 | 0000 4989 | 87a0 0300 | 0048 83ec | 2040 f6c4 | 0f0f 8419 | 0000 0048 
  0x0000012399a5d320: 83ec 0848 | b850 e177 | d6fc 7f00 | 00ff d048 | 83c4 08e9 | 0c00 0000 | 48b8 50e1 | 77d6 fc7f 
  0x0000012399a5d340: 0000 ffd0 | 4883 c420 | 49c7 87a0 | 0300 0000 | 0000 0049 | c787 b003 | 0000 0000 | 0000 49c7 
  0x0000012399a5d360: 87a8 0300 | 0000 0000 | 00c5 f877 | 4983 7f08 | 000f 8405 | 0000 00e9 | 843b ffff | 4c8b 6dc0 
  0x0000012399a5d380: 4c8b 75c8 | 4e8d 74f5 | 00c3 488b | 5de8 e929 | f7ff ff0f | 1f44 0000 
[/MachCode]

---------------  P R O C E S S  ---------------

Threads class SMR info:
_java_thread_list=0x00000123a71d4a50, length=13, elements={
0x000001238d11a910, 0x00000123a71d9e20, 0x00000123a71dac40, 0x00000123a71dd020,
0x00000123a71dfd10, 0x00000123a71e0770, 0x00000123a71e46d0, 0x00000123a71e7880,
0x00000123a71eb320, 0x00000123a7440e00, 0x00000123a7447630, 0x00000123f61b4e90,
0x00000123f6269670
}

Java Threads: ( => current thread )
=>0x000001238d11a910 JavaThread "main"                              [_thread_in_vm, id=13884, stack(0x0000001496f00000,0x0000001497000000) (1024K)]
  0x00000123a71d9e20 JavaThread "Reference Handler"          daemon [_thread_blocked, id=6560, stack(0x0000001497700000,0x0000001497800000) (1024K)]
  0x00000123a71dac40 JavaThread "Finalizer"                  daemon [_thread_blocked, id=18548, stack(0x0000001497800000,0x0000001497900000) (1024K)]
  0x00000123a71dd020 JavaThread "Signal Dispatcher"          daemon [_thread_blocked, id=9868, stack(0x0000001497900000,0x0000001497a00000) (1024K)]
  0x00000123a71dfd10 JavaThread "Attach Listener"            daemon [_thread_blocked, id=18068, stack(0x0000001497a00000,0x0000001497b00000) (1024K)]
  0x00000123a71e0770 JavaThread "Service Thread"             daemon [_thread_blocked, id=14412, stack(0x0000001497b00000,0x0000001497c00000) (1024K)]
  0x00000123a71e46d0 JavaThread "Monitor Deflation Thread"   daemon [_thread_blocked, id=19084, stack(0x0000001497c00000,0x0000001497d00000) (1024K)]
  0x00000123a71e7880 JavaThread "C2 CompilerThread0"         daemon [_thread_blocked, id=12160, stack(0x0000001497d00000,0x0000001497e00000) (1024K)]
  0x00000123a71eb320 JavaThread "C1 CompilerThread0"         daemon [_thread_blocked, id=13388, stack(0x0000001497e00000,0x0000001497f00000) (1024K)]
  0x00000123a7440e00 JavaThread "Notification Thread"        daemon [_thread_blocked, id=11084, stack(0x0000001497f00000,0x0000001498000000) (1024K)]
  0x00000123a7447630 JavaThread "Common-Cleaner"             daemon [_thread_blocked, id=13040, stack(0x0000001498000000,0x0000001498100000) (1024K)]
  0x00000123f61b4e90 JavaThread "Java2D Disposer"            daemon [_thread_blocked, id=2592, stack(0x0000001498100000,0x0000001498200000) (1024K)]
  0x00000123f6269670 JavaThread "AWT-Windows"                daemon [_thread_in_native, id=416, stack(0x0000001498900000,0x0000001498a00000) (1024K)]
Total: 13

Other Threads:
  0x00000123a71b1260 VMThread "VM Thread"                           [id=11484, stack(0x0000001497600000,0x0000001497700000) (1024K)]
  0x00000123a719de40 WatcherThread "VM Periodic Task Thread"        [id=1532, stack(0x0000001497500000,0x0000001497600000) (1024K)]
  0x000001238d2f3600 WorkerThread "GC Thread#0"                     [id=11384, stack(0x0000001497000000,0x0000001497100000) (1024K)]
  0x00000123f65d2470 WorkerThread "GC Thread#1"                     [id=14320, stack(0x0000001498800000,0x0000001498900000) (1024K)]
  0x00000123f65d2820 WorkerThread "GC Thread#2"                     [id=21940, stack(0x0000001498a00000,0x0000001498b00000) (1024K)]
  0x00000123f6315cf0 WorkerThread "GC Thread#3"                     [id=8420, stack(0x0000001498b00000,0x0000001498c00000) (1024K)]
  0x00000123f6313230 WorkerThread "GC Thread#4"                     [id=9372, stack(0x0000001498c00000,0x0000001498d00000) (1024K)]
  0x00000123f667a080 WorkerThread "GC Thread#5"                     [id=22060, stack(0x0000001498d00000,0x0000001498e00000) (1024K)]
  0x00000123f6501870 WorkerThread "GC Thread#6"                     [id=9240, stack(0x0000001498e00000,0x0000001498f00000) (1024K)]
  0x00000123f656d6c0 WorkerThread "GC Thread#7"                     [id=17052, stack(0x0000001498f00000,0x0000001499000000) (1024K)]
  0x000001238d304a10 ConcurrentGCThread "G1 Main Marker"            [id=16248, stack(0x0000001497100000,0x0000001497200000) (1024K)]
  0x000001238d305430 WorkerThread "G1 Conc#0"                       [id=22020, stack(0x0000001497200000,0x0000001497300000) (1024K)]
  0x000001238d34ead0 ConcurrentGCThread "G1 Refine#0"               [id=2236, stack(0x0000001497300000,0x0000001497400000) (1024K)]
  0x00000123a7070bc0 ConcurrentGCThread "G1 Service"                [id=6224, stack(0x0000001497400000,0x0000001497500000) (1024K)]
Total: 14

Threads with active compile tasks:
Total: 0

VM state: not at safepoint (normal execution)

VM Mutex/Monitor currently owned by a thread: None

Heap address: 0x0000000082200000, size: 2014 MB, Compressed Oops mode: 32-bit

CDS archive(s) mapped at: [0x00000123a8000000-0x00000123a8c80000-0x00000123a8c80000), size 13107200, SharedBaseAddress: 0x00000123a8000000, ArchiveRelocationMode: 1.
Compressed class space mapped at: 0x00000123a9000000-0x00000123e9000000, reserved size: 1073741824
Narrow klass base: 0x00000123a8000000, Narrow klass shift: 0, Narrow klass range: 0x100000000

GC Precious Log:
 CardTable entry size: 512
 Card Set container configuration: InlinePtr #cards 5 size 8 Array Of Cards #cards 12 size 40 Howl #buckets 4 coarsen threshold 1843 Howl Bitmap #cards 512 size 80 coarsen threshold 460 Card regions per heap region 1 cards per card region 2048
 CPUs: 8 total, 8 available
 Memory: 8052M
 Large Page Support: Disabled
 NUMA Support: Disabled
 Compressed Oops: Enabled (32-bit)
 Heap Region Size: 1M
 Heap Min Capacity: 8M
 Heap Initial Capacity: 126M
 Heap Max Capacity: 2014M
 Pre-touch: Disabled
 Parallel Workers: 8
 Concurrent Workers: 2
 Concurrent Refinement Workers: 8
 Periodic GC: Disabled

Heap:
 garbage-first heap   total 129024K, used 13949K [0x0000000082200000, 0x0000000100000000)
  region size 1024K, 9 young (9216K), 1 survivors (1024K)
 Metaspace       used 7157K, committed 7424K, reserved 1114112K
  class space    used 502K, committed 640K, reserved 1048576K

Heap Regions: E=young(eden), S=young(survivor), O=old, HS=humongous(starts), HC=humongous(continues), CS=collection set, F=free, TAMS=top-at-mark-start, PB=parsable bottom
|   0|0x0000000082200000, 0x0000000082300000, 0x0000000082300000|100%| O|  |TAMS 0x0000000082200000| PB 0x0000000082200000| Untracked 
|   1|0x0000000082300000, 0x0000000082400000, 0x0000000082400000|100%| O|  |TAMS 0x0000000082300000| PB 0x0000000082300000| Untracked 
|   2|0x0000000082400000, 0x0000000082500000, 0x0000000082500000|100%| O|  |TAMS 0x0000000082400000| PB 0x0000000082400000| Untracked 
|   3|0x0000000082500000, 0x0000000082600000, 0x0000000082600000|100%| O|  |TAMS 0x0000000082500000| PB 0x0000000082500000| Untracked 
|   4|0x0000000082600000, 0x0000000082700000, 0x0000000082700000|100%| O|  |TAMS 0x0000000082600000| PB 0x0000000082600000| Untracked 
|   5|0x0000000082700000, 0x00000000827b1f78, 0x0000000082800000| 69%| O|  |TAMS 0x0000000082700000| PB 0x0000000082700000| Untracked 
|   6|0x0000000082800000, 0x0000000082800000, 0x0000000082900000|  0%| F|  |TAMS 0x0000000082800000| PB 0x0000000082800000| Untracked 
|   7|0x0000000082900000, 0x0000000082900000, 0x0000000082a00000|  0%| F|  |TAMS 0x0000000082900000| PB 0x0000000082900000| Untracked 
|   8|0x0000000082a00000, 0x0000000082a00000, 0x0000000082b00000|  0%| F|  |TAMS 0x0000000082a00000| PB 0x0000000082a00000| Untracked 
|   9|0x0000000082b00000, 0x0000000082b00000, 0x0000000082c00000|  0%| F|  |TAMS 0x0000000082b00000| PB 0x0000000082b00000| Untracked 
|  10|0x0000000082c00000, 0x0000000082c00000, 0x0000000082d00000|  0%| F|  |TAMS 0x0000000082c00000| PB 0x0000000082c00000| Untracked 
|  11|0x0000000082d00000, 0x0000000082d00000, 0x0000000082e00000|  0%| F|  |TAMS 0x0000000082d00000| PB 0x0000000082d00000| Untracked 
|  12|0x0000000082e00000, 0x0000000082e00000, 0x0000000082f00000|  0%| F|  |TAMS 0x0000000082e00000| PB 0x0000000082e00000| Untracked 
|  13|0x0000000082f00000, 0x0000000082f00000, 0x0000000083000000|  0%| F|  |TAMS 0x0000000082f00000| PB 0x0000000082f00000| Untracked 
|  14|0x0000000083000000, 0x0000000083000000, 0x0000000083100000|  0%| F|  |TAMS 0x0000000083000000| PB 0x0000000083000000| Untracked 
|  15|0x0000000083100000, 0x0000000083100000, 0x0000000083200000|  0%| F|  |TAMS 0x0000000083100000| PB 0x0000000083100000| Untracked 
|  16|0x0000000083200000, 0x0000000083200000, 0x0000000083300000|  0%| F|  |TAMS 0x0000000083200000| PB 0x0000000083200000| Untracked 
|  17|0x0000000083300000, 0x0000000083300000, 0x0000000083400000|  0%| F|  |TAMS 0x0000000083300000| PB 0x0000000083300000| Untracked 
|  18|0x0000000083400000, 0x0000000083400000, 0x0000000083500000|  0%| F|  |TAMS 0x0000000083400000| PB 0x0000000083400000| Untracked 
|  19|0x0000000083500000, 0x0000000083500000, 0x0000000083600000|  0%| F|  |TAMS 0x0000000083500000| PB 0x0000000083500000| Untracked 
|  20|0x0000000083600000, 0x0000000083600000, 0x0000000083700000|  0%| F|  |TAMS 0x0000000083600000| PB 0x0000000083600000| Untracked 
|  21|0x0000000083700000, 0x0000000083700000, 0x0000000083800000|  0%| F|  |TAMS 0x0000000083700000| PB 0x0000000083700000| Untracked 
|  22|0x0000000083800000, 0x0000000083800000, 0x0000000083900000|  0%| F|  |TAMS 0x0000000083800000| PB 0x0000000083800000| Untracked 
|  23|0x0000000083900000, 0x0000000083900000, 0x0000000083a00000|  0%| F|  |TAMS 0x0000000083900000| PB 0x0000000083900000| Untracked 
|  24|0x0000000083a00000, 0x0000000083a00000, 0x0000000083b00000|  0%| F|  |TAMS 0x0000000083a00000| PB 0x0000000083a00000| Untracked 
|  25|0x0000000083b00000, 0x0000000083b00000, 0x0000000083c00000|  0%| F|  |TAMS 0x0000000083b00000| PB 0x0000000083b00000| Untracked 
|  26|0x0000000083c00000, 0x0000000083c00000, 0x0000000083d00000|  0%| F|  |TAMS 0x0000000083c00000| PB 0x0000000083c00000| Untracked 
|  27|0x0000000083d00000, 0x0000000083d00000, 0x0000000083e00000|  0%| F|  |TAMS 0x0000000083d00000| PB 0x0000000083d00000| Untracked 
|  28|0x0000000083e00000, 0x0000000083e00000, 0x0000000083f00000|  0%| F|  |TAMS 0x0000000083e00000| PB 0x0000000083e00000| Untracked 
|  29|0x0000000083f00000, 0x0000000083f00000, 0x0000000084000000|  0%| F|  |TAMS 0x0000000083f00000| PB 0x0000000083f00000| Untracked 
|  30|0x0000000084000000, 0x0000000084000000, 0x0000000084100000|  0%| F|  |TAMS 0x0000000084000000| PB 0x0000000084000000| Untracked 
|  31|0x0000000084100000, 0x0000000084100000, 0x0000000084200000|  0%| F|  |TAMS 0x0000000084100000| PB 0x0000000084100000| Untracked 
|  32|0x0000000084200000, 0x0000000084200000, 0x0000000084300000|  0%| F|  |TAMS 0x0000000084200000| PB 0x0000000084200000| Untracked 
|  33|0x0000000084300000, 0x0000000084300000, 0x0000000084400000|  0%| F|  |TAMS 0x0000000084300000| PB 0x0000000084300000| Untracked 
|  34|0x0000000084400000, 0x0000000084400000, 0x0000000084500000|  0%| F|  |TAMS 0x0000000084400000| PB 0x0000000084400000| Untracked 
|  35|0x0000000084500000, 0x0000000084500000, 0x0000000084600000|  0%| F|  |TAMS 0x0000000084500000| PB 0x0000000084500000| Untracked 
|  36|0x0000000084600000, 0x0000000084600000, 0x0000000084700000|  0%| F|  |TAMS 0x0000000084600000| PB 0x0000000084600000| Untracked 
|  37|0x0000000084700000, 0x0000000084700000, 0x0000000084800000|  0%| F|  |TAMS 0x0000000084700000| PB 0x0000000084700000| Untracked 
|  38|0x0000000084800000, 0x0000000084800000, 0x0000000084900000|  0%| F|  |TAMS 0x0000000084800000| PB 0x0000000084800000| Untracked 
|  39|0x0000000084900000, 0x0000000084900000, 0x0000000084a00000|  0%| F|  |TAMS 0x0000000084900000| PB 0x0000000084900000| Untracked 
|  40|0x0000000084a00000, 0x0000000084a00000, 0x0000000084b00000|  0%| F|  |TAMS 0x0000000084a00000| PB 0x0000000084a00000| Untracked 
|  41|0x0000000084b00000, 0x0000000084b00000, 0x0000000084c00000|  0%| F|  |TAMS 0x0000000084b00000| PB 0x0000000084b00000| Untracked 
|  42|0x0000000084c00000, 0x0000000084c00000, 0x0000000084d00000|  0%| F|  |TAMS 0x0000000084c00000| PB 0x0000000084c00000| Untracked 
|  43|0x0000000084d00000, 0x0000000084d00000, 0x0000000084e00000|  0%| F|  |TAMS 0x0000000084d00000| PB 0x0000000084d00000| Untracked 
|  44|0x0000000084e00000, 0x0000000084e00000, 0x0000000084f00000|  0%| F|  |TAMS 0x0000000084e00000| PB 0x0000000084e00000| Untracked 
|  45|0x0000000084f00000, 0x0000000084f00000, 0x0000000085000000|  0%| F|  |TAMS 0x0000000084f00000| PB 0x0000000084f00000| Untracked 
|  46|0x0000000085000000, 0x0000000085000000, 0x0000000085100000|  0%| F|  |TAMS 0x0000000085000000| PB 0x0000000085000000| Untracked 
|  47|0x0000000085100000, 0x0000000085100000, 0x0000000085200000|  0%| F|  |TAMS 0x0000000085100000| PB 0x0000000085100000| Untracked 
|  48|0x0000000085200000, 0x0000000085200000, 0x0000000085300000|  0%| F|  |TAMS 0x0000000085200000| PB 0x0000000085200000| Untracked 
|  49|0x0000000085300000, 0x0000000085300000, 0x0000000085400000|  0%| F|  |TAMS 0x0000000085300000| PB 0x0000000085300000| Untracked 
|  50|0x0000000085400000, 0x0000000085400000, 0x0000000085500000|  0%| F|  |TAMS 0x0000000085400000| PB 0x0000000085400000| Untracked 
|  51|0x0000000085500000, 0x0000000085500000, 0x0000000085600000|  0%| F|  |TAMS 0x0000000085500000| PB 0x0000000085500000| Untracked 
|  52|0x0000000085600000, 0x0000000085600000, 0x0000000085700000|  0%| F|  |TAMS 0x0000000085600000| PB 0x0000000085600000| Untracked 
|  53|0x0000000085700000, 0x0000000085700000, 0x0000000085800000|  0%| F|  |TAMS 0x0000000085700000| PB 0x0000000085700000| Untracked 
|  54|0x0000000085800000, 0x0000000085800000, 0x0000000085900000|  0%| F|  |TAMS 0x0000000085800000| PB 0x0000000085800000| Untracked 
|  55|0x0000000085900000, 0x0000000085900000, 0x0000000085a00000|  0%| F|  |TAMS 0x0000000085900000| PB 0x0000000085900000| Untracked 
|  56|0x0000000085a00000, 0x0000000085a00000, 0x0000000085b00000|  0%| F|  |TAMS 0x0000000085a00000| PB 0x0000000085a00000| Untracked 
|  57|0x0000000085b00000, 0x0000000085b00000, 0x0000000085c00000|  0%| F|  |TAMS 0x0000000085b00000| PB 0x0000000085b00000| Untracked 
|  58|0x0000000085c00000, 0x0000000085c00000, 0x0000000085d00000|  0%| F|  |TAMS 0x0000000085c00000| PB 0x0000000085c00000| Untracked 
|  59|0x0000000085d00000, 0x0000000085d00000, 0x0000000085e00000|  0%| F|  |TAMS 0x0000000085d00000| PB 0x0000000085d00000| Untracked 
|  60|0x0000000085e00000, 0x0000000085e00000, 0x0000000085f00000|  0%| F|  |TAMS 0x0000000085e00000| PB 0x0000000085e00000| Untracked 
|  61|0x0000000085f00000, 0x0000000085f00000, 0x0000000086000000|  0%| F|  |TAMS 0x0000000085f00000| PB 0x0000000085f00000| Untracked 
|  62|0x0000000086000000, 0x0000000086000000, 0x0000000086100000|  0%| F|  |TAMS 0x0000000086000000| PB 0x0000000086000000| Untracked 
|  63|0x0000000086100000, 0x0000000086100000, 0x0000000086200000|  0%| F|  |TAMS 0x0000000086100000| PB 0x0000000086100000| Untracked 
|  64|0x0000000086200000, 0x0000000086200000, 0x0000000086300000|  0%| F|  |TAMS 0x0000000086200000| PB 0x0000000086200000| Untracked 
|  65|0x0000000086300000, 0x0000000086300000, 0x0000000086400000|  0%| F|  |TAMS 0x0000000086300000| PB 0x0000000086300000| Untracked 
|  66|0x0000000086400000, 0x0000000086400000, 0x0000000086500000|  0%| F|  |TAMS 0x0000000086400000| PB 0x0000000086400000| Untracked 
|  67|0x0000000086500000, 0x0000000086500000, 0x0000000086600000|  0%| F|  |TAMS 0x0000000086500000| PB 0x0000000086500000| Untracked 
|  68|0x0000000086600000, 0x0000000086600000, 0x0000000086700000|  0%| F|  |TAMS 0x0000000086600000| PB 0x0000000086600000| Untracked 
|  69|0x0000000086700000, 0x0000000086700000, 0x0000000086800000|  0%| F|  |TAMS 0x0000000086700000| PB 0x0000000086700000| Untracked 
|  70|0x0000000086800000, 0x0000000086800000, 0x0000000086900000|  0%| F|  |TAMS 0x0000000086800000| PB 0x0000000086800000| Untracked 
|  71|0x0000000086900000, 0x0000000086900000, 0x0000000086a00000|  0%| F|  |TAMS 0x0000000086900000| PB 0x0000000086900000| Untracked 
|  72|0x0000000086a00000, 0x0000000086a00000, 0x0000000086b00000|  0%| F|  |TAMS 0x0000000086a00000| PB 0x0000000086a00000| Untracked 
|  73|0x0000000086b00000, 0x0000000086b00000, 0x0000000086c00000|  0%| F|  |TAMS 0x0000000086b00000| PB 0x0000000086b00000| Untracked 
|  74|0x0000000086c00000, 0x0000000086c00000, 0x0000000086d00000|  0%| F|  |TAMS 0x0000000086c00000| PB 0x0000000086c00000| Untracked 
|  75|0x0000000086d00000, 0x0000000086d00000, 0x0000000086e00000|  0%| F|  |TAMS 0x0000000086d00000| PB 0x0000000086d00000| Untracked 
|  76|0x0000000086e00000, 0x0000000086e00000, 0x0000000086f00000|  0%| F|  |TAMS 0x0000000086e00000| PB 0x0000000086e00000| Untracked 
|  77|0x0000000086f00000, 0x0000000086f00000, 0x0000000087000000|  0%| F|  |TAMS 0x0000000086f00000| PB 0x0000000086f00000| Untracked 
|  78|0x0000000087000000, 0x0000000087000000, 0x0000000087100000|  0%| F|  |TAMS 0x0000000087000000| PB 0x0000000087000000| Untracked 
|  79|0x0000000087100000, 0x0000000087100000, 0x0000000087200000|  0%| F|  |TAMS 0x0000000087100000| PB 0x0000000087100000| Untracked 
|  80|0x0000000087200000, 0x0000000087200000, 0x0000000087300000|  0%| F|  |TAMS 0x0000000087200000| PB 0x0000000087200000| Untracked 
|  81|0x0000000087300000, 0x0000000087300000, 0x0000000087400000|  0%| F|  |TAMS 0x0000000087300000| PB 0x0000000087300000| Untracked 
|  82|0x0000000087400000, 0x0000000087400000, 0x0000000087500000|  0%| F|  |TAMS 0x0000000087400000| PB 0x0000000087400000| Untracked 
|  83|0x0000000087500000, 0x0000000087500000, 0x0000000087600000|  0%| F|  |TAMS 0x0000000087500000| PB 0x0000000087500000| Untracked 
|  84|0x0000000087600000, 0x0000000087600000, 0x0000000087700000|  0%| F|  |TAMS 0x0000000087600000| PB 0x0000000087600000| Untracked 
|  85|0x0000000087700000, 0x0000000087700000, 0x0000000087800000|  0%| F|  |TAMS 0x0000000087700000| PB 0x0000000087700000| Untracked 
|  86|0x0000000087800000, 0x0000000087800000, 0x0000000087900000|  0%| F|  |TAMS 0x0000000087800000| PB 0x0000000087800000| Untracked 
|  87|0x0000000087900000, 0x0000000087900000, 0x0000000087a00000|  0%| F|  |TAMS 0x0000000087900000| PB 0x0000000087900000| Untracked 
|  88|0x0000000087a00000, 0x0000000087a00000, 0x0000000087b00000|  0%| F|  |TAMS 0x0000000087a00000| PB 0x0000000087a00000| Untracked 
|  89|0x0000000087b00000, 0x0000000087b00000, 0x0000000087c00000|  0%| F|  |TAMS 0x0000000087b00000| PB 0x0000000087b00000| Untracked 
|  90|0x0000000087c00000, 0x0000000087c00000, 0x0000000087d00000|  0%| F|  |TAMS 0x0000000087c00000| PB 0x0000000087c00000| Untracked 
|  91|0x0000000087d00000, 0x0000000087d00000, 0x0000000087e00000|  0%| F|  |TAMS 0x0000000087d00000| PB 0x0000000087d00000| Untracked 
|  92|0x0000000087e00000, 0x0000000087e00000, 0x0000000087f00000|  0%| F|  |TAMS 0x0000000087e00000| PB 0x0000000087e00000| Untracked 
|  93|0x0000000087f00000, 0x0000000087fed490, 0x0000000088000000| 92%| S|CS|TAMS 0x0000000087f00000| PB 0x0000000087f00000| Complete 
|  94|0x0000000088000000, 0x0000000088000000, 0x0000000088100000|  0%| F|  |TAMS 0x0000000088000000| PB 0x0000000088000000| Untracked 
|  95|0x0000000088100000, 0x0000000088100000, 0x0000000088200000|  0%| F|  |TAMS 0x0000000088100000| PB 0x0000000088100000| Untracked 
|  96|0x0000000088200000, 0x0000000088200000, 0x0000000088300000|  0%| F|  |TAMS 0x0000000088200000| PB 0x0000000088200000| Untracked 
|  97|0x0000000088300000, 0x0000000088300000, 0x0000000088400000|  0%| F|  |TAMS 0x0000000088300000| PB 0x0000000088300000| Untracked 
|  98|0x0000000088400000, 0x0000000088400000, 0x0000000088500000|  0%| F|  |TAMS 0x0000000088400000| PB 0x0000000088400000| Untracked 
|  99|0x0000000088500000, 0x0000000088500000, 0x0000000088600000|  0%| F|  |TAMS 0x0000000088500000| PB 0x0000000088500000| Untracked 
| 100|0x0000000088600000, 0x0000000088600000, 0x0000000088700000|  0%| F|  |TAMS 0x0000000088600000| PB 0x0000000088600000| Untracked 
| 101|0x0000000088700000, 0x0000000088700000, 0x0000000088800000|  0%| F|  |TAMS 0x0000000088700000| PB 0x0000000088700000| Untracked 
| 102|0x0000000088800000, 0x0000000088800000, 0x0000000088900000|  0%| F|  |TAMS 0x0000000088800000| PB 0x0000000088800000| Untracked 
| 103|0x0000000088900000, 0x0000000088900000, 0x0000000088a00000|  0%| F|  |TAMS 0x0000000088900000| PB 0x0000000088900000| Untracked 
| 104|0x0000000088a00000, 0x0000000088a00000, 0x0000000088b00000|  0%| F|  |TAMS 0x0000000088a00000| PB 0x0000000088a00000| Untracked 
| 105|0x0000000088b00000, 0x0000000088b00000, 0x0000000088c00000|  0%| F|  |TAMS 0x0000000088b00000| PB 0x0000000088b00000| Untracked 
| 106|0x0000000088c00000, 0x0000000088c00000, 0x0000000088d00000|  0%| F|  |TAMS 0x0000000088c00000| PB 0x0000000088c00000| Untracked 
| 107|0x0000000088d00000, 0x0000000088d00000, 0x0000000088e00000|  0%| F|  |TAMS 0x0000000088d00000| PB 0x0000000088d00000| Untracked 
| 108|0x0000000088e00000, 0x0000000088e00000, 0x0000000088f00000|  0%| F|  |TAMS 0x0000000088e00000| PB 0x0000000088e00000| Untracked 
| 109|0x0000000088f00000, 0x0000000088f00000, 0x0000000089000000|  0%| F|  |TAMS 0x0000000088f00000| PB 0x0000000088f00000| Untracked 
| 110|0x0000000089000000, 0x0000000089000000, 0x0000000089100000|  0%| F|  |TAMS 0x0000000089000000| PB 0x0000000089000000| Untracked 
| 111|0x0000000089100000, 0x0000000089100000, 0x0000000089200000|  0%| F|  |TAMS 0x0000000089100000| PB 0x0000000089100000| Untracked 
| 112|0x0000000089200000, 0x0000000089200000, 0x0000000089300000|  0%| F|  |TAMS 0x0000000089200000| PB 0x0000000089200000| Untracked 
| 113|0x0000000089300000, 0x0000000089300000, 0x0000000089400000|  0%| F|  |TAMS 0x0000000089300000| PB 0x0000000089300000| Untracked 
| 114|0x0000000089400000, 0x0000000089400000, 0x0000000089500000|  0%| F|  |TAMS 0x0000000089400000| PB 0x0000000089400000| Untracked 
| 115|0x0000000089500000, 0x0000000089500000, 0x0000000089600000|  0%| F|  |TAMS 0x0000000089500000| PB 0x0000000089500000| Untracked 
| 116|0x0000000089600000, 0x0000000089600000, 0x0000000089700000|  0%| F|  |TAMS 0x0000000089600000| PB 0x0000000089600000| Untracked 
| 117|0x0000000089700000, 0x0000000089700000, 0x0000000089800000|  0%| F|  |TAMS 0x0000000089700000| PB 0x0000000089700000| Untracked 
| 118|0x0000000089800000, 0x0000000089900000, 0x0000000089900000|100%| E|  |TAMS 0x0000000089800000| PB 0x0000000089800000| Complete 
| 119|0x0000000089900000, 0x0000000089a00000, 0x0000000089a00000|100%| E|CS|TAMS 0x0000000089900000| PB 0x0000000089900000| Complete 
| 120|0x0000000089a00000, 0x0000000089b00000, 0x0000000089b00000|100%| E|CS|TAMS 0x0000000089a00000| PB 0x0000000089a00000| Complete 
| 121|0x0000000089b00000, 0x0000000089c00000, 0x0000000089c00000|100%| E|CS|TAMS 0x0000000089b00000| PB 0x0000000089b00000| Complete 
| 122|0x0000000089c00000, 0x0000000089d00000, 0x0000000089d00000|100%| E|CS|TAMS 0x0000000089c00000| PB 0x0000000089c00000| Complete 
| 123|0x0000000089d00000, 0x0000000089e00000, 0x0000000089e00000|100%| E|CS|TAMS 0x0000000089d00000| PB 0x0000000089d00000| Complete 
| 124|0x0000000089e00000, 0x0000000089f00000, 0x0000000089f00000|100%| E|CS|TAMS 0x0000000089e00000| PB 0x0000000089e00000| Complete 
| 125|0x0000000089f00000, 0x000000008a000000, 0x000000008a000000|100%| E|CS|TAMS 0x0000000089f00000| PB 0x0000000089f00000| Complete 

Card table byte_map: [0x00000123a2390000,0x00000123a2780000] _byte_map_base: 0x00000123a1f7f000

Marking Bits: (CMBitMap*) 0x000001238d2f3c20
 Bits: [0x00000123a2780000, 0x00000123a46f8000)

Polling page: 0x0000012392500000

Metaspace:

Usage:
  Non-class:      6.50 MB used.
      Class:    502.51 KB used.
       Both:      6.99 MB used.

Virtual space:
  Non-class space:       64.00 MB reserved,       6.62 MB ( 10%) committed,  1 nodes.
      Class space:        1.00 GB reserved,     640.00 KB ( <1%) committed,  1 nodes.
             Both:        1.06 GB reserved,       7.25 MB ( <1%) committed. 

Chunk freelists:
   Non-Class:  8.79 MB
       Class:  15.22 MB
        Both:  24.01 MB

MaxMetaspaceSize: unlimited
CompressedClassSpaceSize: 1.00 GB
Initial GC threshold: 21.00 MB
Current GC threshold: 21.00 MB
CDS: on
 - commit_granule_bytes: 65536.
 - commit_granule_words: 8192.
 - virtual_space_node_default_size: 8388608.
 - enlarge_chunks_in_place: 1.
 - use_allocation_guard: 0.


Internal statistics:

num_allocs_failed_limit: 0.
num_arena_births: 210.
num_arena_deaths: 0.
num_vsnodes_births: 2.
num_vsnodes_deaths: 0.
num_space_committed: 114.
num_space_uncommitted: 0.
num_chunks_returned_to_freelist: 0.
num_chunks_taken_from_freelist: 351.
num_chunk_merges: 0.
num_chunk_splits: 210.
num_chunks_enlarged: 97.
num_inconsistent_stats: 0.

CodeHeap 'non-profiled nmethods': size=120000Kb used=609Kb max_used=609Kb free=119390Kb
 bounds [0x0000012399ff0000, 0x000001239a260000, 0x00000123a1520000]
CodeHeap 'profiled nmethods': size=120000Kb used=2698Kb max_used=2698Kb free=117301Kb
 bounds [0x0000012392520000, 0x00000123927d0000, 0x0000012399a50000]
CodeHeap 'non-nmethods': size=5760Kb used=2045Kb max_used=2075Kb free=3714Kb
 bounds [0x0000012399a50000, 0x0000012399cc0000, 0x0000012399ff0000]
CodeCache: size=245760Kb, used=5352Kb, max_used=5382Kb, free=240405Kb
 total_blobs=2838, nmethods=1646, adapters=1097, full_count=0
Compilation: enabled, stopped_count=0, restarted_count=0

Compilation events (20 events):
Event: 23.118 Thread 0x00000123a71e7880 1635       4       java.util.concurrent.atomic.AtomicLong::decrementAndGet (16 bytes)
Event: 23.119 Thread 0x00000123a71e7880 nmethod 1635 0x000001239a082b10 code [0x000001239a082ca0, 0x000001239a082d38]
Event: 23.130 Thread 0x00000123a71e7880 1638       4       java.nio.MappedByteBuffer::position (8 bytes)
Event: 23.131 Thread 0x00000123a71e7880 nmethod 1638 0x000001239a082e10 code [0x000001239a082fa0, 0x000001239a0830b0]
Event: 23.264 Thread 0x00000123a71e7880 1639   !   4       org.lwjgl.system.MemoryUtil::wrapBufferInt (74 bytes)
Event: 23.267 Thread 0x00000123a71e7880 nmethod 1639 0x000001239a083210 code [0x000001239a0833a0, 0x000001239a0834b8]
Event: 23.497 Thread 0x00000123a71e7880 1640       4       java.lang.Character::toCodePoint (10 bytes)
Event: 23.498 Thread 0x00000123a71e7880 nmethod 1640 0x000001239a083590 code [0x000001239a083700, 0x000001239a083778]
Event: 23.933 Thread 0x00000123a71e7880 1641   !   4       sun.font.FontStrikeDesc::equals (53 bytes)
Event: 23.943 Thread 0x00000123a71e7880 nmethod 1641 0x000001239a083890 code [0x000001239a083a80, 0x000001239a0841f8]
Event: 24.096 Thread 0x00000123a71e7880 1642       4       sun.java2d.SunGraphicsEnvironment::createGraphics (38 bytes)
Event: 24.132 Thread 0x00000123a71e7880 nmethod 1642 0x000001239a084690 code [0x000001239a0849c0, 0x000001239a0864c8]
Event: 24.914 Thread 0x00000123a71e7880 1643       4       java.awt.geom.AffineTransform::hashCode (87 bytes)
Event: 24.917 Thread 0x00000123a71e7880 nmethod 1643 0x000001239a087110 code [0x000001239a0872a0, 0x000001239a087590]
Event: 26.147 Thread 0x00000123a71e7880 1644       4       sun.java2d.Disposer::addRecord (17 bytes)
Event: 26.149 Thread 0x00000123a71e7880 nmethod 1644 0x000001239a087710 code [0x000001239a0878a0, 0x000001239a0879e8]
Event: 30.063 Thread 0x00000123a71e7880 1645       4       jdk.internal.misc.Unsafe::allocateUninitializedArray (55 bytes)
Event: 30.065 Thread 0x00000123a71e7880 nmethod 1645 0x000001239a087b10 code [0x000001239a087ca0, 0x000001239a087e98]
Event: 30.249 Thread 0x00000123a71e7880 1646       4       jdk.internal.misc.Unsafe::allocateUninitializedArray0 (90 bytes)
Event: 30.252 Thread 0x00000123a71e7880 nmethod 1646 0x000001239a088010 code [0x000001239a0881a0, 0x000001239a088378]

GC Heap History (4 events):
Event: 2.181 GC heap before
{Heap before GC invocations=0 (full 0):
 garbage-first heap   total 129024K, used 22528K [0x0000000082200000, 0x0000000100000000)
  region size 1024K, 23 young (23552K), 0 survivors (0K)
 Metaspace       used 6835K, committed 7040K, reserved 1114112K
  class space    used 485K, committed 576K, reserved 1048576K
}
Event: 2.190 GC heap after
{Heap after GC invocations=1 (full 0):
 garbage-first heap   total 129024K, used 5777K [0x0000000082200000, 0x0000000100000000)
  region size 1024K, 3 young (3072K), 3 survivors (3072K)
 Metaspace       used 6835K, committed 7040K, reserved 1114112K
  class space    used 485K, committed 576K, reserved 1048576K
}
Event: 23.098 GC heap before
{Heap before GC invocations=1 (full 0):
 garbage-first heap   total 129024K, used 34449K [0x0000000082200000, 0x0000000100000000)
  region size 1024K, 32 young (32768K), 3 survivors (3072K)
 Metaspace       used 7145K, committed 7424K, reserved 1114112K
  class space    used 502K, committed 640K, reserved 1048576K
}
Event: 23.106 GC heap after
{Heap after GC invocations=2 (full 0):
 garbage-first heap   total 129024K, used 6781K [0x0000000082200000, 0x0000000100000000)
  region size 1024K, 1 young (1024K), 1 survivors (1024K)
 Metaspace       used 7145K, committed 7424K, reserved 1114112K
  class space    used 502K, committed 640K, reserved 1048576K
}

Dll operation events (12 events):
Event: 0.010 Loaded shared library C:\Users\Felhasználó\.p2\pool\plugins\org.eclipse.justj.openjdk.hotspot.jre.full.win32.x86_64_21.0.10.v20260205-0638\jre\bin\java.dll
Event: 0.053 Loaded shared library C:\Users\Felhasználó\.p2\pool\plugins\org.eclipse.justj.openjdk.hotspot.jre.full.win32.x86_64_21.0.10.v20260205-0638\jre\bin\zip.dll
Event: 0.230 Loaded shared library C:\Users\Felhasználó\.p2\pool\plugins\org.eclipse.justj.openjdk.hotspot.jre.full.win32.x86_64_21.0.10.v20260205-0638\jre\bin\net.dll
Event: 0.233 Loaded shared library C:\Users\Felhasználó\.p2\pool\plugins\org.eclipse.justj.openjdk.hotspot.jre.full.win32.x86_64_21.0.10.v20260205-0638\jre\bin\nio.dll
Event: 0.242 Loaded shared library C:\Users\Felhasználó\.p2\pool\plugins\org.eclipse.justj.openjdk.hotspot.jre.full.win32.x86_64_21.0.10.v20260205-0638\jre\bin\zip.dll
Event: 0.367 Loaded shared library C:\Users\Felhasználó\.p2\pool\plugins\org.eclipse.justj.openjdk.hotspot.jre.full.win32.x86_64_21.0.10.v20260205-0638\jre\bin\jimage.dll
Event: 0.486 Loaded shared library C:\Users\Felhasználó\AppData\Local\Temp\lwjgl_Felhasználó\3.3.6+1\x64\lwjgl.dll
Event: 0.727 Loaded shared library C:\Users\Felhasználó\AppData\Local\Temp\lwjgl_Felhasználó\3.3.6+1\x64\lwjgl_opengl.dll
Event: 0.966 Loaded shared library C:\Users\Felhasználó\AppData\Local\Temp\lwjgl_Felhasználó\3.3.6+1\x64\lwjgl_stb.dll
Event: 1.003 Loaded shared library C:\Users\Felhasználó\.p2\pool\plugins\org.eclipse.justj.openjdk.hotspot.jre.full.win32.x86_64_21.0.10.v20260205-0638\jre\bin\awt.dll
Event: 1.104 Loaded shared library C:\Users\Felhasználó\.p2\pool\plugins\org.eclipse.justj.openjdk.hotspot.jre.full.win32.x86_64_21.0.10.v20260205-0638\jre\bin\freetype.dll
Event: 1.105 Loaded shared library C:\Users\Felhasználó\.p2\pool\plugins\org.eclipse.justj.openjdk.hotspot.jre.full.win32.x86_64_21.0.10.v20260205-0638\jre\bin\fontmanager.dll

Deoptimization events (20 events):
Event: 3.727 Thread 0x000001238d11a910 Uncommon trap: trap_request=0xffffff45 fr.pc=0x000001239a059cf4 relative=0x0000000000000194
Event: 3.727 Thread 0x000001238d11a910 Uncommon trap: reason=unstable_if action=reinterpret pc=0x000001239a059cf4 method=sun.font.CMap$CMapFormat4.getGlyph(I)C @ 70 c2
Event: 3.727 Thread 0x000001238d11a910 DEOPT PACKING pc=0x000001239a059cf4 sp=0x0000001496ffd890
Event: 3.727 Thread 0x000001238d11a910 DEOPT UNPACKING pc=0x0000012399aa4422 sp=0x0000001496ffd7f8 mode 2
Event: 30.080 Thread 0x000001238d11a910 Uncommon trap: trap_request=0xffffffde fr.pc=0x000001239a087ddc relative=0x000000000000013c
Event: 30.080 Thread 0x000001238d11a910 Uncommon trap: reason=class_check action=maybe_recompile pc=0x000001239a087ddc method=jdk.internal.misc.Unsafe.allocateUninitializedArray(Ljava/lang/Class;I)Ljava/lang/Object; @ 51 c2
Event: 30.080 Thread 0x000001238d11a910 DEOPT PACKING pc=0x000001239a087ddc sp=0x0000001496ffd6f0
Event: 30.080 Thread 0x000001238d11a910 DEOPT UNPACKING pc=0x0000012399aa4422 sp=0x0000001496ffd668 mode 2
Event: 30.081 Thread 0x000001238d11a910 Uncommon trap: trap_request=0xffffffde fr.pc=0x000001239a087ddc relative=0x000000000000013c
Event: 30.081 Thread 0x000001238d11a910 Uncommon trap: reason=class_check action=maybe_recompile pc=0x000001239a087ddc method=jdk.internal.misc.Unsafe.allocateUninitializedArray(Ljava/lang/Class;I)Ljava/lang/Object; @ 51 c2
Event: 30.081 Thread 0x000001238d11a910 DEOPT PACKING pc=0x000001239a087ddc sp=0x0000001496ffd790
Event: 30.081 Thread 0x000001238d11a910 DEOPT UNPACKING pc=0x0000012399aa4422 sp=0x0000001496ffd708 mode 2
Event: 30.097 Thread 0x000001238d11a910 Uncommon trap: trap_request=0xffffffde fr.pc=0x000001239a087ddc relative=0x000000000000013c
Event: 30.097 Thread 0x000001238d11a910 Uncommon trap: reason=class_check action=maybe_recompile pc=0x000001239a087ddc method=jdk.internal.misc.Unsafe.allocateUninitializedArray(Ljava/lang/Class;I)Ljava/lang/Object; @ 51 c2
Event: 30.097 Thread 0x000001238d11a910 DEOPT PACKING pc=0x000001239a087ddc sp=0x0000001496ffd6f0
Event: 30.097 Thread 0x000001238d11a910 DEOPT UNPACKING pc=0x0000012399aa4422 sp=0x0000001496ffd668 mode 2
Event: 30.098 Thread 0x000001238d11a910 Uncommon trap: trap_request=0xffffffde fr.pc=0x000001239a087ddc relative=0x000000000000013c
Event: 30.098 Thread 0x000001238d11a910 Uncommon trap: reason=class_check action=maybe_recompile pc=0x000001239a087ddc method=jdk.internal.misc.Unsafe.allocateUninitializedArray(Ljava/lang/Class;I)Ljava/lang/Object; @ 51 c2
Event: 30.098 Thread 0x000001238d11a910 DEOPT PACKING pc=0x000001239a087ddc sp=0x0000001496ffd790
Event: 30.098 Thread 0x000001238d11a910 DEOPT UNPACKING pc=0x0000012399aa4422 sp=0x0000001496ffd708 mode 2

Classes loaded (20 events):
Event: 1.157 Loading class sun/font/FontDesignMetrics$KeyReference
Event: 1.157 Loading class sun/font/FontDesignMetrics$KeyReference done
Event: 1.158 Loading class sun/java2d/loops/FontInfo
Event: 1.158 Loading class sun/java2d/loops/FontInfo done
Event: 2.148 Loading class sun/awt/AppContext
Event: 2.149 Loading class sun/awt/AppContext done
Event: 2.151 Loading class sun/awt/AppContext$GetAppContextLock
Event: 2.151 Loading class sun/awt/AppContext$GetAppContextLock done
Event: 2.151 Loading class sun/awt/AppContext$6
Event: 2.151 Loading class jdk/internal/access/JavaAWTAccess
Event: 2.152 Loading class jdk/internal/access/JavaAWTAccess done
Event: 2.152 Loading class sun/awt/AppContext$6 done
Event: 2.152 Loading class java/util/IdentityHashMap$ValueIterator
Event: 2.152 Loading class java/util/IdentityHashMap$ValueIterator done
Event: 2.212 Loading class sun/nio/cs/Surrogate$Parser
Event: 2.212 Loading class sun/nio/cs/Surrogate$Parser done
Event: 2.212 Loading class sun/nio/cs/Surrogate
Event: 2.212 Loading class sun/nio/cs/Surrogate done
Event: 3.748 Loading class java/lang/invoke/DirectMethodHandle$Special
Event: 3.748 Loading class java/lang/invoke/DirectMethodHandle$Special done

Classes unloaded (0 events):
No events

Classes redefined (0 events):
No events

Internal exceptions (20 events):
Event: 0.586 Thread 0x000001238d11a910 Exception <a 'java/lang/NoSuchMethodError'{0x00000000895256b0}: 'java.lang.Object java.lang.invoke.DirectMethodHandle$Holder.newInvokeSpecial(java.lang.Object, java.lang.Object, int)'> (0x00000000895256b0) 
thrown [s\src\hotspot\share\interpreter\linkResolver.cpp, line 773]
Event: 0.588 Thread 0x000001238d11a910 Exception <a 'java/lang/NoSuchMethodError'{0x0000000089534000}: 'int java.lang.invoke.DirectMethodHandle$Holder.invokeStaticInit(java.lang.Object, java.lang.Object, long, long)'> (0x0000000089534000) 
thrown [s\src\hotspot\share\interpreter\linkResolver.cpp, line 773]
Event: 0.589 Thread 0x000001238d11a910 Exception <a 'java/lang/NoSuchMethodError'{0x0000000089539d58}: 'java.lang.Object java.lang.invoke.DirectMethodHandle$Holder.newInvokeSpecial(java.lang.Object, java.lang.Object, long)'> (0x0000000089539d58) 
thrown [s\src\hotspot\share\interpreter\linkResolver.cpp, line 773]
Event: 0.589 Thread 0x000001238d11a910 Exception <a 'java/lang/NoSuchMethodError'{0x000000008953de80}: 'java.lang.Object java.lang.invoke.Invokers$Holder.linkToTargetMethod(java.lang.Object, long, java.lang.Object)'> (0x000000008953de80) 
thrown [s\src\hotspot\share\interpreter\linkResolver.cpp, line 773]
Event: 0.590 Thread 0x000001238d11a910 Exception <a 'java/lang/NoSuchMethodError'{0x0000000089544fb0}: 'int java.lang.invoke.DirectMethodHandle$Holder.invokeStaticInit(java.lang.Object, java.lang.Object, java.lang.Object, long)'> (0x0000000089544fb0) 
thrown [s\src\hotspot\share\interpreter\linkResolver.cpp, line 773]
Event: 0.709 Thread 0x000001238d11a910 Exception <a 'sun/nio/fs/WindowsException'{0x00000000895e7450}> (0x00000000895e7450) 
thrown [s\src\hotspot\share\prims\jni.cpp, line 520]
Event: 0.710 Thread 0x000001238d11a910 Exception <a 'sun/nio/fs/WindowsException'{0x00000000895e7810}> (0x00000000895e7810) 
thrown [s\src\hotspot\share\prims\jni.cpp, line 520]
Event: 0.720 Thread 0x000001238d11a910 Exception <a 'java/lang/NoSuchMethodError'{0x000000008941e5f8}: 'void java.lang.System.load(java.lang.String, java.lang.Class)'> (0x000000008941e5f8) 
thrown [s\src\hotspot\share\interpreter\linkResolver.cpp, line 773]
Event: 0.720 Thread 0x000001238d11a910 Exception <a 'java/lang/NoSuchMethodError'{0x0000000089421028}: 'void java.lang.System.loadLibrary(java.lang.String, java.lang.Class)'> (0x0000000089421028) 
thrown [s\src\hotspot\share\interpreter\linkResolver.cpp, line 773]
Event: 0.725 Thread 0x000001238d11a910 Exception <a 'sun/nio/fs/WindowsException'{0x00000000894344e8}> (0x00000000894344e8) 
thrown [s\src\hotspot\share\prims\jni.cpp, line 520]
Event: 0.725 Thread 0x000001238d11a910 Exception <a 'sun/nio/fs/WindowsException'{0x00000000894348c0}> (0x00000000894348c0) 
thrown [s\src\hotspot\share\prims\jni.cpp, line 520]
Event: 0.731 Thread 0x000001238d11a910 Exception <a 'sun/nio/fs/WindowsException'{0x0000000089448cd8}> (0x0000000089448cd8) 
thrown [s\src\hotspot\share\prims\jni.cpp, line 520]
Event: 0.731 Thread 0x000001238d11a910 Exception <a 'sun/nio/fs/WindowsException'{0x0000000089448fe8}> (0x0000000089448fe8) 
thrown [s\src\hotspot\share\prims\jni.cpp, line 520]
Event: 0.952 Thread 0x000001238d11a910 Exception <a 'java/lang/NoSuchMethodError'{0x00000000893c7330}: 'void java.lang.System.load(java.lang.String, java.lang.Class)'> (0x00000000893c7330) 
thrown [s\src\hotspot\share\interpreter\linkResolver.cpp, line 773]
Event: 0.953 Thread 0x000001238d11a910 Exception <a 'java/lang/NoSuchMethodError'{0x00000000893c9d60}: 'void java.lang.System.loadLibrary(java.lang.String, java.lang.Class)'> (0x00000000893c9d60) 
thrown [s\src\hotspot\share\interpreter\linkResolver.cpp, line 773]
Event: 0.962 Thread 0x000001238d11a910 Exception <a 'sun/nio/fs/WindowsException'{0x00000000893deb08}> (0x00000000893deb08) 
thrown [s\src\hotspot\share\prims\jni.cpp, line 520]
Event: 0.962 Thread 0x000001238d11a910 Exception <a 'sun/nio/fs/WindowsException'{0x00000000893deeb8}> (0x00000000893deeb8) 
thrown [s\src\hotspot\share\prims\jni.cpp, line 520]
Event: 0.991 Thread 0x000001238d11a910 Exception <a 'java/lang/ClassNotFoundException'{0x00000000893f8aa0}: sun/awt/resources/spi/awtProvider> (0x00000000893f8aa0) 
thrown [s\src\hotspot\share\classfile\systemDictionary.cpp, line 312]
Event: 1.010 Thread 0x000001238d11a910 Exception <a 'java/io/FileNotFoundException'{0x000000008924a8e0}> (0x000000008924a8e0) 
thrown [s\src\hotspot\share\prims\jni.cpp, line 520]
Event: 1.021 Thread 0x000001238d11a910 Exception <a 'java/io/FileNotFoundException'{0x0000000089275108}> (0x0000000089275108) 
thrown [s\src\hotspot\share\prims\jni.cpp, line 520]

ZGC Phase Switch (0 events):
No events

VM Operations (20 events):
Event: 7.249 Executing safepoint VM operation: Cleanup
Event: 7.249 Executing safepoint VM operation: Cleanup done
Event: 8.258 Executing safepoint VM operation: Cleanup
Event: 8.258 Executing safepoint VM operation: Cleanup done
Event: 9.268 Executing safepoint VM operation: Cleanup
Event: 9.268 Executing safepoint VM operation: Cleanup done
Event: 13.317 Executing safepoint VM operation: Cleanup
Event: 13.317 Executing safepoint VM operation: Cleanup done
Event: 15.337 Executing safepoint VM operation: Cleanup
Event: 15.337 Executing safepoint VM operation: Cleanup done
Event: 16.350 Executing safepoint VM operation: Cleanup
Event: 16.350 Executing safepoint VM operation: Cleanup done
Event: 20.389 Executing safepoint VM operation: Cleanup
Event: 20.389 Executing safepoint VM operation: Cleanup done
Event: 21.401 Executing safepoint VM operation: Cleanup
Event: 21.401 Executing safepoint VM operation: Cleanup done
Event: 23.098 Executing safepoint VM operation: G1CollectForAllocation (G1 Evacuation Pause)
Event: 23.106 Executing safepoint VM operation: G1CollectForAllocation (G1 Evacuation Pause) done
Event: 24.114 Executing safepoint VM operation: Cleanup
Event: 24.114 Executing safepoint VM operation: Cleanup done

Memory protections (0 events):
No events

Nmethod flushes (0 events):
No events

Events (20 events):
Event: 0.060 Thread 0x000001238d11a910 Thread added: 0x00000123a71d9e20
Event: 0.061 Thread 0x000001238d11a910 Thread added: 0x00000123a71dac40
Event: 0.062 Thread 0x000001238d11a910 Thread added: 0x00000123a71dd020
Event: 0.063 Thread 0x000001238d11a910 Thread added: 0x00000123a71dfd10
Event: 0.063 Thread 0x000001238d11a910 Thread added: 0x00000123a71e0770
Event: 0.063 Thread 0x000001238d11a910 Thread added: 0x00000123a71e46d0
Event: 0.063 Thread 0x000001238d11a910 Thread added: 0x00000123a71e7880
Event: 0.064 Thread 0x000001238d11a910 Thread added: 0x00000123a71eb320
Event: 0.212 Thread 0x000001238d11a910 Thread added: 0x00000123a7440e00
Event: 0.216 Thread 0x000001238d11a910 Thread added: 0x00000123a7447630
Event: 0.281 Thread 0x00000123a71e7880 Thread added: 0x00000123a71ea580
Event: 0.700 Thread 0x00000123a71ea580 Thread exited: 0x00000123a71ea580
Event: 1.084 Thread 0x000001238d11a910 Thread added: 0x00000123f61b4e90
Event: 1.131 Thread 0x000001238d11a910 Thread added: 0x00000123f61b6540
Event: 1.133 Thread 0x000001238d11a910 Thread added: 0x00000123f6269670
Event: 1.164 Thread 0x00000123a71e7880 Thread added: 0x00000123a71eac50
Event: 1.164 Thread 0x00000123a71e7880 Thread added: 0x00000123a71e9eb0
Event: 1.280 Thread 0x00000123a71e9eb0 Thread exited: 0x00000123a71e9eb0
Event: 1.430 Thread 0x00000123a71eac50 Thread exited: 0x00000123a71eac50
Event: 2.153 Thread 0x00000123f61b6540 Thread exited: 0x00000123f61b6540


Dynamic libraries:
0x00007ff74fce0000 - 0x00007ff74fcee000 	C:\Users\Felhasználó\.p2\pool\plugins\org.eclipse.justj.openjdk.hotspot.jre.full.win32.x86_64_21.0.10.v20260205-0638\jre\bin\javaw.exe
0x00007ffd34650000 - 0x00007ffd34848000 	C:\WINDOWS\SYSTEM32\ntdll.dll
0x00007ffd32950000 - 0x00007ffd32a12000 	C:\WINDOWS\System32\KERNEL32.DLL
0x00007ffd31d10000 - 0x00007ffd32006000 	C:\WINDOWS\System32\KERNELBASE.dll
0x00007ffd32330000 - 0x00007ffd32430000 	C:\WINDOWS\System32\ucrtbase.dll
0x00007ffd2c140000 - 0x00007ffd2c15e000 	C:\Users\Felhasználó\.p2\pool\plugins\org.eclipse.justj.openjdk.hotspot.jre.full.win32.x86_64_21.0.10.v20260205-0638\jre\bin\VCRUNTIME140.dll
0x00007ffd1deb0000 - 0x00007ffd1dec8000 	C:\Users\Felhasználó\.p2\pool\plugins\org.eclipse.justj.openjdk.hotspot.jre.full.win32.x86_64_21.0.10.v20260205-0638\jre\bin\jli.dll
0x00007ffd330e0000 - 0x00007ffd33281000 	C:\WINDOWS\System32\USER32.dll
0x00007ffd1ab10000 - 0x00007ffd1adab000 	C:\WINDOWS\WinSxS\amd64_microsoft.windows.common-controls_6595b64144ccf1df_6.0.19041.6456_none_60b8a6cb71f64256\COMCTL32.dll
0x00007ffd31ce0000 - 0x00007ffd31d02000 	C:\WINDOWS\System32\win32u.dll
0x00007ffd33b10000 - 0x00007ffd33bae000 	C:\WINDOWS\System32\msvcrt.dll
0x00007ffd32920000 - 0x00007ffd3294b000 	C:\WINDOWS\System32\GDI32.dll
0x00007ffd32160000 - 0x00007ffd32279000 	C:\WINDOWS\System32\gdi32full.dll
0x00007ffd32010000 - 0x00007ffd320ad000 	C:\WINDOWS\System32\msvcp_win.dll
0x00007ffd33d90000 - 0x00007ffd33dbf000 	C:\WINDOWS\System32\IMM32.DLL
0x00007ffd2ef40000 - 0x00007ffd2ef4c000 	C:\Users\Felhasználó\.p2\pool\plugins\org.eclipse.justj.openjdk.hotspot.jre.full.win32.x86_64_21.0.10.v20260205-0638\jre\bin\vcruntime140_1.dll
0x00007ffd1a9e0000 - 0x00007ffd1aa6d000 	C:\Users\Felhasználó\.p2\pool\plugins\org.eclipse.justj.openjdk.hotspot.jre.full.win32.x86_64_21.0.10.v20260205-0638\jre\bin\msvcp140.dll
0x00007ffcd63a0000 - 0x00007ffcd7141000 	C:\Users\Felhasználó\.p2\pool\plugins\org.eclipse.justj.openjdk.hotspot.jre.full.win32.x86_64_21.0.10.v20260205-0638\jre\bin\server\jvm.dll
0x00007ffd33cd0000 - 0x00007ffd33d81000 	C:\WINDOWS\System32\ADVAPI32.dll
0x00007ffd33300000 - 0x00007ffd3339f000 	C:\WINDOWS\System32\sechost.dll
0x00007ffd33bb0000 - 0x00007ffd33cd0000 	C:\WINDOWS\System32\RPCRT4.dll
0x00007ffd32130000 - 0x00007ffd32157000 	C:\WINDOWS\System32\bcrypt.dll
0x00007ffd345a0000 - 0x00007ffd3460b000 	C:\WINDOWS\System32\WS2_32.dll
0x00007ffd164f0000 - 0x00007ffd16517000 	C:\WINDOWS\SYSTEM32\WINMM.dll
0x00007ffd23070000 - 0x00007ffd2307a000 	C:\WINDOWS\SYSTEM32\VERSION.dll
0x00007ffd311e0000 - 0x00007ffd3122b000 	C:\WINDOWS\SYSTEM32\POWRPROF.dll
0x00007ffd310a0000 - 0x00007ffd310b2000 	C:\WINDOWS\SYSTEM32\UMPDC.dll
0x00007ffd2fb10000 - 0x00007ffd2fb22000 	C:\WINDOWS\SYSTEM32\kernel.appcore.dll
0x00007ffd2e590000 - 0x00007ffd2e59a000 	C:\Users\Felhasználó\.p2\pool\plugins\org.eclipse.justj.openjdk.hotspot.jre.full.win32.x86_64_21.0.10.v20260205-0638\jre\bin\jimage.dll
0x00007ffd227e0000 - 0x00007ffd229e1000 	C:\WINDOWS\SYSTEM32\DBGHELP.DLL
0x00007ffd18430000 - 0x00007ffd18464000 	C:\WINDOWS\SYSTEM32\dbgcore.DLL
0x00007ffd325e0000 - 0x00007ffd32662000 	C:\WINDOWS\System32\bcryptPrimitives.dll
0x00007ffd2c390000 - 0x00007ffd2c3b0000 	C:\Users\Felhasználó\.p2\pool\plugins\org.eclipse.justj.openjdk.hotspot.jre.full.win32.x86_64_21.0.10.v20260205-0638\jre\bin\java.dll
0x00007ffd333a0000 - 0x00007ffd33b10000 	C:\WINDOWS\System32\SHELL32.dll
0x00007ffd2fd10000 - 0x00007ffd304b5000 	C:\WINDOWS\SYSTEM32\windows.storage.dll
0x00007ffd34220000 - 0x00007ffd34574000 	C:\WINDOWS\System32\combase.dll
0x00007ffd31630000 - 0x00007ffd3165b000 	C:\WINDOWS\SYSTEM32\Wldp.dll
0x00007ffd34070000 - 0x00007ffd3413d000 	C:\WINDOWS\System32\OLEAUT32.dll
0x00007ffd32b40000 - 0x00007ffd32bed000 	C:\WINDOWS\System32\SHCORE.dll
0x00007ffd32700000 - 0x00007ffd3275b000 	C:\WINDOWS\System32\shlwapi.dll
0x00007ffd31c10000 - 0x00007ffd31c34000 	C:\WINDOWS\SYSTEM32\profapi.dll
0x00007ffd1e800000 - 0x00007ffd1e818000 	C:\Users\Felhasználó\.p2\pool\plugins\org.eclipse.justj.openjdk.hotspot.jre.full.win32.x86_64_21.0.10.v20260205-0638\jre\bin\zip.dll
0x00007ffd2e580000 - 0x00007ffd2e590000 	C:\Users\Felhasználó\.p2\pool\plugins\org.eclipse.justj.openjdk.hotspot.jre.full.win32.x86_64_21.0.10.v20260205-0638\jre\bin\net.dll
0x00007ffd29ec0000 - 0x00007ffd29fca000 	C:\WINDOWS\SYSTEM32\WINHTTP.dll
0x00007ffd31410000 - 0x00007ffd3147a000 	C:\WINDOWS\system32\mswsock.dll
0x00007ffd1e010000 - 0x00007ffd1e026000 	C:\Users\Felhasználó\.p2\pool\plugins\org.eclipse.justj.openjdk.hotspot.jre.full.win32.x86_64_21.0.10.v20260205-0638\jre\bin\nio.dll
0x00007ffd19a10000 - 0x00007ffd19a8e000 	C:\Users\Felhasználó\AppData\Local\Temp\lwjgl_Felhasználó\3.3.6+1\x64\lwjgl.dll
0x00007ffd17a50000 - 0x00007ffd17ad9000 	C:\Users\FELHAS~1\AppData\Local\Temp\lwjgl_Felhasználó\3.3.6+1\x64\glfw.dll
0x00007ffcdca80000 - 0x00007ffcdcac5000 	C:\WINDOWS\SYSTEM32\dinput8.dll
0x00007ffd03690000 - 0x00007ffd036a1000 	C:\WINDOWS\SYSTEM32\xinput1_4.dll
0x00007ffd32590000 - 0x00007ffd325de000 	C:\WINDOWS\System32\cfgmgr32.dll
0x00007ffd31a70000 - 0x00007ffd31aa3000 	C:\WINDOWS\SYSTEM32\DEVOBJ.dll
0x00007ffd2f810000 - 0x00007ffd2f83e000 	C:\WINDOWS\SYSTEM32\dwmapi.dll
0x00007ffd2a6e0000 - 0x00007ffd2a832000 	C:\WINDOWS\SYSTEM32\inputhost.dll
0x00007ffd2daa0000 - 0x00007ffd2dbf7000 	C:\WINDOWS\SYSTEM32\wintypes.dll
0x00007ffd2d250000 - 0x00007ffd2d344000 	C:\WINDOWS\SYSTEM32\PROPSYS.dll
0x00007ffd2ebc0000 - 0x00007ffd2ef1b000 	C:\WINDOWS\SYSTEM32\CoreUIComponents.dll
0x00007ffd2f000000 - 0x00007ffd2f0f2000 	C:\WINDOWS\SYSTEM32\CoreMessaging.dll
0x00007ffd30f30000 - 0x00007ffd30f63000 	C:\WINDOWS\SYSTEM32\ntmarta.dll
0x00007ffd2f620000 - 0x00007ffd2f6be000 	C:\WINDOWS\system32\uxtheme.dll
0x00007ffd33dc0000 - 0x00007ffd33ed5000 	C:\WINDOWS\System32\MSCTF.dll
0x00007ffd0d4f0000 - 0x00007ffd0d618000 	C:\WINDOWS\SYSTEM32\opengl32.dll
0x00007ffd1bc30000 - 0x00007ffd1bc5c000 	C:\WINDOWS\SYSTEM32\GLU32.dll
0x00007ffd32a90000 - 0x00007ffd32b39000 	C:\WINDOWS\System32\clbcatq.dll
0x00007ffcdf2f0000 - 0x00007ffce0395000 	C:\WINDOWS\System32\DriverStore\FileRepository\iigd_dch.inf_amd64_7ecf8d2b2b8c53e8\ig9icd64.dll
0x00007ffd33ee0000 - 0x00007ffd3400b000 	C:\WINDOWS\System32\ole32.dll
0x00007ffd30520000 - 0x00007ffd30616000 	C:\WINDOWS\system32\dxgi.dll
0x00007ffcf0740000 - 0x00007ffcf086c000 	C:\WINDOWS\System32\DriverStore\FileRepository\iigd_dch.inf_amd64_7ecf8d2b2b8c53e8\igdml64.dll
0x00007ffd1de70000 - 0x00007ffd1deaa000 	C:\WINDOWS\system32\atig6txx.dll
0x00007ffd26d70000 - 0x00007ffd27179000 	C:\WINDOWS\System32\DriverStore\FileRepository\iigd_dch.inf_amd64_7ecf8d2b2b8c53e8\igdgmm64.dll
0x00007ffd235d0000 - 0x00007ffd26d66000 	C:\WINDOWS\System32\DriverStore\FileRepository\iigd_dch.inf_amd64_7ecf8d2b2b8c53e8\igc64.dll
0x00007ffce9490000 - 0x00007ffce9701000 	C:\Users\FELHAS~1\AppData\Local\Temp\lwjgl_Felhasználó\3.3.6+1\x64\jemalloc.dll
0x00007ffd1be80000 - 0x00007ffd1bedd000 	C:\Users\Felhasználó\AppData\Local\Temp\lwjgl_Felhasználó\3.3.6+1\x64\lwjgl_opengl.dll
0x00007ffd2a5e0000 - 0x00007ffd2a6d9000 	C:\WINDOWS\SYSTEM32\textinputframework.dll
0x00007ffcf9900000 - 0x00007ffcf9999000 	C:\Users\Felhasználó\AppData\Local\Temp\lwjgl_Felhasználó\3.3.6+1\x64\lwjgl_stb.dll
0x00007ffd0d850000 - 0x00007ffd0d9df000 	C:\Users\Felhasználó\.p2\pool\plugins\org.eclipse.justj.openjdk.hotspot.jre.full.win32.x86_64_21.0.10.v20260205-0638\jre\bin\awt.dll
0x00007ffd2f240000 - 0x00007ffd2f2d4000 	C:\WINDOWS\SYSTEM32\apphelp.dll
0x00007ffd0edb0000 - 0x00007ffd0ee37000 	C:\Users\Felhasználó\.p2\pool\plugins\org.eclipse.justj.openjdk.hotspot.jre.full.win32.x86_64_21.0.10.v20260205-0638\jre\bin\freetype.dll
0x00007ffd0d750000 - 0x00007ffd0d842000 	C:\Users\Felhasználó\.p2\pool\plugins\org.eclipse.justj.openjdk.hotspot.jre.full.win32.x86_64_21.0.10.v20260205-0638\jre\bin\fontmanager.dll

JVMTI agents: none

dbghelp: loaded successfully - version: 4.0.5 - missing functions: none
symbol engine: initialized successfully - sym options: 0x614 - pdb path: .;C:\Users\Felhasználó\.p2\pool\plugins\org.eclipse.justj.openjdk.hotspot.jre.full.win32.x86_64_21.0.10.v20260205-0638\jre\bin;C:\WINDOWS\SYSTEM32;C:\WINDOWS\WinSxS\amd64_microsoft.windows.common-controls_6595b64144ccf1df_6.0.19041.6456_none_60b8a6cb71f64256;C:\Users\Felhasználó\.p2\pool\plugins\org.eclipse.justj.openjdk.hotspot.jre.full.win32.x86_64_21.0.10.v20260205-0638\jre\bin\server;C:\Users\Felhasználó\AppData\Local\Temp\lwjgl_Felhasználó\3.3.6+1\x64;C:\Users\FELHAS~1\AppData\Local\Temp\lwjgl_Felhasználó\3.3.6+1\x64;C:\WINDOWS\System32\DriverStore\FileRepository\iigd_dch.inf_amd64_7ecf8d2b2b8c53e8

VM Arguments:
jvm_args: -Dfile.encoding=UTF-8 -Dstdout.encoding=UTF-8 -Dstderr.encoding=UTF-8 -XX:+ShowCodeDetailsInExceptionMessages 
java_command: core.GameManager
java_class_path (initial): C:\Users\Felhasználó\Desktop\Alfa\Léleklovag - Barak Tibor (NS4DJ4)\Soul Knight\out\production\Soul_Knight;C:\Users\Felhasználó\Desktop\Alfa\Léleklovag - Barak Tibor (NS4DJ4)\Soul Knight\lib\ojdbc11.jar;C:\Users\Felhasználó\Desktop\Alfa\Léleklovag - Barak Tibor (NS4DJ4)\lib\lwjgl.jar;C:\Users\Felhasználó\Desktop\Alfa\Léleklovag - Barak Tibor (NS4DJ4)\lib\lwjgl-assimp.jar;C:\Users\Felhasználó\Desktop\Alfa\Léleklovag - Barak Tibor (NS4DJ4)\lib\lwjgl-assimp-javadoc.jar;C:\Users\Felhasználó\Desktop\Alfa\Léleklovag - Barak Tibor (NS4DJ4)\lib\lwjgl-assimp-natives-windows.jar;C:\Users\Felhasználó\Desktop\Alfa\Léleklovag - Barak Tibor (NS4DJ4)\lib\lwjgl-assimp-sources.jar;C:\Users\Felhasználó\Desktop\Alfa\Léleklovag - Barak Tibor (NS4DJ4)\lib\lwjgl-bgfx.jar;C:\Users\Felhasználó\Desktop\Alfa\Léleklovag - Barak Tibor (NS4DJ4)\lib\lwjgl-bgfx-javadoc.jar;C:\Users\Felhasználó\Desktop\Alfa\Léleklovag - Barak Tibor (NS4DJ4)\lib\lwjgl-bgfx-natives-windows.jar;C:\Users\Felhasználó\Desktop\Alfa\Léleklovag - Barak Tibor (NS4DJ4)\lib\lwjgl-bgfx-sources.jar;C:\Users\Felhasználó\Desktop\Alfa\Léleklovag - Barak Tibor (NS4DJ4)\lib\lwjgl-cuda.jar;C:\Users\Felhasználó\Desktop\Alfa\Léleklovag - Barak Tibor (NS4DJ4)\lib\lwjgl-cuda-javadoc.jar;C:\Users\Felhasználó\Desktop\Alfa\Léleklovag - Barak Tibor (NS4DJ4)\lib\lwjgl-cuda-sources.jar;C:\Users\Felhasználó\Desktop\Alfa\Léleklovag - Barak Tibor (NS4DJ4)\lib\lwjgl-egl.jar;C:\Users\Felhasználó\Desktop\Alfa\Léleklovag - Barak Tibor (NS4DJ4)\lib\lwjgl-egl-javadoc.jar;C:\Users\Felhasználó\Desktop\Alfa\Léleklovag - Barak Tibor (NS4DJ4)\lib\lwjgl-egl-sources.jar;C:\Users\Felhasználó\Desktop\Alfa\Léleklovag - Barak Tibor (NS4DJ4)\lib\lwjgl-fmod.jar;C:\Users\Felhasználó\Desktop\Alfa\Léleklovag - Barak Tibor (NS4DJ4)\lib\lwjgl-fmod-javadoc.jar;C:\Users\Felhasználó\Desktop\Alfa\Léleklovag - Barak Tibor (NS4DJ4)\lib\lwjgl-fmod-sources.jar;C:\Users\Felhasználó\Desktop\Alfa\Léleklovag - Barak Tibor (NS4DJ4)\lib\lwjgl-freetype.jar;C:\Users\Felhasználó\Desktop\Alfa\Léleklovag - Barak Tibor (NS4DJ4)\lib\lwjgl-freetype-javadoc.jar;C:\Users\Felhasználó\Desktop\Alfa\Léleklovag - Barak Tibor (NS4DJ4)\lib\lwjgl-freetype-natives-windows.jar;C:\Users\Felhasználó\Desktop\Alfa\Léleklovag - Barak Tibor (NS4DJ4)\lib\lwjgl-freetype-sources.jar;C:\Users\Felhasználó\Desktop\Alfa\Léleklovag - Barak Tibor (NS4DJ4)\lib\lwjgl-glfw.jar;C:\Users\Felhasználó\Desktop\Alfa\Léleklovag - Barak Tibor (NS4DJ4)\lib\lwjgl-glfw-javadoc.jar;C:\Users\Felhasználó\Desktop\Alfa\Léleklovag - Barak Tibor (NS4DJ4)\lib\lwjgl-glfw-natives-windows.jar;C:\Users\Felhasználó\Desktop\Alfa\Léleklovag - Barak Tibor (NS4DJ4)\lib\lwjgl-glfw-sources.jar;C:\Users\Felhasználó\Desktop\Alfa\Léleklovag - Barak Tibor (NS4DJ4)\lib\lwjgl-harfbuzz.jar;C:\Users\Felhasználó\Desktop\Alfa\Léleklovag - Barak Tibor (NS4DJ4)\lib\lwjgl-harfbuzz-javadoc.jar;C:\Users\Felhasználó\Desktop\Alfa\Léleklovag - Barak Tibor (NS4DJ4)\lib\lwjgl-harfbuzz-natives-windows.jar;C:\Users\Felhasználó\Desktop\Alfa\Léleklovag - Barak Tibor (NS4DJ4)\lib\lwjgl-harfbuzz-sources.jar;C:\Users\Felhasználó\Desktop\Alfa\Léleklovag - Barak Tibor (NS4DJ4)\lib\lwjgl-hwloc.jar;C:\Users\Felhasználó\Desktop\Alfa\Léleklovag - Barak Tibor (NS4DJ4)\lib\lwjgl-hwloc-javadoc.jar;C:\Users\Felhasználó\Desktop\Alfa\Léleklovag - Barak Tibor (NS4DJ4)\lib\lwjgl-hwloc-natives-windows.jar;C:\Users\Felhasználó\Desktop\Alfa\Léleklovag - Barak Tibor (NS4DJ4)\lib\lwjgl-hwloc-sources.jar;C:\Users\Felhasználó\Desktop\Alfa\Léleklovag - Barak Tibor (NS4DJ4)\lib\lwjgl-javadoc.jar;C:\Users\Felhasználó\Desktop\Alfa\Léleklovag - Barak Tibor (NS4DJ4)\lib\lwjgl-jawt.jar;C:\Users\Felhasználó\Desktop\Alfa\Léleklovag - Barak Tibor (NS4DJ4)\lib\lwjgl-jawt-javadoc.jar;C:\Users\Felhasználó\Desktop\Alfa\Léleklovag - Barak Tibor (NS4DJ4)\lib\lwjgl-jawt-sources.jar;C:\Users\Felhasználó\Desktop\Alfa\Léleklovag - Barak Tibor (NS4DJ4)\lib\lwjgl-jemalloc.jar;C:\Users\Felhasználó\Desktop\Alfa\Léleklovag - Barak Tibor (NS4DJ4)\lib\lwjgl-jemalloc-javadoc.jar;C:\Users\Felhasználó\Desktop\Alfa\Léleklovag - Barak Tibor (NS4DJ4)\lib\lwjgl-jemalloc-natives-windows.jar;C:\Users\Felhasználó\Desktop\Alfa\Léleklovag - Barak Tibor (NS4DJ4)\lib\lwjgl-jemalloc-sources.jar;C:\Users\Felhasználó\Desktop\Alfa\Léleklovag - Barak Tibor (NS4DJ4)\lib\lwjgl-ktx.jar;C:\Users\Felhasználó\Desktop\Alfa\Léleklovag - Barak Tibor (NS4DJ4)\lib\lwjgl-ktx-javadoc.jar;C:\Users\Felhasználó\Desktop\Alfa\Léleklovag - Barak Tibor (NS4DJ4)\lib\lwjgl-ktx-natives-windows.jar;C:\Users\Felhasználó\Desktop\Alfa\Léleklovag - Barak Tibor (NS4DJ4)\lib\lwjgl-ktx-sources.jar;C:\Users\Felhasználó\Desktop\Alfa\Léleklovag - Barak Tibor (NS4DJ4)\lib\lwjgl-libdivide.jar;C:\Users\Felhasználó\Desktop\Alfa\Léleklovag - Barak Tibor (NS4DJ4)\lib\lwjgl-libdivide-javadoc.jar;C:\Users\Felhasználó\Desktop\Alfa\Léleklovag - Barak Tibor (NS4DJ4)\lib\lwjgl-libdivide-natives-windows.jar;C:\Users\Felhasználó\Desktop\Alfa\Léleklovag - Barak Tibor (NS4DJ4)\lib\lwjgl-libdivide-sources.jar;C:\Users\Felhasználó\Desktop\Alfa\Léleklovag - Barak Tibor (NS4DJ4)\lib\lwjgl-llvm.jar;C:\Users\Felhasználó\Desktop\Alfa\Léleklovag - Barak Tibor (NS4DJ4)\lib\lwjgl-llvm-javadoc.jar;C:\Users\Felhasználó\Desktop\Alfa\Léleklovag - Barak Tibor (NS4DJ4)\lib\lwjgl-llvm-natives-windows.jar;C:\Users\Felhasználó\Desktop\Alfa\Léleklovag - Barak Tibor (NS4DJ4)\lib\lwjgl-llvm-sources.jar;C:\Users\Felhasználó\Desktop\Alfa\Léleklovag - Barak Tibor (NS4DJ4)\lib\lwjgl-lmdb.jar;C:\Users\Felhasználó\Desktop\Alfa\Léleklovag - Barak Tibor (NS4DJ4)\lib\lwjgl-lmdb-javadoc.jar;C:\Users\Felhasználó\Desktop\Alfa\Léleklovag - Barak Tibor (NS4DJ4)\lib\lwjgl-lmdb-natives-windows.jar;C:\Users\Felhasználó\Desktop\Alfa\Léleklovag - Barak Tibor (NS4DJ4)\lib\lwjgl-lmdb-sources.jar;C:\Users\Felhasználó\Desktop\Alfa\Léleklovag - Barak Tibor (NS4DJ4)\lib\lwjgl-lz4.jar;C:\Users\Felhasználó\Desktop\Alfa\Léleklovag - Barak Tibor (NS4DJ4)\lib\lwjgl-lz4-javadoc.jar;C:\Users\Felhasználó\Desktop\Alfa\Léleklovag - Barak Tibor (NS4DJ4)\lib\lwjgl-lz4-natives-windows.jar;C:\Users\Felhasználó\Desktop\Alfa\Léleklovag - Barak Tibor (NS4DJ4)\lib\lwjgl-lz4-sources.jar;C:\Users\Felhasználó\Desktop\Alfa\Léleklovag - Barak Tibor (NS4DJ4)\lib\lwjgl-meow.jar;C:\Users\Felhasználó\Desktop\Alfa\Léleklovag - Barak Tibor (NS4DJ4)\lib\lwjgl-meow-javadoc.jar;C:\Users\Felhasználó\Desktop\Alfa\Léleklovag - Barak Tibor (NS4DJ4)\lib\lwjgl-meow-natives-windows.jar;C:\Users\Felhasználó\Desktop\Alfa\Léleklovag - Barak Tibor (NS4DJ4)\lib\lwjgl-meow-sources.jar;C:\Users\Felhasználó\Desktop\Alfa\Léleklovag - Barak Tibor (NS4DJ4)\lib\lwjgl-meshoptimizer.jar;C:\Users\Felhasználó\Desktop\Alfa\Léleklovag - Barak Tibor (NS4DJ4)\lib\lwjgl-meshoptimizer-javadoc.jar;C:\Users\Felhasználó\Desktop\Alfa\Léleklovag - Barak Tibor (NS4DJ4)\lib\lwjgl-meshoptimizer-natives-windows.jar;C:\Users\Felhasználó\Desktop\Alfa\Léleklovag - Barak Tibor (NS4DJ4)\lib\lwjgl-meshoptimizer-sources.jar;C:\Users\Felhasználó\Desktop\Alfa\Léleklovag - Barak Tibor (NS4DJ4)\lib\lwjgl-msdfgen.jar;C:\Users\Felhasználó\Desktop\Alfa\Léleklovag - Barak Tibor (NS4DJ4)\lib\lwjgl-msdfgen-javadoc.jar;C:\Users\Felhasználó\Desktop\Alfa\Léleklovag - Barak Tibor (NS4DJ4)\lib\lwjgl-msdfgen-natives-windows.jar;C:\Users\Felhasználó\Desktop\Alfa\Léleklovag - Barak Tibor (NS4DJ4)\lib\lwjgl-msdfgen-sources.jar;C:\Users\Felhasználó\Desktop\Alfa\Léleklovag - Barak Tibor (NS4DJ4)\lib\lwjgl-nanovg.jar;C:\Users\Felhasználó\Desktop\Alfa\Léleklovag - Barak Tibor (NS4DJ4)\lib\lwjgl-nanovg-javadoc.jar;C:\Users\Felhasználó\Desktop\Alfa\Léleklovag - Barak Tibor (NS4DJ4)\lib\lwjgl-nanovg-natives-windows.jar;C:\Users\Felhasználó\Desktop\Alfa\Léleklovag - Barak Tibor (NS4DJ4)\lib\lwjgl-nanovg-sources.jar;C:\Users\Felhasználó\Desktop\Alfa\Léleklovag - Barak Tibor (NS4DJ4)\lib\lwjgl-natives-windows.jar;C:\Users\Felhasználó\Desktop\Alfa\Léleklovag - Barak Tibor (NS4DJ4)\lib\lwjgl-nfd.jar;C:\Users\Felhasználó\Desktop\Alfa\Léleklovag - Barak Tibor (NS4DJ4)\lib\lwjgl-nfd-javadoc.jar;C:\Users\Felhasználó\Desktop\Alfa\Léleklovag - Barak Tibor (NS4DJ4)\lib\lwjgl-nfd-natives-windows.jar;C:\Users\Felhasználó\Desktop\Alfa\Léleklovag - Barak Tibor (NS4DJ4)\lib\lwjgl-nfd-sources.jar;C:\Users\Felhasználó\Desktop\Alfa\Léleklovag - Barak Tibor (NS4DJ4)\lib\lwjgl-nuklear.jar;C:\Users\Felhasználó\Desktop\Alfa\Léleklovag - Barak Tibor (NS4DJ4)\lib\lwjgl-nuklear-javadoc.jar;C:\Users\Felhasználó\Desktop\Alfa\Léleklovag - Barak Tibor (NS4DJ4)\lib\lwjgl-nuklear-natives-windows.jar;C:\Users\Felhasználó\Desktop\Alfa\Léleklovag - Barak Tibor (NS4DJ4)\lib\lwjgl-nuklear-sources.jar;C:\Users\Felhasználó\Desktop\Alfa\Léleklovag - Barak Tibor (NS4DJ4)\lib\lwjgl-odbc.jar;C:\Users\Felhasználó\Desktop\Alfa\Léleklovag - Barak Tibor (NS4DJ4)\lib\lwjgl-odbc-javadoc.jar;C:\Users\Felhasználó\Desktop\Alfa\Léleklovag - Barak Tibor (NS4DJ4)\lib\lwjgl-odbc-sources.jar;C:\Users\Felhasználó\Desktop\Alfa\Léleklovag - Barak Tibor (NS4DJ4)\lib\lwjgl-openal.jar;C:\Users\Felhasználó\Desktop\Alfa\Léleklovag - Barak Tibor (NS4DJ4)\lib\lwjgl-openal-javadoc.jar;C:\Users\Felhasználó\Desktop\Alfa\Léleklovag - Barak Tibor (NS4DJ4)\lib\lwjgl-openal-natives-windows.jar;C:\Users\Felhasználó\Desktop\Alfa\Léleklovag - Barak Tibor (NS4DJ4)\lib\lwjgl-openal-sources.jar;C:\Users\Felhasználó\Desktop\Alfa\Léleklovag - Barak Tibor (NS4DJ4)\lib\lwjgl-opencl.jar;C:\Users\Felhasználó\Desktop\Alfa\Léleklovag - Barak Tibor (NS4DJ4)\lib\lwjgl-opencl-javadoc.jar;C:\Users\Felhasználó\Desktop\Alfa\Léleklovag - Barak Tibor (NS4DJ4)\lib\lwjgl-opencl-sources.jar;C:\Users\Felhasználó\Desktop\Alfa\Léleklovag - Barak Tibor (NS4DJ4)\lib\lwjgl-opengl.jar;C:\Users\Felhasználó\Desktop\Alfa\Léleklovag - Barak Tibor (NS4DJ4)\lib\lwjgl-opengles.jar;C:\Users\Felhasználó\Desktop\Alfa\Léleklovag - Barak Tibor (NS4DJ4)\lib\lwjgl-opengles-javadoc.jar;C:\Users\Felhasználó\Desktop\Alfa\Léleklovag - Barak Tibor (NS4DJ4)\lib\lwjgl-opengles-natives-windows.jar;C:\Users\Felhasználó\Desktop\Alfa\Léleklovag - Barak Tibor (NS4DJ4)\lib\lwjgl-opengles-sources.jar;C:\Users\Felhasználó\Desktop\Alfa\Léleklovag - Barak Tibor (NS4DJ4)\lib\lwjgl-opengl-javadoc.jar;C:\Users\Felhasználó\Desktop\Alfa\Léleklovag - Barak Tibor (NS4DJ4)\lib\lwjgl-opengl-natives-windows.jar;C:\Users\Felhasználó\Desktop\Alfa\Léleklovag - Barak Tibor (NS4DJ4)\lib\lwjgl-opengl-sources.jar;C:\Users\Felhasználó\Desktop\Alfa\Léleklovag - Barak Tibor (NS4DJ4)\lib\lwjgl-openvr.jar;C:\Users\Felhasználó\Desktop\Alfa\Léleklovag - Barak Tibor (NS4DJ4)\lib\lwjgl-openvr-javadoc.jar;C:\Users\Felhasználó\Desktop\Alfa\Léleklovag - Barak Tibor (NS4DJ4)\lib\lwjgl-openvr-natives-windows.jar;C:\Users\Felhasználó\Desktop\Alfa\Léleklovag - Barak Tibor (NS4DJ4)\lib\lwjgl-openvr-sources.jar;C:\Users\Felhasználó\Desktop\Alfa\Léleklovag - Barak Tibor (NS4DJ4)\lib\lwjgl-openxr.jar;C:\Users\Felhasználó\Desktop\Alfa\Léleklovag - Barak Tibor (NS4DJ4)\lib\lwjgl-openxr-javadoc.jar;C:\Users\Felhasználó\Desktop\Alfa\Léleklovag - Barak Tibor (NS4DJ4)\lib\lwjgl-openxr-natives-windows.jar;C:\Users\Felhasználó\Desktop\Alfa\Léleklovag - Barak Tibor (NS4DJ4)\lib\lwjgl-openxr-sources.jar;C:\Users\Felhasználó\Desktop\Alfa\Léleklovag - Barak Tibor (NS4DJ4)\lib\lwjgl-opus.jar;C:\Users\Felhasználó\Desktop\Alfa\Léleklovag - Barak Tibor (NS4DJ4)\lib\lwjgl-opus-javadoc.jar;C:\Users\Felhasználó\Desktop\Alfa\Léleklovag - Barak Tibor (NS4DJ4)\lib\lwjgl-opus-natives-windows.jar;C:\Users\Felhasználó\Desktop\Alfa\Léleklovag - Barak Tibor (NS4DJ4)\lib\lwjgl-opus-sources.jar;C:\Users\Felhasználó\Desktop\Alfa\Léleklovag - Barak Tibor (NS4DJ4)\lib\lwjgl-ovr.jar;C:\Users\Felhasználó\Desktop\Alfa\Léleklovag - Barak Tibor (NS4DJ4)\lib\lwjgl-ovr-javadoc.jar;C:\Users\Felhasználó\Desktop\Alfa\Léleklovag - Barak Tibor (NS4DJ4)\lib\lwjgl-ovr-natives-windows.jar;C:\Users\Felhasználó\Desktop\Alfa\Léleklovag - Barak Tibor (NS4DJ4)\lib\lwjgl-ovr-sources.jar;C:\Users\Felhasználó\Desktop\Alfa\Léleklovag - Barak Tibor (NS4DJ4)\lib\lwjgl-par.jar;C:\Users\Felhasználó\Desktop\Alfa\Léleklovag - Barak Tibor (NS4DJ4)\lib\lwjgl-par-javadoc.jar;C:\Users\Felhasználó\Desktop\Alfa\Léleklovag - Barak Tibor (NS4DJ4)\lib\lwjgl-par-natives-windows.jar;C:\Users\Felhasználó\Desktop\Alfa\Léleklovag - Barak Tibor (NS4DJ4)\lib\lwjgl-par-sources.jar;C:\Users\Felhasználó\Desktop\Alfa\Léleklovag - Barak Tibor (NS4DJ4)\lib\lwjgl-remotery.jar;C:\Users\Felhasználó\Desktop\Alfa\Léleklovag - Barak Tibor (NS4DJ4)\lib\lwjgl-remotery-javadoc.jar;C:\Users\Felhasználó\Desktop\Alfa\Léleklovag - Barak Tibor (NS4DJ4)\lib\lwjgl-remotery-natives-windows.jar;C:\Users\Felhasználó\Desktop\Alfa\Léleklovag - Barak Tibor (NS4DJ4)\lib\lwjgl-remotery-sources.jar;C:\Users\Felhasználó\Desktop\Alfa\Léleklovag - Barak Tibor (NS4DJ4)\lib\lwjgl-rpmalloc.jar;C:\Users\Felhasználó\Desktop\Alfa\Léleklovag - Barak Tibor (NS4DJ4)\lib\lwjgl-rpmalloc-javadoc.jar;C:\Users\Felhasználó\Desktop\Alfa\Léleklovag - Barak Tibor (NS4DJ4)\lib\lwjgl-rpmalloc-natives-windows.jar;C:\Users\Felhasználó\Desktop\Alfa\Léleklovag - Barak Tibor (NS4DJ4)\lib\lwjgl-rpmalloc-sources.jar;C:\Users\Felhasználó\Desktop\Alfa\Léleklovag - Barak Tibor (NS4DJ4)\lib\lwjgl-shaderc.jar;C:\Users\Felhasználó\Desktop\Alfa\Léleklovag - Barak Tibor (NS4DJ4)\lib\lwjgl-shaderc-javadoc.jar;C:\Users\Felhasználó\Desktop\Alfa\Léleklovag - Barak Tibor (NS4DJ4)\lib\lwjgl-shaderc-natives-windows.jar;C:\Users\Felhasználó\Desktop\Alfa\Léleklovag - Barak Tibor (NS4DJ4)\lib\lwjgl-shaderc-sources.jar;C:\Users\Felhasználó\Desktop\Alfa\Léleklovag - Barak Tibor (NS4DJ4)\lib\lwjgl-sources.jar;C:\Users\Felhasználó\Desktop\Alfa\Léleklovag - Barak Tibor (NS4DJ4)\lib\lwjgl-spvc.jar;C:\Users\Felhasználó\Desktop\Alfa\Léleklovag - Barak Tibor (NS4DJ4)\lib\lwjgl-spvc-javadoc.jar;C:\Users\Felhasználó\Desktop\Alfa\Léleklovag - Barak Tibor (NS4DJ4)\lib\lwjgl-spvc-natives-windows.jar;C:\Users\Felhasználó\Desktop\Alfa\Léleklovag - Barak Tibor (NS4DJ4)\lib\lwjgl-spvc-sources.jar;C:\Users\Felhasználó\Desktop\Alfa\Léleklovag - Barak Tibor (NS4DJ4)\lib\lwjgl-sse.jar;C:\Users\Felhasználó\Desktop\Alfa\Léleklovag - Barak Tibor (NS4DJ4)\lib\lwjgl-sse-javadoc.jar;C:\Users\Felhasználó\Desktop\Alfa\Léleklovag - Barak Tibor (NS4DJ4)\lib\lwjgl-sse-natives-windows.jar;C:\Users\Felhasználó\Desktop\Alfa\Léleklovag - Barak Tibor (NS4DJ4)\lib\lwjgl-sse-sources.jar;C:\Users\Felhasználó\Desktop\Alfa\Léleklovag - Barak Tibor (NS4DJ4)\lib\lwjgl-stb.jar;C:\Users\Felhasználó\Desktop\Alfa\Léleklovag - Barak Tibor (NS4DJ4)\lib\lwjgl-stb-javadoc.jar;C:\Users\Felhasználó\Desktop\Alfa\Léleklovag - Barak Tibor (NS4DJ4)\lib\lwjgl-stb-natives-windows.jar;C:\Users\Felhasználó\Desktop\Alfa\Léleklovag - Barak Tibor (NS4DJ4)\lib\lwjgl-stb-sources.jar;C:\Users\Felhasználó\Desktop\Alfa\Léleklovag - Barak Tibor (NS4DJ4)\lib\lwjgl-tinyexr.jar;C:\Users\Felhasználó\Desktop\Alfa\Léleklovag - Barak Tibor (NS4DJ4)\lib\lwjgl-tinyexr-javadoc.jar;C:\Users\Felhasználó\Desktop\Alfa\Léleklovag - Barak Tibor (NS4DJ4)\lib\lwjgl-tinyexr-natives-windows.jar;C:\Users\Felhasználó\Desktop\Alfa\Léleklovag - Barak Tibor (NS4DJ4)\lib\lwjgl-tinyexr-sources.jar;C:\Users\Felhasználó\Desktop\Alfa\Léleklovag - Barak Tibor (NS4DJ4)\lib\lwjgl-tinyfd.jar;C:\Users\Felhasználó\Desktop\Alfa\Léleklovag - Barak Tibor (NS4DJ4)\lib\lwjgl-tinyfd-javadoc.jar;C:\Users\Felhasználó\Desktop\Alfa\Léleklovag - Barak Tibor (NS4DJ4)\lib\lwjgl-tinyfd-natives-windows.jar;C:\Users\Felhasználó\Desktop\Alfa\Léleklovag - Barak Tibor (NS4DJ4)\lib\lwjgl-tinyfd-sources.jar;C:\Users\Felhasználó\Desktop\Alfa\Léleklovag - Barak Tibor (NS4DJ4)\lib\lwjgl-tootle.jar;C:\Users\Felhasználó\Desktop\Alfa\Léleklovag - Barak Tibor (NS4DJ4)\lib\lwjgl-tootle-javadoc.jar;C:\Users\Felhasználó\Desktop\Alfa\Léleklovag - Barak Tibor (NS4DJ4)\lib\lwjgl-tootle-natives-windows.jar;C:\Users\Felhasználó\Desktop\Alfa\Léleklovag - Barak Tibor (NS4DJ4)\lib\lwjgl-tootle-sources.jar;C:\Users\Felhasználó\Desktop\Alfa\Léleklovag - Barak Tibor (NS4DJ4)\lib\lwjgl-vma.jar;C:\Users\Felhasználó\Desktop\Alfa\Léleklovag - Barak Tibor (NS4DJ4)\lib\lwjgl-vma-javadoc.jar;C:\Users\Felhasználó\Desktop\Alfa\Léleklovag - Barak Tibor (NS4DJ4)\lib\lwjgl-vma-natives-windows.jar;C:\Users\Felhasználó\Desktop\Alfa\Léleklovag - Barak Tibor (NS4DJ4)\lib\lwjgl-vma-sources.jar;C:\Users\Felhasználó\Desktop\Alfa\Léleklovag - Barak Tibor (NS4DJ4)\lib\lwjgl-vulkan.jar;C:\Users\Felhasználó\Desktop\Alfa\Léleklovag - Barak Tibor (NS4DJ4)\lib\lwjgl-vulkan-javadoc.jar;C:\Users\Felhasználó\Desktop\Alfa\Léleklovag - Barak Tibor (NS4DJ4)\lib\lwjgl-vulkan-sources.jar;C:\Users\Felhasználó\Desktop\Alfa\Léleklovag - Barak Tibor (NS4DJ4)\lib\lwjgl-xxhash.jar;C:\Users\Felhasználó\Desktop\Alfa\Léleklovag - Barak Tibor (NS4DJ4)\lib\lwjgl-xxhash-javadoc.jar;C:\Users\Felhasználó\Desktop\Alfa\Léleklovag - Barak Tibor (NS4DJ4)\lib\lwjgl-xxhash-natives-windows.jar;C:\Users\Felhasználó\Desktop\Alfa\Léleklovag - Barak Tibor (NS4DJ4)\lib\lwjgl-xxhash-sources.jar;C:\Users\Felhasználó\Desktop\Alfa\Léleklovag - Barak Tibor (NS4DJ4)\lib\lwjgl-yoga.jar;C:\Users\Felhasználó\Desktop\Alfa\Léleklovag - Barak Tibor (NS4DJ4)\lib\lwjgl-yoga-javadoc.jar;C:\Users\Felhasználó\Desktop\Alfa\Léleklovag - Barak Tibor (NS4DJ4)\lib\lwjgl-yoga-natives-windows.jar;C:\Users\Felhasználó\Desktop\Alfa\Léleklovag - Barak Tibor (NS4DJ4)\lib\lwjgl-yoga-sources.jar;C:\Users\Felhasználó\Desktop\Alfa\Léleklovag - Barak Tibor (NS4DJ4)\lib\lwjgl-zstd.jar;C:\Users\Felhasználó\Desktop\Alfa\Léleklovag - Barak Tibor (NS4DJ4)\lib\lwjgl-zstd-javadoc.jar;C:\Users\Felhasználó\Desktop\Alfa\Léleklovag - Barak Tibor (NS4DJ4)\lib\lwjgl-zstd-natives-windows.jar;C:\Users\Felhasználó\Desktop\Alfa\Léleklovag - Barak Tibor (NS4DJ4)\lib\lwjgl-zstd-sources.jar
Launcher Type: SUN_STANDARD

[Global flags]
     intx CICompilerCount                          = 4                                         {product} {ergonomic}
     uint ConcGCThreads                            = 2                                         {product} {ergonomic}
     uint G1ConcRefinementThreads                  = 8                                         {product} {ergonomic}
   size_t G1HeapRegionSize                         = 1048576                                   {product} {ergonomic}
    uintx GCDrainStackTargetSize                   = 64                                        {product} {ergonomic}
   size_t InitialHeapSize                          = 132120576                                 {product} {ergonomic}
   size_t MarkStackSize                            = 4194304                                   {product} {ergonomic}
   size_t MaxHeapSize                              = 2111832064                                {product} {ergonomic}
   size_t MaxNewSize                               = 1266679808                                {product} {ergonomic}
   size_t MinHeapDeltaBytes                        = 1048576                                   {product} {ergonomic}
   size_t MinHeapSize                              = 8388608                                   {product} {ergonomic}
    uintx NonNMethodCodeHeapSize                   = 5839372                                {pd product} {ergonomic}
    uintx NonProfiledCodeHeapSize                  = 122909434                              {pd product} {ergonomic}
    uintx ProfiledCodeHeapSize                     = 122909434                              {pd product} {ergonomic}
    uintx ReservedCodeCacheSize                    = 251658240                              {pd product} {ergonomic}
     bool SegmentedCodeCache                       = true                                      {product} {ergonomic}
     bool ShowCodeDetailsInExceptionMessages       = true                                   {manageable} {command line}
   size_t SoftMaxHeapSize                          = 2111832064                             {manageable} {ergonomic}
     bool UseCompressedOops                        = true                           {product lp64_product} {ergonomic}
     bool UseG1GC                                  = true                                      {product} {ergonomic}
     bool UseLargePagesIndividualAllocation        = false                                  {pd product} {ergonomic}

Logging:
Log output configuration:
 #0: stdout all=warning uptime,level,tags foldmultilines=false
 #1: stderr all=off uptime,level,tags foldmultilines=false

Release file:
JAVA_VERSION="21.0.10" 
MODULES="java.base java.compiler java.datatransfer java.xml java.prefs java.desktop java.instrument java.logging java.management java.security.sasl java.naming java.rmi java.management.rmi java.net.http java.scripting java.security.jgss java.transaction.xa java.sql java.sql.rowset java.xml.crypto java.se java.smartcardio jdk.accessibility jdk.internal.jvmstat jdk.attach jdk.charsets jdk.internal.opt jdk.zipfs jdk.compiler jdk.crypto.ec jdk.crypto.cryptoki jdk.crypto.mscapi jdk.dynalink jdk.internal.ed jdk.editpad jdk.hotspot.agent jdk.httpserver jdk.internal.le jdk.internal.vm.ci jdk.internal.vm.compiler jdk.internal.vm.compiler.management jdk.jartool jdk.javadoc jdk.jcmd jdk.management jdk.management.agent jdk.jconsole jdk.jdeps jdk.jdwp.agent jdk.jdi jdk.jfr jdk.jshell jdk.jsobject jdk.jstatd jdk.localedata jdk.management.jfr jdk.naming.dns jdk.naming.rmi jdk.net jdk.nio.mapmode jdk.random jdk.sctp jdk.security.auth jdk.security.jgss jdk.unsupported jdk.unsupported.desktop jdk.xml.dom" 

Environment Variables:
JAVA_HOME=C:\Program Files\Java\jdk-17.0.2\
PATH=C:/Users/Felhasználó/.p2/pool/plugins/org.eclipse.justj.openjdk.hotspot.jre.full.win32.x86_64_21.0.10.v20260205-0638/jre/bin/server;C:/Users/Felhasználó/.p2/pool/plugins/org.eclipse.justj.openjdk.hotspot.jre.full.win32.x86_64_21.0.10.v20260205-0638/jre/bin;C:\Program Files (x86)\NVIDIA Corporation\PhysX\Common;C:\Program Files\Common Files\Oracle\Java\javapath;C:\Program Files (x86)\Common Files\Oracle\Java\javapath;C:\WINDOWS\system32;C:\WINDOWS;C:\WINDOWS\System32\Wbem;C:\WINDOWS\System32\WindowsPowerShell\v1.0\;C:\ProgramData\chocolatey\bin;C:\Program Files\PuTTY\;C:\Program Files\Java\jdk-17.0.2\bin;C:\Program Files\dotnet\;C:\Program Files\Git\cmd;C:\Program Files\nodejs\;C:\Program Files\Docker\Docker\resources\bin;C:\Program Files (x86)\NVIDIA Corporation\PhysX\Common;C:\Program Files\Common Files\Oracle\Java\javapath;C:\Program Files (x86)\Common Files\Oracle\Java\javapath;C:\WINDOWS\system32;C:\WINDOWS;C:\WINDOWS\System32\Wbem;C:\WINDOWS\System32\WindowsPowerShell\v1.0\;C:\ProgramData\chocolatey\bin;C:\Program Files\PuTTY\;C:\Program Files\Java\jdk-17.0.2\bin;C:\Program Files\dotnet\;C:\Program Files\Go\bin;C:\Program Files\Git\cmd;C:\Users\Felhasználó\AppData\Local\Programs\Python\Python39\Scripts\;C:\Users\Felhasználó\AppData\Local\Programs\Python\Python39\;C:\Users\Felhasználó\AppData\Local\Microsoft\WindowsApps;C:\Users\Felhasználó\AppData\Roaming\cabal\bin;C:\tools\ghc-9.0.1\bin;C:\tools\msys64;C:\Users\Felhasználó\AppData\Local\Programs\Microsoft VS Code\bin;C:\Program Files\JetBrains\IntelliJ IDEA 2023.1.3\bin;C:\Program Files\JetBrains\CLion 2022.3.3\bin;C:\Users\Felhasználó\go\bin;C:\Users\Felhasználó\AppData\Local\ComposerSetup\bin;C:\Users\Felhasználó\AppData\R;C:\PHP;C:\Program Files\nodejs;C:\Users\Felhasználó\AppData\Roaming\npm;C:\Users\Felhasználó\Desktop;
USERNAME=Felhasználó
OS=Windows_NT
PROCESSOR_IDENTIFIER=Intel64 Family 6 Model 142 Stepping 12, GenuineIntel
TMP=C:\Users\FELHAS~1\AppData\Local\Temp
TEMP=C:\Users\FELHAS~1\AppData\Local\Temp




Periodic native trim disabled

---------------  S Y S T E M  ---------------

OS:
 Windows 10 , 64 bit Build 19041 (10.0.19041.5915)
OS uptime: 37 days 21:42 hours
Hyper-V role detected

CPU: total 8 (initial active 8) (4 cores per cpu, 2 threads per core) family 6 model 142 stepping 12 microcode 0xf8, cx8, cmov, fxsr, ht, mmx, 3dnowpref, sse, sse2, sse3, ssse3, sse4.1, sse4.2, popcnt, lzcnt, tsc, tscinvbit, avx, avx2, aes, erms, clmul, bmi1, bmi2, adx, fma, vzeroupper, clflush, clflushopt, hv, rdtscp, f16c
Processor Information for the first 8 processors :
  Max Mhz: 1800, Current Mhz: 1600, Mhz Limit: 1584

Memory: 4k page, system-wide physical 8052M (1094M free)
TotalPageFile size 21616M (AvailPageFile size 7002M)
current process WorkingSet (physical memory assigned to process): 187M, peak: 203M
current process commit charge ("private bytes"): 295M, peak: 312M

vm_info: OpenJDK 64-Bit Server VM (21.0.10+7-LTS) for windows-amd64 JRE (21.0.10+7-LTS), built on 2026-01-20T00:00:00Z by "admin" with MS VC++ 17.12 (VS2022)

END.
