#
# A fatal error has been detected by the Java Runtime Environment:
#
#  EXCEPTION_ACCESS_VIOLATION (0xc0000005) at pc=0x00007ffcd657b865, pid=21496, tid=5608
#
# JRE version: OpenJDK Runtime Environment Temurin-21.0.10+7 (21.0.10+7) (build 21.0.10+7-LTS)
# Java VM: OpenJDK 64-Bit Server VM Temurin-21.0.10+7 (21.0.10+7-LTS, mixed mode, sharing, tiered, compressed oops, compressed class ptrs, g1 gc, windows-amd64)
# Problematic frame:
# V  [jvm.dll+0x1db865]
#
# No core dump will be written. Minidumps are not enabled by default on client versions of Windows
#
# If you would like to submit a bug report, please visit:
#   https://github.com/adoptium/adoptium-support/issues
#

---------------  S U M M A R Y ------------

Command Line: -Dfile.encoding=UTF-8 -Dstdout.encoding=UTF-8 -Dstderr.encoding=UTF-8 -XX:+ShowCodeDetailsInExceptionMessages core.GameManager

Host: Intel(R) Core(TM) i5-8265U CPU @ 1.60GHz, 8 cores, 7G,  Windows 10 , 64 bit Build 19041 (10.0.19041.5915)
Time: Mon Mar 30 17:44:22 2026 elapsed time: 68.430372 seconds (0d 0h 1m 8s)

---------------  T H R E A D  ---------------

Current thread (0x000002044acebec0):  JavaThread "main"             [_thread_in_vm, id=5608, stack(0x000000efa4200000,0x000000efa4300000) (1024K)]

Stack: [0x000000efa4200000,0x000000efa4300000],  sp=0x000000efa42fe4e0,  free space=1017k
Native frames: (J=compiled Java code, j=interpreted, Vv=VM code, C=native code)
V  [jvm.dll+0x1db865]
V  [jvm.dll+0x473a4d]
V  [jvm.dll+0x44ca81]
C  0x00000204574acd6b

The last pc belongs to native method entry point (kind = native) (printed below).
Java frames: (J=compiled Java code, j=interpreted, Vv=VM code)
j  org.lwjgl.system.jni.JNINativeInterface.nDeleteGlobalRef(J)V+0
j  org.lwjgl.system.jni.JNINativeInterface.DeleteGlobalRef(J)V+12
j  org.lwjgl.system.Callback.free(J)V+25
j  org.lwjgl.system.Callback.free()V+4
j  core.MultiplayerScreen.cleanup()V+19
j  core.Lobby.handleMultiplayer()V+136
j  core.Lobby.executeSelectedMenuAction()V+74
j  core.Lobby.handleMainMenuKeyPress(I)V+97
j  core.Lobby.handleKeyPress(I)V+17
j  core.Lobby$1.invoke(JIIII)V+11
j  org.lwjgl.glfw.GLFWKeyCallbackI.callback(JJ)V+62
v  ~StubRoutines::call_stub 0x00000204574a100d
J 1363  org.lwjgl.system.JNI.invokeV(J)V (0 bytes) @ 0x0000020457ab0f99 [0x0000020457ab0f40+0x0000000000000059]
J 1380 c1 org.lwjgl.glfw.GLFW.glfwPollEvents()V (9 bytes) @ 0x000002045019f624 [0x000002045019f5c0+0x0000000000000064]
j  core.Lobby.loop()V+55
j  core.Lobby.run()V+5
j  core.GameManager.main([Ljava/lang/String;)V+12
v  ~StubRoutines::call_stub 0x00000204574a100d

siginfo: EXCEPTION_ACCESS_VIOLATION (0xc0000005), writing address 0x000000000000003e


Registers:
RAX=0x0000000000000000, RBX=0x000000000000003e, RCX=0x000000000000003e, RDX=0x0000000000000000
RSP=0x000000efa42fe4e0, RBP=0x000000efa42fe5f0, RSI=0x0000000000000110, RDI=0x0000000000000000
R8 =0x0000000000000040, R9 =0x00000000826e3948, R10=0x00000204574acd3c, R11=0x00000000826e2358
R12=0x0000000000000000, R13=0x00000204654b7ae8, R14=0x000000efa42fe618, R15=0x000002044acebec0
RIP=0x00007ffcd657b865, EFLAGS=0x0000000000010202

XMM[0]=0x0000000000000000 0x0000000000000000
XMM[1]=0x0000000000000000 0x0000000000000000
XMM[2]=0x0000000000000000 0x0000000000000000
XMM[3]=0x0000000000000000 0x0000000000000000
XMM[4]=0x0000000000000000 0x0000000000000000
XMM[5]=0x0000000000000000 0x0000000000000000
XMM[6]=0x0000000000000000 0x0000000000000000
XMM[7]=0x0000000000000000 0x0000000000000018
XMM[8]=0x0000000000000000 0x0000000000000008
XMM[9]=0x0000000000000000 0x0000000000000010
XMM[10]=0x0000000000000000 0x000000000000ff00
XMM[11]=0x0000000000000000 0x000000008276b5e0
XMM[12]=0x0000000000000000 0x00000000ff000000
XMM[13]=0x0000000000000000 0x0000000000ff0000
XMM[14]=0x0000000000000000 0x0000000000000000
XMM[15]=0x0000000000000000 0x0000000000000000
  MXCSR=0x00001fa2


Register to memory mapping:

RAX=0x0 is null
RBX=0x000000000000003e is an unknown value
RCX=0x000000000000003e is an unknown value
RDX=0x0 is null
RSP=0x000000efa42fe4e0 is pointing into the stack for thread: 0x000002044acebec0
RBP=0x000000efa42fe5f0 is pointing into the stack for thread: 0x000002044acebec0
RSI=0x0000000000000110 is an unknown value
RDI=0x0 is null
R8 =0x0000000000000040 is an unknown value
R9 =0x00000000826e3948 is an oop: java.lang.Class 
{0x00000000826e3948} - klass: 'java/lang/Class'
 - ---- fields (total size 15 words):
 - private volatile transient 'classRedefinedCount' 'I' @12  0 (0x00000000)
 - injected 'klass' 'J' @16  2216219928688 (0x0000020401006870)
 - injected 'array_klass' 'J' @24  0 (0x0000000000000000)
 - injected 'oop_size' 'I' @32  15 (0x0000000f)
 - injected 'static_oop_field_count' 'I' @36  0 (0x00000000)
 - private volatile transient 'cachedConstructor' 'Ljava/lang/reflect/Constructor;' @40  null (0x00000000)
 - private transient 'name' 'Ljava/lang/String;' @44  "org.lwjgl.system.Checks"{0x00000000826e39c0} (0x826e39c0)
 - private transient 'module' 'Ljava/lang/Module;' @48  a 'java/lang/Module'{0x00000000824cd038} (0x824cd038)
 - private final 'classLoader' 'Ljava/lang/ClassLoader;' @52  a 'jdk/internal/loader/ClassLoaders$AppClassLoader'{0x0000000082485c20} (0x82485c20)
 - private transient 'classData' 'Ljava/lang/Object;' @56  null (0x00000000)
 - private transient 'packageName' 'Ljava/lang/String;' @60  "org.lwjgl.system"{0x00000000824ce8c0} (0x824ce8c0)
 - private final 'componentType' 'Ljava/lang/Class;' @64  null (0x00000000)
 - private volatile transient 'reflectionData' 'Ljava/lang/ref/SoftReference;' @68  null (0x00000000)
 - private volatile transient 'genericInfo' 'Lsun/reflect/generics/repository/ClassRepository;' @72  null (0x00000000)
 - private volatile transient 'enumConstants' '[Ljava/lang/Object;' @76  null (0x00000000)
 - private volatile transient 'enumConstantDirectory' 'Ljava/util/Map;' @80  null (0x00000000)
 - private volatile transient 'annotationData' 'Ljava/lang/Class$AnnotationData;' @84  null (0x00000000)
 - private volatile transient 'annotationType' 'Lsun/reflect/annotation/AnnotationType;' @88  null (0x00000000)
 - transient 'classValueMap' 'Ljava/lang/ClassValue$ClassValueMap;' @92  null (0x00000000)
 - injected 'protection_domain' 'Ljava/lang/Object;' @96  a 'java/security/ProtectionDomain'{0x00000000824cd0a8} (0x824cd0a8)
 - injected 'signers_name' 'Ljava/lang/Object;' @100  null (0x00000000)
 - injected 'source_file' 'Ljava/lang/Object;' @104  null (0x00000000)
 - injected '<init_lock>' 'Ljava/lang/Object;' @108  null (0x00000000)
 - signature: Lorg/lwjgl/system/Checks;
 - ---- static fields (0):
 - public static final 'CHECKS' 'Z' @112  true (0x01)
 - public static final 'DEBUG' 'Z' @113  false (0x00)
 - public static final 'DEBUG_FUNCTIONS' 'Z' @114  false (0x00)
R10=0x00000204574acd3c is at code_begin+1020 in an Interpreter codelet
native method entry point (kind = native)  [0x00000204574ac940, 0x00000204574ad398]  2648 bytes
R11=0x00000000826e2358 is an oop: java.lang.Class 
{0x00000000826e2358} - klass: 'java/lang/Class'
 - ---- fields (total size 27 words):
 - private volatile transient 'classRedefinedCount' 'I' @12  0 (0x00000000)
 - injected 'klass' 'J' @16  2216219992504 (0x00000204010161b8)
 - injected 'array_klass' 'J' @24  0 (0x0000000000000000)
 - injected 'oop_size' 'I' @32  27 (0x0000001b)
 - injected 'static_oop_field_count' 'I' @36  0 (0x00000000)
 - private volatile transient 'cachedConstructor' 'Ljava/lang/reflect/Constructor;' @40  null (0x00000000)
 - private transient 'name' 'Ljava/lang/String;' @44  "org.lwjgl.system.jni.JNINativeInterface"{0x00000000826e2430} (0x826e2430)
 - private transient 'module' 'Ljava/lang/Module;' @48  a 'java/lang/Module'{0x00000000824cd038} (0x824cd038)
 - private final 'classLoader' 'Ljava/lang/ClassLoader;' @52  a 'jdk/internal/loader/ClassLoaders$AppClassLoader'{0x0000000082485c20} (0x82485c20)
 - private transient 'classData' 'Ljava/lang/Object;' @56  null (0x00000000)
 - private transient 'packageName' 'Ljava/lang/String;' @60  "org.lwjgl.system.jni"{0x00000000826e1580} (0x826e1580)
 - private final 'componentType' 'Ljava/lang/Class;' @64  null (0x00000000)
 - private volatile transient 'reflectionData' 'Ljava/lang/ref/SoftReference;' @68  null (0x00000000)
 - private volatile transient 'genericInfo' 'Lsun/reflect/generics/repository/ClassRepository;' @72  null (0x00000000)
 - private volatile transient 'enumConstants' '[Ljava/lang/Object;' @76  null (0x00000000)
 - private volatile transient 'enumConstantDirectory' 'Ljava/util/Map;' @80  null (0x00000000)
 - private volatile transient 'annotationData' 'Ljava/lang/Class$AnnotationData;' @84  null (0x00000000)
 - private volatile transient 'annotationType' 'Lsun/reflect/annotation/AnnotationType;' @88  null (0x00000000)
 - transient 'classValueMap' 'Ljava/lang/ClassValue$ClassValueMap;' @92  null (0x00000000)
 - injected 'protection_domain' 'Ljava/lang/Object;' @96  a 'java/security/ProtectionDomain'{0x00000000824cd0a8} (0x824cd0a8)
 - injected 'signers_name' 'Ljava/lang/Object;' @100  null (0x00000000)
 - injected 'source_file' 'Ljava/lang/Object;' @104  null (0x00000000)
 - injected '<init_lock>' 'Ljava/lang/Object;' @108  null (0x00000000)
 - signature: Lorg/lwjgl/system/jni/JNINativeInterface;
 - ---- static fields (0):
 - public static final 'JNI_VERSION_1_1' 'I' @112  65537 (0x00010001)
 - public static final 'JNI_VERSION_1_2' 'I' @116  65538 (0x00010002)
 - public static final 'JNI_VERSION_1_4' 'I' @120  65540 (0x00010004)
 - public static final 'JNI_VERSION_1_6' 'I' @124  65542 (0x00010006)
 - public static final 'JNI_VERSION_1_8' 'I' @128  65544 (0x00010008)
 - public static final 'JNI_VERSION_9' 'I' @132  589824 (0x00090000)
 - public static final 'JNI_VERSION_10' 'I' @136  655360 (0x000a0000)
 - public static final 'JNI_VERSION_19' 'I' @140  1245184 (0x00130000)
 - public static final 'JNI_VERSION_20' 'I' @144  1310720 (0x00140000)
 - public static final 'JNI_VERSION_21' 'I' @148  1376256 (0x00150000)
 - public static final 'JNI_VERSION_24' 'I' @152  1572864 (0x00180000)
 - public static final 'JNIInvalidRefType' 'I' @156  0 (0x00000000)
 - public static final 'JNILocalRefType' 'I' @160  1 (0x00000001)
 - public static final 'JNIGlobalRefType' 'I' @164  2 (0x00000002)
 - public static final 'JNIWeakGlobalRefType' 'I' @168  3 (0x00000003)
 - public static final 'JNI_FALSE' 'I' @172  0 (0x00000000)
 - public static final 'JNI_TRUE' 'I' @176  1 (0x00000001)
 - public static final 'JNI_OK' 'I' @180  0 (0x00000000)
 - public static final 'JNI_ERR' 'I' @184  -1 (0xffffffff)
 - public static final 'JNI_EDETACHED' 'I' @188  -2 (0xfffffffe)
 - public static final 'JNI_EVERSION' 'I' @192  -3 (0xfffffffd)
 - public static final 'JNI_ENOMEM' 'I' @196  -4 (0xfffffffc)
 - public static final 'JNI_EEXIST' 'I' @200  -5 (0xfffffffb)
 - public static final 'JNI_EINVAL' 'I' @204  -6 (0xfffffffa)
 - public static final 'JNI_COMMIT' 'I' @208  1 (0x00000001)
 - public static final 'JNI_ABORT' 'I' @212  2 (0x00000002)
R12=0x0 is null
R13={method} {0x00000204654b7af0} 'nDeleteGlobalRef' '(J)V' in 'org/lwjgl/system/jni/JNINativeInterface'
R14=0x000000efa42fe618 is pointing into the stack for thread: 0x000002044acebec0
R15=0x000002044acebec0 is a thread

Top of Stack: (sp=0x000000efa42fe4e0)
0x000000efa42fe4e0:   0000000000000000 00000000826e1930
0x000000efa42fe4f0:   000002046551bdd8 0000000000000000
0x000000efa42fe500:   0000000000000040 00007ffcd6813a4d
0x000000efa42fe510:   000000000000003e 0000000000000000
0x000000efa42fe520:   0000020464fd0050 0000000000000000
0x000000efa42fe530:   000002044acebec0 00007ffcd67eca81
0x000000efa42fe540:   000000efa42fe540 000002046551c53e
0x000000efa42fe550:   0000000000000003 000002046551ec20
0x000000efa42fe560:   00000000000021ab 00000204574acd6b
0x000000efa42fe570:   00000204654b7ae8 0000000000000000
0x000000efa42fe580:   000000efa42fe598 000000efa42fe5f0
0x000000efa42fe590:   00000204574a89d2 0000020464fd0050
0x000000efa42fe5a0:   000000efa42fe608 000000efa42fe5a8
0x000000efa42fe5b0:   0000000000000000 0000000000000005
0x000000efa42fe5c0:   00000204654ba3f8 0000000000000000
0x000000efa42fe5d0:   00000000826e2358 00000204654b7ae8
0x000000efa42fe5e0:   0000000000000000 000000efa42fe610
0x000000efa42fe5f0:   000000efa42fe668 00000204574a8860
0x000000efa42fe600:   00000000826e2358 00000204574aa3d7
0x000000efa42fe610:   0000000000000040 0000000000000000
0x000000efa42fe620:   000000efa42fe620 00000204654b7b94
0x000000efa42fe630:   0000000000000003 00000204654ba3f8
0x000000efa42fe640:   0000000000000000 00000000826e2358
0x000000efa42fe650:   00000204654b7bb8 000000efa42fe610
0x000000efa42fe660:   000000efa42fe678 000000efa42fe6d0
0x000000efa42fe670:   00000204574a8860 0000000000000040
0x000000efa42fe680:   0000000000000000 000000efa42fe688
0x000000efa42fe690:   0000020465438779 0000000000000004
0x000000efa42fe6a0:   00000204654cce58 0000000000000000
0x000000efa42fe6b0:   000000008273ba38 00000204654387a8
0x000000efa42fe6c0:   000000efa42fe678 000000efa42fe6e8
0x000000efa42fe6d0:   000000efa42fe740 00000204574a8860 

Instructions: (pc=0x00007ffcd657b865)
0x00007ffcd657b765:   48 8b d7 e8 f3 f8 ff ff 48 39 75 08 0f 85 86 00
0x00007ffcd657b775:   00 00 48 8b 84 24 90 00 00 00 48 8b de 48 85 c0
0x00007ffcd657b785:   74 03 48 8b 18 48 8b 0d 9f c3 ab 00 48 85 c9 75
0x00007ffcd657b795:   05 48 8b c6 eb 06 ff 15 7f 48 a5 00 4c 8b c3 41
0x00007ffcd657b7a5:   8b d4 48 8b c8 e8 e1 e2 4d 00 41 8b cc e8 b9 02
0x00007ffcd657b7b5:   00 00 48 8b d8 48 85 c0 74 3e 48 8b 8d 28 03 00
0x00007ffcd657b7c5:   00 48 8b 71 18 48 8b 41 20 48 2b c6 48 83 f8 08
0x00007ffcd657b7d5:   72 13 48 8d 46 08 48 89 41 18 49 8b c6 48 89 1e
0x00007ffcd657b7e5:   48 89 30 eb 1e 45 33 c0 ba 08 00 00 00 e8 39 b3
0x00007ffcd657b7f5:   ee ff 48 8b f0 48 89 18 49 8b c6 48 89 30 eb 03
0x00007ffcd657b805:   49 89 36 48 8b ac 24 88 00 00 00 49 8b c6 48 8b
0x00007ffcd657b815:   9c 24 80 00 00 00 48 8b b4 24 98 00 00 00 48 83
0x00007ffcd657b825:   c4 50 41 5f 41 5e 41 5d 41 5c 5f c3 cc cc cc cc
0x00007ffcd657b835:   cc cc cc cc cc cc cc cc cc cc cc 48 89 11 c3 cc
0x00007ffcd657b845:   cc cc cc cc cc cc cc cc cc cc cc 48 89 5c 24 08
0x00007ffcd657b855:   57 48 83 ec 20 48 8b fa 48 8b d9 e8 bb f0 ff ff
0x00007ffcd657b865:   48 89 3b 48 8b 5c 24 30 48 83 c4 20 5f c3 cc cc
0x00007ffcd657b875:   cc cc cc cc cc cc cc cc cc cc cc 48 89 5c 24 08
0x00007ffcd657b885:   48 89 74 24 10 57 48 83 ec 20 80 3d b6 a4 ac 00
0x00007ffcd657b895:   00 48 8b da 48 8b 35 c0 b2 ab 00 48 8b f9 74 22
0x00007ffcd657b8a5:   48 85 d2 74 1d 48 8b 46 40 0f be 90 f1 02 00 00
0x00007ffcd657b8b5:   d1 ea f6 c2 01 74 0b 48 8b d3 48 8b ce e8 49 fd
0x00007ffcd657b8c5:   e2 ff 80 3d ef f1 a5 00 00 74 22 48 8b 46 40 0f
0x00007ffcd657b8d5:   be 90 f1 02 00 00 d1 ea f6 c2 01 74 10 48 8b 17
0x00007ffcd657b8e5:   48 85 d2 74 08 48 8b ce e8 1e fd e2 ff 48 8b 74
0x00007ffcd657b8f5:   24 38 48 89 1f 48 8b 5c 24 30 48 83 c4 20 5f c3
0x00007ffcd657b905:   cc cc cc cc cc cc cc cc cc cc cc 48 89 5c 24 08
0x00007ffcd657b915:   57 48 83 ec 20 48 8b f9 48 8b da 48 8b 09 48 85
0x00007ffcd657b925:   0d 7e 02 b1 00 74 0d e8 ff 0b e3 ff 48 8b c8 e8
0x00007ffcd657b935:   17 74 73 00 48 8b 0d 60 02 b1 00 48 8d 15 61 f8
0x00007ffcd657b945:   82 00 48 c1 e9 0c 83 e1 0f 8b 0c 8a 48 d3 e3 48
0x00007ffcd657b955:   0b 1d 45 02 b1 00 48 89 1f 48 8b 5c 24 30 48 83 


Stack slot to memory mapping:

stack at sp + 0 slots: 0x0 is null
stack at sp + 1 slots: 0x00000000826e1930 is an oop: java.lang.Class 
{0x00000000826e1930} - klass: 'java/lang/Class'
 - ---- fields (total size 17 words):
 - private volatile transient 'classRedefinedCount' 'I' @12  0 (0x00000000)
 - injected 'klass' 'J' @16  2216219999280 (0x0000020401017c30)
 - injected 'array_klass' 'J' @24  0 (0x0000000000000000)
 - injected 'oop_size' 'I' @32  17 (0x00000011)
 - injected 'static_oop_field_count' 'I' @36  0 (0x00000000)
 - private volatile transient 'cachedConstructor' 'Ljava/lang/reflect/Constructor;' @40  null (0x00000000)
 - private transient 'name' 'Ljava/lang/String;' @44  "org.lwjgl.system.libffi.FFIClosure"{0x00000000826e19b8} (0x826e19b8)
 - private transient 'module' 'Ljava/lang/Module;' @48  a 'java/lang/Module'{0x00000000824cd038} (0x824cd038)
 - private final 'classLoader' 'Ljava/lang/ClassLoader;' @52  a 'jdk/internal/loader/ClassLoaders$AppClassLoader'{0x0000000082485c20} (0x82485c20)
 - private transient 'classData' 'Ljava/lang/Object;' @56  null (0x00000000)
 - private transient 'packageName' 'Ljava/lang/String;' @60  "org.lwjgl.system.libffi"{0x00000000826b6e78} (0x826b6e78)
 - private final 'componentType' 'Ljava/lang/Class;' @64  null (0x00000000)
 - private volatile transient 'reflectionData' 'Ljava/lang/ref/SoftReference;' @68  null (0x00000000)
 - private volatile transient 'genericInfo' 'Lsun/reflect/generics/repository/ClassRepository;' @72  null (0x00000000)
 - private volatile transient 'enumConstants' '[Ljava/lang/Object;' @76  null (0x00000000)
 - private volatile transient 'enumConstantDirectory' 'Ljava/util/Map;' @80  null (0x00000000)
 - private volatile transient 'annotationData' 'Ljava/lang/Class$AnnotationData;' @84  null (0x00000000)
 - private volatile transient 'annotationType' 'Lsun/reflect/annotation/AnnotationType;' @88  null (0x00000000)
 - transient 'classValueMap' 'Ljava/lang/ClassValue$ClassValueMap;' @92  null (0x00000000)
 - injected 'protection_domain' 'Ljava/lang/Object;' @96  a 'java/security/ProtectionDomain'{0x00000000824cd0a8} (0x824cd0a8)
 - injected 'signers_name' 'Ljava/lang/Object;' @100  null (0x00000000)
 - injected 'source_file' 'Ljava/lang/Object;' @104  null (0x00000000)
 - injected '<init_lock>' 'Ljava/lang/Object;' @108  null (0x00000000)
 - signature: Lorg/lwjgl/system/libffi/FFIClosure;
 - ---- static fields (0):
 - public static final 'SIZEOF' 'I' @112  56 (0x00000038)
 - public static final 'ALIGNOF' 'I' @116  8 (0x00000008)
 - public static final 'CIF' 'I' @120  32 (0x00000020)
 - public static final 'FUN' 'I' @124  40 (0x00000028)
 - public static final 'USER_DATA' 'I' @128  48 (0x00000030)
stack at sp + 2 slots: {method} {0x000002046551bde0} '<init>' '(JLjava/nio/ByteBuffer;)V' in 'org/lwjgl/system/libffi/FFIClosure'
stack at sp + 3 slots: 0x0 is null
stack at sp + 4 slots: 0x0000000000000040 is an unknown value
stack at sp + 5 slots: 0x00007ffcd6813a4d jvm.dll
stack at sp + 6 slots: 0x000000000000003e is an unknown value
stack at sp + 7 slots: 0x0 is null

native method entry point (kind = native)  [0x00000204574ac940, 0x00000204574ad398]  2648 bytes
[MachCode]
  0x00000204574ac940: 488b 4b08 | 0fb7 492e | 584c 8d74 | ccf8 6800 | 0000 0068 | 0000 0000 | 5055 488b | ec41 5568 
  0x00000204574ac960: 0000 0000 | 4c8b 6b08 | 4d8d 6d38 | 5348 8b53 | 0848 8b52 | 0848 8b52 | 1848 8b52 | 7048 8b12 
  0x00000204574ac980: 5248 8b53 | 1048 85d2 | 0f84 0700 | 0000 4881 | c208 0100 | 0052 488b | 5308 488b | 5208 488b 
  0x00000204574ac9a0: 5210 5249 | 8bc6 482b | c548 c1e8 | 0350 6800 | 0000 0068 | 0000 0000 | 4889 2424 | 41c6 8779 
  0x00000204574ac9c0: 0400 0001 | 488b 4310 | 4885 c074 | 208b 88cc | 0000 0083 | c102 8988 | cc00 0000 | 2388 e000 
  0x00000204574ac9e0: 0000 0f84 | fd08 0000 | e9cf 0000 | 0048 8b43 | 1848 85c0 | 0f85 b000 | 0000 e805 | 0000 00e9 
  0x00000204574aca00: 9900 0000 | 488b d348 | 8d44 2408 | 4c89 6dc0 | 498b cfc5 | f877 4989 | afb0 0300 | 0049 8987 
  0x00000204574aca20: a003 0000 | 4883 ec20 | 40f6 c40f | 0f84 1900 | 0000 4883 | ec08 48b8 | 90d6 77d6 | fc7f 0000 
  0x00000204574aca40: ffd0 4883 | c408 e90c | 0000 0048 | b890 d677 | d6fc 7f00 | 00ff d048 | 83c4 2049 | c787 a003 
  0x00000204574aca60: 0000 0000 | 0000 49c7 | 87b0 0300 | 0000 0000 | 0049 c787 | a803 0000 | 0000 0000 | c5f8 7749 
  0x00000204574aca80: 837f 0800 | 0f84 0500 | 0000 e971 | 44ff ff4c | 8b6d c04c | 8b75 c84e | 8d74 f500 | c348 8b43 
  0x00000204574acaa0: 1848 85c0 | 0f84 1200 | 0000 8b48 | 0883 c102 | 8948 0823 | 481c 0f84 | 2908 0000 | 493b a7e8 
  0x00000204574acac0: 0400 000f | 8748 0000 | 0089 8424 | 00f0 ffff | 8984 2400 | e0ff ff89 | 8424 00d0 | ffff 8984 
  0x00000204574acae0: 2400 c0ff | ff89 8424 | 00b0 ffff | 8984 2400 | a0ff ff89 | 8424 0090 | ffff 8984 | 2400 80ff 
  0x00000204574acb00: ff49 3ba7 | e004 0000 | 7607 4989 | a7e8 0400 | 0041 c687 | 7904 0000 | 0049 bac6 | 5c04 d7fc 
  0x00000204574acb20: 7f00 0041 | 803a 000f | 843e 0000 | 0048 8b55 | e849 8bcf | 4883 ec20 | 40f6 c40f | 0f84 1900 
  0x00000204574acb40: 0000 4883 | ec08 48b8 | 50e1 add6 | fc7f 0000 | ffd0 4883 | c408 e90c | 0000 0048 | b850 e1ad 
  0x00000204574acb60: d6fc 7f00 | 00ff d048 | 83c4 2048 | 8b5d e84c | 8b5b 0845 | 0fb7 5b2e | 41c1 e303 | 492b e348 
  0x00000204574acb80: 83ec 2048 | 83e4 f04c | 8b5b 604d | 85db 0f85 | ab00 0000 | e805 0000 | 00e9 9900 | 0000 488b 
  0x00000204574acba0: d348 8d44 | 2408 4c89 | 6dc0 498b | cfc5 f877 | 4989 afb0 | 0300 0049 | 8987 a003 | 0000 4883 
  0x00000204574acbc0: ec20 40f6 | c40f 0f84 | 1900 0000 | 4883 ec08 | 48b8 c0fd | 77d6 fc7f | 0000 ffd0 | 4883 c408 
  0x00000204574acbe0: e90c 0000 | 0048 b8c0 | fd77 d6fc | 7f00 00ff | d048 83c4 | 2049 c787 | a003 0000 | 0000 0000 
  0x00000204574acc00: 49c7 87b0 | 0300 0000 | 0000 0049 | c787 a803 | 0000 0000 | 0000 c5f8 | 7749 837f | 0800 0f84 
  0x00000204574acc20: 0500 0000 | e9d7 42ff | ff4c 8b6d | c04c 8b75 | c84e 8d74 | f500 c348 | 8b5d e84c | 8b5b 6041 
  0x00000204574acc40: ffd3 488b | 5de8 4889 | 4518 448b | 5b28 41f6 | c308 0f84 | 1b00 0000 | 4c8b 5b08 | 4d8b 5b08 
  0x00000204574acc60: 4d8b 5b18 | 4d8b 5b70 | 4d8b 1b4c | 895d 1048 | 8d55 1048 | 8b43 5849 | bae0 35ae | d6fc 7f00 
  0x00000204574acc80: 0049 3bc2 | 0f85 ab00 | 0000 e805 | 0000 00e9 | 9900 0000 | 488b d348 | 8d44 2408 | 4c89 6dc0 
  0x00000204574acca0: 498b cfc5 | f877 4989 | afb0 0300 | 0049 8987 | a003 0000 | 4883 ec20 | 40f6 c40f | 0f84 1900 
  0x00000204574accc0: 0000 4883 | ec08 48b8 | c0fd 77d6 | fc7f 0000 | ffd0 4883 | c408 e90c | 0000 0048 | b8c0 fd77 
  0x00000204574acce0: d6fc 7f00 | 00ff d048 | 83c4 2049 | c787 a003 | 0000 0000 | 0000 49c7 | 87b0 0300 | 0000 0000 
  0x00000204574acd00: 0049 c787 | a803 0000 | 0000 0000 | c5f8 7749 | 837f 0800 | 0f84 0500 | 0000 e9e1 | 41ff ff4c 
  0x00000204574acd20: 8b6d c04c | 8b75 c84e | 8d74 f500 | c348 8b5d | e848 8b43 | 5849 8d8f | c003 0000 | c5f8 7749 
  0x00000204574acd40: 89af b003 | 0000 49ba | 3ccd 4a57 | 0402 0000 | 4d89 97a8 | 0300 0049 | 89a7 a003 | 0000 41c7 
  0x00000204574acd60: 874c 0400 | 0004 0000 | 00ff d0c5 | f877 4883 | ec10 c5fb | 1104 2448 | 83ec 1048 | 8904 2448 
  0x00000204574acd80: c744 2408 | 0000 0000 | 41c7 874c | 0400 0005 | 0000 00f0 | 8344 24c0 | 0049 3baf | 5004 0000 
  0x00000204574acda0: 0f87 0e00 | 0000 4183 | bf48 0400 | 0000 0f84 | 2000 0000 | 498b cf4c | 8be4 4883 | ec20 4883 
  0x00000204574acdc0: e4f0 48b8 | d052 79d6 | fc7f 0000 | ffd0 498b | e44d 33e4 | 41c7 874c | 0400 0008 | 0000 0049 
  0x00000204574acde0: c787 a003 | 0000 0000 | 0000 49c7 | 87b0 0300 | 0000 0000 | 0049 c787 | a803 0000 | 0000 0000 
  0x00000204574ace00: c5f8 774d | 8b9f 3004 | 0000 41c7 | 8300 0100 | 0000 0000 | 0049 bbda | a34a 5704 | 0200 004c 
  0x00000204574ace20: 3b5d 180f | 8556 0100 | 0048 8b04 | 2448 83c4 | 1048 85c0 | 0f84 3001 | 0000 a803 | 0f85 0800 
  0x00000204574ace40: 0000 488b | 00e9 2001 | 0000 a801 | 0f85 0900 | 0000 488b | 40fe e90f | 0100 0048 | 8b40 ff41 
  0x00000204574ace60: 807f 4000 | 0f84 0001 | 0000 4883 | f800 0f84 | f600 0000 | 4d8b 5f28 | 4983 fb00 | 0f84 1400 
  0x00000204574ace80: 0000 4983 | eb08 4d89 | 5f28 4d03 | 5f38 4989 | 03e9 d400 | 0000 4883 | ec70 4889 | 0424 4889 
  0x00000204574acea0: 4c24 0848 | 8954 2410 | 4c89 4424 | 184c 894c | 2420 4c89 | 5424 284c | 895c 2430 | c5fb 1144 
  0x00000204574acec0: 2440 c5fb | 114c 2448 | c5fb 1154 | 2450 c5fb | 115c 2458 | c5fb 1164 | 2460 c5fb | 116c 2468 
  0x00000204574acee0: 498b d748 | 8bc8 4883 | ec20 40f6 | c40f 0f84 | 1900 0000 | 4883 ec08 | 48b8 f0a0 | 6cd6 fc7f 
  0x00000204574acf00: 0000 ffd0 | 4883 c408 | e90c 0000 | 0048 b8f0 | a06c d6fc | 7f00 00ff | d048 83c4 | 20c5 fb10 
  0x00000204574acf20: 6c24 68c5 | fb10 6424 | 60c5 fb10 | 5c24 58c5 | fb10 5424 | 50c5 fb10 | 4c24 48c5 | fb10 4424 
  0x00000204574acf40: 404c 8b5c | 2430 4c8b | 5424 284c | 8b4c 2420 | 4c8b 4424 | 1848 8b54 | 2410 488b | 4c24 0848 
  0x00000204574acf60: 8b04 2448 | 83c4 70c5 | f877 4889 | 4510 4883 | ec10 4889 | 0424 48c7 | 4424 0800 | 0000 0041 
  0x00000204574acf80: 83bf c804 | 0000 020f | 85bf 0000 | 0048 81ec | 8000 0000 | 4889 4424 | 7848 894c | 2470 4889 
  0x00000204574acfa0: 5424 6848 | 895c 2460 | 4889 6c24 | 5048 8974 | 2448 4889 | 7c24 404c | 8944 2438 | 4c89 4c24 
  0x00000204574acfc0: 304c 8954 | 2428 4c89 | 5c24 204c | 8964 2418 | 4c89 6c24 | 104c 8974 | 2408 4c89 | 3c24 4c8b 
  0x00000204574acfe0: e448 83ec | 2048 83e4 | f048 b8a0 | 18ae d6fc | 7f00 00ff | d049 8be4 | 4c8b 3c24 | 4c8b 7424 
  0x00000204574ad000: 084c 8b6c | 2410 4c8b | 6424 184c | 8b5c 2420 | 4c8b 5424 | 284c 8b4c | 2430 4c8b | 4424 3848 
  0x00000204574ad020: 8b7c 2440 | 488b 7424 | 4848 8b6c | 2450 488b | 5c24 6048 | 8b54 2468 | 488b 4c24 | 7048 8b44 
  0x00000204574ad040: 2478 4881 | c480 0000 | 004d 33e4 | 488b 5de8 | 4c8b 6b08 | 4d8d 6d38 | 4983 7f08 | 000f 84bb 
  0x00000204574ad060: 0000 00e8 | 0500 0000 | e996 0000 | 0048 8d44 | 2408 4c89 | 6dc0 498b | cfc5 f877 | 4989 afb0 
  0x00000204574ad080: 0300 0049 | 8987 a003 | 0000 4883 | ec20 40f6 | c40f 0f84 | 1900 0000 | 4883 ec08 | 48b8 101b 
  0x00000204574ad0a0: 78d6 fc7f | 0000 ffd0 | 4883 c408 | e90c 0000 | 0048 b810 | 1b78 d6fc | 7f00 00ff | d048 83c4 
  0x00000204574ad0c0: 2049 c787 | a003 0000 | 0000 0000 | 49c7 87b0 | 0300 0000 | 0000 0049 | c787 a803 | 0000 0000 
  0x00000204574ad0e0: 0000 c5f8 | 7749 837f | 0800 0f84 | 0500 0000 | e90b 3eff | ff4c 8b6d | c04c 8b75 | c84e 8d74 
  0x00000204574ad100: f500 c348 | b940 53da | d6fc 7f00 | 0048 83e4 | f048 b8b0 | c39c d6fc | 7f00 00ff | d0f4 448b 
  0x00000204574ad120: 5b28 41f6 | c320 0f84 | 4401 0000 | 488d 55a8 | 4c8b 5a08 | 4d85 db0f | 85bb 0000 | 00e8 0500 
  0x00000204574ad140: 0000 e996 | 0000 0048 | 8d44 2408 | 4c89 6dc0 | 498b cfc5 | f877 4989 | afb0 0300 | 0049 8987 
  0x00000204574ad160: a003 0000 | 4883 ec20 | 40f6 c40f | 0f84 1900 | 0000 4883 | ec08 48b8 | 401a 78d6 | fc7f 0000 
  0x00000204574ad180: ffd0 4883 | c408 e90c | 0000 0048 | b840 1a78 | d6fc 7f00 | 00ff d048 | 83c4 2049 | c787 a003 
  0x00000204574ad1a0: 0000 0000 | 0000 49c7 | 87b0 0300 | 0000 0000 | 0049 c787 | a803 0000 | 0000 0000 | c5f8 7749 
  0x00000204574ad1c0: 837f 0800 | 0f84 0500 | 0000 e931 | 3dff ff4c | 8b6d c04c | 8b75 c84e | 8d74 f500 | c348 b940 
  0x00000204574ad1e0: 53da d6fc | 7f00 0048 | 83e4 f048 | b8b0 c39c | d6fc 7f00 | 00ff d0f4 | 4c89 6dc0 | 488d 024c 
  0x00000204574ad200: 8b4a 0848 | c742 0800 | 0000 004c | 8b00 4d85 | c00f 840b | 0000 00f0 | 4d0f b101 | 0f85 0c00 
  0x00000204574ad220: 0000 49ff | 8f50 0500 | 00e9 3e00 | 0000 4c89 | 4a08 488b | ca48 83ec | 2040 f6c4 | 0f0f 8419 
  0x00000204574ad240: 0000 0048 | 83ec 0848 | b8b0 ed77 | d6fc 7f00 | 00ff d048 | 83c4 08e9 | 0c00 0000 | 48b8 b0ed 
  0x00000204574ad260: 77d6 fc7f | 0000 ffd0 | 4883 c420 | 4c8b 6dc0 | 49ba c65c | 04d7 fc7f | 0000 4180 | 3a00 0f84 
  0x00000204574ad280: 3e00 0000 | 488b 55e8 | 498b cf48 | 83ec 2040 | f6c4 0f0f | 8419 0000 | 0048 83ec | 0848 b850 
  0x00000204574ad2a0: e1ad d6fc | 7f00 00ff | d048 83c4 | 08e9 0c00 | 0000 48b8 | 50e1 add6 | fc7f 0000 | ffd0 4883 
  0x00000204574ad2c0: c420 488b | 0424 4883 | c410 c5fb | 1004 2448 | 83c4 104c | 8b5d 1841 | ffd3 4c8b | 5df8 c95f 
  0x00000204574ad2e0: 498b e3ff | e7ba 0000 | 0000 e805 | 0000 00e9 | 9600 0000 | 488d 4424 | 084c 896d | c049 8bcf 
  0x00000204574ad300: c5f8 7749 | 89af b003 | 0000 4989 | 87a0 0300 | 0048 83ec | 2040 f6c4 | 0f0f 8419 | 0000 0048 
  0x00000204574ad320: 83ec 0848 | b850 e177 | d6fc 7f00 | 00ff d048 | 83c4 08e9 | 0c00 0000 | 48b8 50e1 | 77d6 fc7f 
  0x00000204574ad340: 0000 ffd0 | 4883 c420 | 49c7 87a0 | 0300 0000 | 0000 0049 | c787 b003 | 0000 0000 | 0000 49c7 
  0x00000204574ad360: 87a8 0300 | 0000 0000 | 00c5 f877 | 4983 7f08 | 000f 8405 | 0000 00e9 | 843b ffff | 4c8b 6dc0 
  0x00000204574ad380: 4c8b 75c8 | 4e8d 74f5 | 00c3 488b | 5de8 e929 | f7ff ff0f | 1f44 0000 
[/MachCode]

Compiled method (n/a) 68500 1363     n 0       org.lwjgl.system.JNI::invokeV (native)
 total in heap  [0x0000020457ab0d90,0x0000020457ab1160] = 976
 relocation     [0x0000020457ab0ef0,0x0000020457ab0f28] = 56
 main code      [0x0000020457ab0f40,0x0000020457ab1154] = 532
 stub code      [0x0000020457ab1154,0x0000020457ab1158] = 4
 oops           [0x0000020457ab1158,0x0000020457ab1160] = 8

[Constant Pool (empty)]

[MachCode]
[Entry Point]
  # {method} {0x00000204654e2870} 'invokeV' '(J)V' in 'org/lwjgl/system/JNI'
  # parm0:    rdx:rdx   = long
  #           [sp+0x70]  (sp of caller)
  0x0000020457ab0f40: 448b 5208 | 49bb 0000 | 0000 0402 | 0000 4d03 | d349 3bc2 | 0f84 0600 

  0x0000020457ab0f58: ;   {runtime_call ic_miss_stub}
  0x0000020457ab0f58: 0000 e921 | d8a3 ff90 
[Verified Entry Point]
  0x0000020457ab0f60: 8984 2400 | 80ff ff55 | 488b ec48 | 83ec 6090 | 4181 7f20 | 0100 0000 

  0x0000020457ab0f78: ;   {runtime_call StubRoutines (final stubs)}
  0x0000020457ab0f78: 7405 e821 | 55a2 ff4c 

  0x0000020457ab0f80: ;   {oop(a 'java/lang/Class'{0x00000000826e1bb0} = 'org/lwjgl/system/JNI')}
  0x0000020457ab0f80: 8bc2 49be | b01b 6e82 | 0000 0000 | 4c89 7424 | 504c 8d74 | 2450 498b | d6c5 f877 

  0x0000020457ab0f9c: ;   {internal_word}
  0x0000020457ab0f9c: 49ba 990f | ab57 0402 | 0000 4d89 | 97a8 0300 | 0049 89a7 | a003 0000 

  0x0000020457ab0fb4: ;   {external_word}
  0x0000020457ab0fb4: 49ba c65c | 04d7 fc7f | 0000 4180 | 3a00 0f84 | 4a00 0000 

  0x0000020457ab0fc8: ;   {metadata({method} {0x00000204654e2870} 'invokeV' '(J)V' in 'org/lwjgl/system/JNI')}
  0x0000020457ab0fc8: 5241 5048 | ba68 284e | 6504 0200 | 0049 8bcf | 4883 ec20 | 40f6 c40f | 0f84 1900 | 0000 4883 
  0x0000020457ab0fe8: ;   {runtime_call}
  0x0000020457ab0fe8: ec08 48b8 | 50e1 add6 | fc7f 0000 | ffd0 4883 | c408 e90c 

  0x0000020457ab0ffc: ;   {runtime_call}
  0x0000020457ab0ffc: 0000 0048 | b850 e1ad | d6fc 7f00 | 00ff d048 | 83c4 2041 | 585a 498d | 8fc0 0300 | 0041 c787 
  0x0000020457ab101c: 4c04 0000 | 0400 0000 

  0x0000020457ab1024: ;   {runtime_call}
  0x0000020457ab1024: 48b8 b013 | 9f1a fd7f | 0000 ffd0 | c5f8 7741 | c787 4c04 | 0000 0500 | 0000 f083 | 4424 c000 
  0x0000020457ab1044: 493b af50 | 0400 000f | 870e 0000 | 0041 83bf | 4804 0000 | 000f 8423 | 0000 00c5 | f877 498b 
  0x0000020457ab1064: cf4c 8be4 | 4883 ec20 | 4883 e4f0 

  0x0000020457ab1070: ;   {runtime_call}
  0x0000020457ab1070: 48b8 d052 | 79d6 fc7f | 0000 ffd0 | 498b e44d | 33e4 41c7 | 874c 0400 | 0008 0000 | 0041 83bf 
  0x0000020457ab1090: c804 0000 | 020f 8494 

  0x0000020457ab1098: ;   {external_word}
  0x0000020457ab1098: 0000 0049 | bac6 5c04 | d7fc 7f00 | 0041 803a | 000f 8444 

  0x0000020457ab10ac: ;   {metadata({method} {0x00000204654e2870} 'invokeV' '(J)V' in 'org/lwjgl/system/JNI')}
  0x0000020457ab10ac: 0000 0048 | ba68 284e | 6504 0200 | 0049 8bcf | 4883 ec20 | 40f6 c40f | 0f84 1900 | 0000 4883 
  0x0000020457ab10cc: ;   {runtime_call}
  0x0000020457ab10cc: ec08 48b8 | 50e1 add6 | fc7f 0000 | ffd0 4883 | c408 e90c 

  0x0000020457ab10e0: ;   {runtime_call}
  0x0000020457ab10e0: 0000 0048 | b850 e1ad | d6fc 7f00 | 00ff d048 | 83c4 2049 | c787 a003 | 0000 0000 | 0000 49c7 
  0x0000020457ab1100: 87a8 0300 | 0000 0000 | 00c5 f877 | 498b 8f30 | 0400 00c7 | 8100 0100 | 0000 0000 | 00c9 4983 
  0x0000020457ab1120: 7f08 000f | 8501 0000 

  0x0000020457ab1128: ;   {runtime_call StubRoutines (initial stubs)}
  0x0000020457ab1128: 00c3 e9d1 | fd9e ffc5 | f877 4c8b | e448 83ec | 2048 83e4 

  0x0000020457ab113c: ;   {runtime_call}
  0x0000020457ab113c: f048 b8a0 | 18ae d6fc | 7f00 00ff | d049 8be4 | 4d33 e4e9 | 47ff ffff 
[Stub Code]
  0x0000020457ab1154: f4f4 f4f4 
[/MachCode]


Compiled method (c1) 68505 1380       3       org.lwjgl.glfw.GLFW::glfwPollEvents (9 bytes)
 total in heap  [0x000002045019f410,0x000002045019f750] = 832
 relocation     [0x000002045019f570,0x000002045019f5b0] = 64
 main code      [0x000002045019f5c0,0x000002045019f6a0] = 224
 stub code      [0x000002045019f6a0,0x000002045019f6e0] = 64
 oops           [0x000002045019f6e0,0x000002045019f6e8] = 8
 metadata       [0x000002045019f6e8,0x000002045019f6f0] = 8
 scopes data    [0x000002045019f6f0,0x000002045019f708] = 24
 scopes pcs     [0x000002045019f708,0x000002045019f748] = 64
 dependencies   [0x000002045019f748,0x000002045019f750] = 8

[Constant Pool (empty)]

[MachCode]
[Verified Entry Point]
  # {method} {0x00000204654469f8} 'glfwPollEvents' '()V' in 'org/lwjgl/glfw/GLFW'
  #           [sp+0x30]  (sp of caller)
  0x000002045019f5c0: 8984 2400 | 80ff ff55 | 4883 ec20 | 4181 7f20 | 0100 0000 

  0x000002045019f5d4: ;   {runtime_call StubRoutines (final stubs)}
  0x000002045019f5d4: 7405 e8c5 

  0x000002045019f5d8: ;   {metadata(method data for {method} {0x00000204654469f8} 'glfwPollEvents' '()V' in 'org/lwjgl/glfw/GLFW')}
  0x000002045019f5d8: 6e33 0748 | baa8 ec61 | 6504 0200 | 008b b2cc | 0000 0083 | c602 89b2 | cc00 0000 | 81e6 fe07 
  0x000002045019f5f8: 0000 85f6 | 0f84 3d00 

  0x000002045019f600: ;   {metadata(method data for {method} {0x00000204654469f8} 'glfwPollEvents' '()V' in 'org/lwjgl/glfw/GLFW')}
  0x000002045019f600: 0000 48ba | a8ec 6165 | 0402 0000 | 4883 8210 | 0100 0001 | 48ba e07c | a019 fd7f 

  0x000002045019f61c: ;   {static_call}
  0x000002045019f61c: 0000 90e8 

  0x000002045019f620: ; ImmutableOopMap {}
                      ;*invokestatic invokeV {reexecute=0 rethrow=0 return_oop=0}
                      ; - org.lwjgl.glfw.GLFW::glfwPollEvents@5 (line 3484)
  0x000002045019f620: 3c19 9107 

  0x000002045019f624: ;   {other}
  0x000002045019f624: 0f1f 8400 | 1402 0000 | 4883 c420 

  0x000002045019f630: ;   {poll_return}
  0x000002045019f630: 5d49 3ba7 | 5004 0000 | 0f87 1f00 

  0x000002045019f63c: ;   {metadata({method} {0x00000204654469f8} 'glfwPollEvents' '()V' in 'org/lwjgl/glfw/GLFW')}
  0x000002045019f63c: 0000 c349 | baf0 6944 | 6504 0200 | 004c 8954 | 2408 48c7 | 0424 ffff 

  0x000002045019f654: ;   {runtime_call counter_overflow Runtime1 stub}
  0x000002045019f654: ffff e8a5 

  0x000002045019f658: ; ImmutableOopMap {}
                      ;*synchronization entry
                      ; - org.lwjgl.glfw.GLFW::glfwPollEvents@-1 (line 3483)
  0x000002045019f658: 0f41 07eb 

  0x000002045019f65c: ;   {internal_word}
  0x000002045019f65c: a549 ba31 | f619 5004 | 0200 004d | 8997 6804 

  0x000002045019f66c: ;   {runtime_call SafepointBlob}
  0x000002045019f66c: 0000 e90d | 5e35 0749 | 8b87 0005 | 0000 49c7 | 8700 0500 | 0000 0000 | 0049 c787 | 0805 0000 
  0x000002045019f68c: 0000 0000 | 4883 c420 

  0x000002045019f694: ;   {runtime_call unwind_exception Runtime1 stub}
  0x000002045019f694: 5de9 6693 | 4007 f4f4 | f4f4 f4f4 
[Stub Code]
  0x000002045019f6a0: ;   {no_reloc}
  0x000002045019f6a0: 48bb 0000 | 0000 0000 

  0x000002045019f6a8: ;   {runtime_call nmethod}
  0x000002045019f6a8: 0000 e9fb 

  0x000002045019f6ac: ;   {runtime_call handle_exception_from_callee Runtime1 stub}
  0x000002045019f6ac: ffff ffe8 | 4cc8 4007 

  0x000002045019f6b4: ;   {external_word}
  0x000002045019f6b4: 48b9 4053 | dad6 fc7f | 0000 4883 

  0x000002045019f6c0: ;   {runtime_call}
  0x000002045019f6c0: e4f0 48b8 | b0c3 9cd6 | fc7f 0000 

  0x000002045019f6cc: ;   {section_word}
  0x000002045019f6cc: ffd0 f449 | bacf f619 | 5004 0200 

  0x000002045019f6d8: ;   {runtime_call DeoptimizationBlob}
  0x000002045019f6d8: 0041 52e9 | 4050 3507 
[/MachCode]


---------------  P R O C E S S  ---------------

Threads class SMR info:
_java_thread_list=0x00000204738c3410, length=15, elements={
0x000002044acebec0, 0x0000020464c04fc0, 0x0000020464c06830, 0x0000020464c08f50,
0x0000020464c0bc40, 0x0000020464c0cff0, 0x0000020464c0e550, 0x0000020464c138d0,
0x0000020464c14cc0, 0x00000204691fb260, 0x000002046920c850, 0x00000204734d9010,
0x0000020473465af0, 0x0000020478310010, 0x000002044611e530
}

Java Threads: ( => current thread )
=>0x000002044acebec0 JavaThread "main"                              [_thread_in_vm, id=5608, stack(0x000000efa4200000,0x000000efa4300000) (1024K)]
  0x0000020464c04fc0 JavaThread "Reference Handler"          daemon [_thread_blocked, id=7464, stack(0x000000efa4a00000,0x000000efa4b00000) (1024K)]
  0x0000020464c06830 JavaThread "Finalizer"                  daemon [_thread_blocked, id=9740, stack(0x000000efa4b00000,0x000000efa4c00000) (1024K)]
  0x0000020464c08f50 JavaThread "Signal Dispatcher"          daemon [_thread_blocked, id=3604, stack(0x000000efa4c00000,0x000000efa4d00000) (1024K)]
  0x0000020464c0bc40 JavaThread "Attach Listener"            daemon [_thread_blocked, id=9552, stack(0x000000efa4d00000,0x000000efa4e00000) (1024K)]
  0x0000020464c0cff0 JavaThread "Service Thread"             daemon [_thread_blocked, id=16840, stack(0x000000efa4e00000,0x000000efa4f00000) (1024K)]
  0x0000020464c0e550 JavaThread "Monitor Deflation Thread"   daemon [_thread_blocked, id=15776, stack(0x000000efa4f00000,0x000000efa5000000) (1024K)]
  0x0000020464c138d0 JavaThread "C2 CompilerThread0"         daemon [_thread_blocked, id=15484, stack(0x000000efa5000000,0x000000efa5100000) (1024K)]
  0x0000020464c14cc0 JavaThread "C1 CompilerThread0"         daemon [_thread_blocked, id=21748, stack(0x000000efa5100000,0x000000efa5200000) (1024K)]
  0x00000204691fb260 JavaThread "Notification Thread"        daemon [_thread_blocked, id=688, stack(0x000000efa5200000,0x000000efa5300000) (1024K)]
  0x000002046920c850 JavaThread "Common-Cleaner"             daemon [_thread_blocked, id=14560, stack(0x000000efa5300000,0x000000efa5400000) (1024K)]
  0x00000204734d9010 JavaThread "Java2D Disposer"            daemon [_thread_blocked, id=12488, stack(0x000000efa5a00000,0x000000efa5b00000) (1024K)]
  0x0000020473465af0 JavaThread "AWT-Windows"                daemon [_thread_in_native, id=6156, stack(0x000000efa5c00000,0x000000efa5d00000) (1024K)]
  0x0000020478310010 JavaThread "Thread-0"                   daemon [_thread_in_native, id=18908, stack(0x000000efa6300000,0x000000efa6400000) (1024K)]
  0x000002044611e530 JavaThread "Thread-1"                   daemon [_thread_in_native, id=18228, stack(0x000000efa6400000,0x000000efa6500000) (1024K)]
Total: 15

Other Threads:
  0x0000020464bdf9d0 VMThread "VM Thread"                           [id=11120, stack(0x000000efa4900000,0x000000efa4a00000) (1024K)]
  0x0000020464bcd3a0 WatcherThread "VM Periodic Task Thread"        [id=19320, stack(0x000000efa4800000,0x000000efa4900000) (1024K)]
  0x000002044ad40910 WorkerThread "GC Thread#0"                     [id=11396, stack(0x000000efa4300000,0x000000efa4400000) (1024K)]
  0x00000204734d9ff0 WorkerThread "GC Thread#1"                     [id=6568, stack(0x000000efa5b00000,0x000000efa5c00000) (1024K)]
  0x00000204739f7ed0 WorkerThread "GC Thread#2"                     [id=10624, stack(0x000000efa5d00000,0x000000efa5e00000) (1024K)]
  0x00000204738a2610 WorkerThread "GC Thread#3"                     [id=6576, stack(0x000000efa5e00000,0x000000efa5f00000) (1024K)]
  0x00000204738a29c0 WorkerThread "GC Thread#4"                     [id=22520, stack(0x000000efa5f00000,0x000000efa6000000) (1024K)]
  0x00000204738a2d70 WorkerThread "GC Thread#5"                     [id=21948, stack(0x000000efa6000000,0x000000efa6100000) (1024K)]
  0x0000020473c81b60 WorkerThread "GC Thread#6"                     [id=11164, stack(0x000000efa6100000,0x000000efa6200000) (1024K)]
  0x0000020473c81f10 WorkerThread "GC Thread#7"                     [id=19744, stack(0x000000efa6200000,0x000000efa6300000) (1024K)]
  0x000002044ad52620 ConcurrentGCThread "G1 Main Marker"            [id=9540, stack(0x000000efa4400000,0x000000efa4500000) (1024K)]
  0x000002044ad53130 WorkerThread "G1 Conc#0"                       [id=17352, stack(0x000000efa4500000,0x000000efa4600000) (1024K)]
  0x000002044ad9e3b0 ConcurrentGCThread "G1 Refine#0"               [id=1948, stack(0x000000efa4600000,0x000000efa4700000) (1024K)]
  0x0000020464aa0560 ConcurrentGCThread "G1 Service"                [id=8560, stack(0x000000efa4700000,0x000000efa4800000) (1024K)]
Total: 14

Threads with active compile tasks:
Total: 0

VM state: not at safepoint (normal execution)

VM Mutex/Monitor currently owned by a thread: None

Heap address: 0x0000000082200000, size: 2014 MB, Compressed Oops mode: 32-bit

CDS archive(s) mapped at: [0x0000020400000000-0x0000020400c80000-0x0000020400c80000), size 13107200, SharedBaseAddress: 0x0000020400000000, ArchiveRelocationMode: 1.
Compressed class space mapped at: 0x0000020401000000-0x0000020441000000, reserved size: 1073741824
Narrow klass base: 0x0000020400000000, Narrow klass shift: 0, Narrow klass range: 0x100000000

GC Precious Log:
 CardTable entry size: 512
 Card Set container configuration: InlinePtr #cards 5 size 8 Array Of Cards #cards 12 size 40 Howl #buckets 4 coarsen threshold 1843 Howl Bitmap #cards 512 size 80 coarsen threshold 460 Card regions per heap region 1 cards per card region 2048
 CPUs: 8 total, 8 available
 Memory: 8052M
 Large Page Support: Disabled
 NUMA Support: Disabled
 Compressed Oops: Enabled (32-bit)
 Heap Region Size: 1M
 Heap Min Capacity: 8M
 Heap Initial Capacity: 126M
 Heap Max Capacity: 2014M
 Pre-touch: Disabled
 Parallel Workers: 8
 Concurrent Workers: 2
 Concurrent Refinement Workers: 8
 Periodic GC: Disabled

Heap:
 garbage-first heap   total 129024K, used 59259K [0x0000000082200000, 0x0000000100000000)
  region size 1024K, 54 young (55296K), 3 survivors (3072K)
 Metaspace       used 9482K, committed 9920K, reserved 1114112K
  class space    used 714K, committed 896K, reserved 1048576K

Heap Regions: E=young(eden), S=young(survivor), O=old, HS=humongous(starts), HC=humongous(continues), CS=collection set, F=free, TAMS=top-at-mark-start, PB=parsable bottom
|   0|0x0000000082200000, 0x0000000082300000, 0x0000000082300000|100%| O|  |TAMS 0x0000000082200000| PB 0x0000000082200000| Untracked 
|   1|0x0000000082300000, 0x0000000082400000, 0x0000000082400000|100%| O|  |TAMS 0x0000000082300000| PB 0x0000000082300000| Untracked 
|   2|0x0000000082400000, 0x0000000082500000, 0x0000000082500000|100%| O|  |TAMS 0x0000000082400000| PB 0x0000000082400000| Untracked 
|   3|0x0000000082500000, 0x0000000082600000, 0x0000000082600000|100%| O|  |TAMS 0x0000000082500000| PB 0x0000000082500000| Untracked 
|   4|0x0000000082600000, 0x0000000082700000, 0x0000000082700000|100%| O|  |TAMS 0x0000000082600000| PB 0x0000000082600000| Untracked 
|   5|0x0000000082700000, 0x000000008278ad00, 0x0000000082800000| 54%| O|  |TAMS 0x0000000082700000| PB 0x0000000082700000| Untracked 
|   6|0x0000000082800000, 0x0000000082800000, 0x0000000082900000|  0%| F|  |TAMS 0x0000000082800000| PB 0x0000000082800000| Untracked 
|   7|0x0000000082900000, 0x0000000082900000, 0x0000000082a00000|  0%| F|  |TAMS 0x0000000082900000| PB 0x0000000082900000| Untracked 
|   8|0x0000000082a00000, 0x0000000082a00000, 0x0000000082b00000|  0%| F|  |TAMS 0x0000000082a00000| PB 0x0000000082a00000| Untracked 
|   9|0x0000000082b00000, 0x0000000082b00000, 0x0000000082c00000|  0%| F|  |TAMS 0x0000000082b00000| PB 0x0000000082b00000| Untracked 
|  10|0x0000000082c00000, 0x0000000082c00000, 0x0000000082d00000|  0%| F|  |TAMS 0x0000000082c00000| PB 0x0000000082c00000| Untracked 
|  11|0x0000000082d00000, 0x0000000082d00000, 0x0000000082e00000|  0%| F|  |TAMS 0x0000000082d00000| PB 0x0000000082d00000| Untracked 
|  12|0x0000000082e00000, 0x0000000082e00000, 0x0000000082f00000|  0%| F|  |TAMS 0x0000000082e00000| PB 0x0000000082e00000| Untracked 
|  13|0x0000000082f00000, 0x0000000082f00000, 0x0000000083000000|  0%| F|  |TAMS 0x0000000082f00000| PB 0x0000000082f00000| Untracked 
|  14|0x0000000083000000, 0x0000000083000000, 0x0000000083100000|  0%| F|  |TAMS 0x0000000083000000| PB 0x0000000083000000| Untracked 
|  15|0x0000000083100000, 0x0000000083100000, 0x0000000083200000|  0%| F|  |TAMS 0x0000000083100000| PB 0x0000000083100000| Untracked 
|  16|0x0000000083200000, 0x0000000083200000, 0x0000000083300000|  0%| F|  |TAMS 0x0000000083200000| PB 0x0000000083200000| Untracked 
|  17|0x0000000083300000, 0x0000000083300000, 0x0000000083400000|  0%| F|  |TAMS 0x0000000083300000| PB 0x0000000083300000| Untracked 
|  18|0x0000000083400000, 0x0000000083400000, 0x0000000083500000|  0%| F|  |TAMS 0x0000000083400000| PB 0x0000000083400000| Untracked 
|  19|0x0000000083500000, 0x0000000083500000, 0x0000000083600000|  0%| F|  |TAMS 0x0000000083500000| PB 0x0000000083500000| Untracked 
|  20|0x0000000083600000, 0x0000000083600000, 0x0000000083700000|  0%| F|  |TAMS 0x0000000083600000| PB 0x0000000083600000| Untracked 
|  21|0x0000000083700000, 0x0000000083700000, 0x0000000083800000|  0%| F|  |TAMS 0x0000000083700000| PB 0x0000000083700000| Untracked 
|  22|0x0000000083800000, 0x0000000083800000, 0x0000000083900000|  0%| F|  |TAMS 0x0000000083800000| PB 0x0000000083800000| Untracked 
|  23|0x0000000083900000, 0x0000000083900000, 0x0000000083a00000|  0%| F|  |TAMS 0x0000000083900000| PB 0x0000000083900000| Untracked 
|  24|0x0000000083a00000, 0x0000000083a00000, 0x0000000083b00000|  0%| F|  |TAMS 0x0000000083a00000| PB 0x0000000083a00000| Untracked 
|  25|0x0000000083b00000, 0x0000000083b00000, 0x0000000083c00000|  0%| F|  |TAMS 0x0000000083b00000| PB 0x0000000083b00000| Untracked 
|  26|0x0000000083c00000, 0x0000000083c00000, 0x0000000083d00000|  0%| F|  |TAMS 0x0000000083c00000| PB 0x0000000083c00000| Untracked 
|  27|0x0000000083d00000, 0x0000000083d00000, 0x0000000083e00000|  0%| F|  |TAMS 0x0000000083d00000| PB 0x0000000083d00000| Untracked 
|  28|0x0000000083e00000, 0x0000000083e00000, 0x0000000083f00000|  0%| F|  |TAMS 0x0000000083e00000| PB 0x0000000083e00000| Untracked 
|  29|0x0000000083f00000, 0x0000000083f00000, 0x0000000084000000|  0%| F|  |TAMS 0x0000000083f00000| PB 0x0000000083f00000| Untracked 
|  30|0x0000000084000000, 0x0000000084000000, 0x0000000084100000|  0%| F|  |TAMS 0x0000000084000000| PB 0x0000000084000000| Untracked 
|  31|0x0000000084100000, 0x0000000084100000, 0x0000000084200000|  0%| F|  |TAMS 0x0000000084100000| PB 0x0000000084100000| Untracked 
|  32|0x0000000084200000, 0x0000000084200000, 0x0000000084300000|  0%| F|  |TAMS 0x0000000084200000| PB 0x0000000084200000| Untracked 
|  33|0x0000000084300000, 0x0000000084300000, 0x0000000084400000|  0%| F|  |TAMS 0x0000000084300000| PB 0x0000000084300000| Untracked 
|  34|0x0000000084400000, 0x0000000084400000, 0x0000000084500000|  0%| F|  |TAMS 0x0000000084400000| PB 0x0000000084400000| Untracked 
|  35|0x0000000084500000, 0x0000000084500000, 0x0000000084600000|  0%| F|  |TAMS 0x0000000084500000| PB 0x0000000084500000| Untracked 
|  36|0x0000000084600000, 0x0000000084600000, 0x0000000084700000|  0%| F|  |TAMS 0x0000000084600000| PB 0x0000000084600000| Untracked 
|  37|0x0000000084700000, 0x0000000084700000, 0x0000000084800000|  0%| F|  |TAMS 0x0000000084700000| PB 0x0000000084700000| Untracked 
|  38|0x0000000084800000, 0x0000000084800000, 0x0000000084900000|  0%| F|  |TAMS 0x0000000084800000| PB 0x0000000084800000| Untracked 
|  39|0x0000000084900000, 0x0000000084900000, 0x0000000084a00000|  0%| F|  |TAMS 0x0000000084900000| PB 0x0000000084900000| Untracked 
|  40|0x0000000084a00000, 0x0000000084a00000, 0x0000000084b00000|  0%| F|  |TAMS 0x0000000084a00000| PB 0x0000000084a00000| Untracked 
|  41|0x0000000084b00000, 0x0000000084b00000, 0x0000000084c00000|  0%| F|  |TAMS 0x0000000084b00000| PB 0x0000000084b00000| Untracked 
|  42|0x0000000084c00000, 0x0000000084c00000, 0x0000000084d00000|  0%| F|  |TAMS 0x0000000084c00000| PB 0x0000000084c00000| Untracked 
|  43|0x0000000084d00000, 0x0000000084d00000, 0x0000000084e00000|  0%| F|  |TAMS 0x0000000084d00000| PB 0x0000000084d00000| Untracked 
|  44|0x0000000084e00000, 0x0000000084e00000, 0x0000000084f00000|  0%| F|  |TAMS 0x0000000084e00000| PB 0x0000000084e00000| Untracked 
|  45|0x0000000084f00000, 0x0000000084f00000, 0x0000000085000000|  0%| F|  |TAMS 0x0000000084f00000| PB 0x0000000084f00000| Untracked 
|  46|0x0000000085000000, 0x0000000085000000, 0x0000000085100000|  0%| F|  |TAMS 0x0000000085000000| PB 0x0000000085000000| Untracked 
|  47|0x0000000085100000, 0x0000000085100000, 0x0000000085200000|  0%| F|  |TAMS 0x0000000085100000| PB 0x0000000085100000| Untracked 
|  48|0x0000000085200000, 0x0000000085200000, 0x0000000085300000|  0%| F|  |TAMS 0x0000000085200000| PB 0x0000000085200000| Untracked 
|  49|0x0000000085300000, 0x0000000085300000, 0x0000000085400000|  0%| F|  |TAMS 0x0000000085300000| PB 0x0000000085300000| Untracked 
|  50|0x0000000085400000, 0x0000000085400000, 0x0000000085500000|  0%| F|  |TAMS 0x0000000085400000| PB 0x0000000085400000| Untracked 
|  51|0x0000000085500000, 0x0000000085554010, 0x0000000085600000| 32%| S|CS|TAMS 0x0000000085500000| PB 0x0000000085500000| Complete 
|  52|0x0000000085600000, 0x0000000085700000, 0x0000000085700000|100%| S|CS|TAMS 0x0000000085600000| PB 0x0000000085600000| Complete 
|  53|0x0000000085700000, 0x0000000085800000, 0x0000000085800000|100%| S|CS|TAMS 0x0000000085700000| PB 0x0000000085700000| Complete 
|  54|0x0000000085800000, 0x0000000085800000, 0x0000000085900000|  0%| F|  |TAMS 0x0000000085800000| PB 0x0000000085800000| Untracked 
|  55|0x0000000085900000, 0x0000000085900000, 0x0000000085a00000|  0%| F|  |TAMS 0x0000000085900000| PB 0x0000000085900000| Untracked 
|  56|0x0000000085a00000, 0x0000000085a00000, 0x0000000085b00000|  0%| F|  |TAMS 0x0000000085a00000| PB 0x0000000085a00000| Untracked 
|  57|0x0000000085b00000, 0x0000000085b00000, 0x0000000085c00000|  0%| F|  |TAMS 0x0000000085b00000| PB 0x0000000085b00000| Untracked 
|  58|0x0000000085c00000, 0x0000000085c00000, 0x0000000085d00000|  0%| F|  |TAMS 0x0000000085c00000| PB 0x0000000085c00000| Untracked 
|  59|0x0000000085d00000, 0x0000000085d00000, 0x0000000085e00000|  0%| F|  |TAMS 0x0000000085d00000| PB 0x0000000085d00000| Untracked 
|  60|0x0000000085e00000, 0x0000000085e00000, 0x0000000085f00000|  0%| F|  |TAMS 0x0000000085e00000| PB 0x0000000085e00000| Untracked 
|  61|0x0000000085f00000, 0x0000000085f00000, 0x0000000086000000|  0%| F|  |TAMS 0x0000000085f00000| PB 0x0000000085f00000| Untracked 
|  62|0x0000000086000000, 0x0000000086000000, 0x0000000086100000|  0%| F|  |TAMS 0x0000000086000000| PB 0x0000000086000000| Untracked 
|  63|0x0000000086100000, 0x0000000086100000, 0x0000000086200000|  0%| F|  |TAMS 0x0000000086100000| PB 0x0000000086100000| Untracked 
|  64|0x0000000086200000, 0x0000000086200000, 0x0000000086300000|  0%| F|  |TAMS 0x0000000086200000| PB 0x0000000086200000| Untracked 
|  65|0x0000000086300000, 0x0000000086300000, 0x0000000086400000|  0%| F|  |TAMS 0x0000000086300000| PB 0x0000000086300000| Untracked 
|  66|0x0000000086400000, 0x0000000086400000, 0x0000000086500000|  0%| F|  |TAMS 0x0000000086400000| PB 0x0000000086400000| Untracked 
|  67|0x0000000086500000, 0x0000000086500000, 0x0000000086600000|  0%| F|  |TAMS 0x0000000086500000| PB 0x0000000086500000| Untracked 
|  68|0x0000000086600000, 0x0000000086600000, 0x0000000086700000|  0%| F|  |TAMS 0x0000000086600000| PB 0x0000000086600000| Untracked 
|  69|0x0000000086700000, 0x0000000086700000, 0x0000000086800000|  0%| F|  |TAMS 0x0000000086700000| PB 0x0000000086700000| Untracked 
|  70|0x0000000086800000, 0x0000000086800000, 0x0000000086900000|  0%| F|  |TAMS 0x0000000086800000| PB 0x0000000086800000| Untracked 
|  71|0x0000000086900000, 0x0000000086900000, 0x0000000086a00000|  0%| F|  |TAMS 0x0000000086900000| PB 0x0000000086900000| Untracked 
|  72|0x0000000086a00000, 0x0000000086a00000, 0x0000000086b00000|  0%| F|  |TAMS 0x0000000086a00000| PB 0x0000000086a00000| Untracked 
|  73|0x0000000086b00000, 0x0000000086b00000, 0x0000000086c00000|  0%| F|  |TAMS 0x0000000086b00000| PB 0x0000000086b00000| Untracked 
|  74|0x0000000086c00000, 0x0000000086c00000, 0x0000000086d00000|  0%| F|  |TAMS 0x0000000086c00000| PB 0x0000000086c00000| Untracked 
|  75|0x0000000086d00000, 0x0000000086e00000, 0x0000000086e00000|100%| E|  |TAMS 0x0000000086d00000| PB 0x0000000086d00000| Complete 
|  76|0x0000000086e00000, 0x0000000086f00000, 0x0000000086f00000|100%| E|CS|TAMS 0x0000000086e00000| PB 0x0000000086e00000| Complete 
|  77|0x0000000086f00000, 0x0000000087000000, 0x0000000087000000|100%| E|CS|TAMS 0x0000000086f00000| PB 0x0000000086f00000| Complete 
|  78|0x0000000087000000, 0x0000000087100000, 0x0000000087100000|100%| E|CS|TAMS 0x0000000087000000| PB 0x0000000087000000| Complete 
|  79|0x0000000087100000, 0x0000000087200000, 0x0000000087200000|100%| E|CS|TAMS 0x0000000087100000| PB 0x0000000087100000| Complete 
|  80|0x0000000087200000, 0x0000000087300000, 0x0000000087300000|100%| E|CS|TAMS 0x0000000087200000| PB 0x0000000087200000| Complete 
|  81|0x0000000087300000, 0x0000000087400000, 0x0000000087400000|100%| E|CS|TAMS 0x0000000087300000| PB 0x0000000087300000| Complete 
|  82|0x0000000087400000, 0x0000000087500000, 0x0000000087500000|100%| E|CS|TAMS 0x0000000087400000| PB 0x0000000087400000| Complete 
|  83|0x0000000087500000, 0x0000000087600000, 0x0000000087600000|100%| E|CS|TAMS 0x0000000087500000| PB 0x0000000087500000| Complete 
|  84|0x0000000087600000, 0x0000000087700000, 0x0000000087700000|100%| E|CS|TAMS 0x0000000087600000| PB 0x0000000087600000| Complete 
|  85|0x0000000087700000, 0x0000000087800000, 0x0000000087800000|100%| E|CS|TAMS 0x0000000087700000| PB 0x0000000087700000| Complete 
|  86|0x0000000087800000, 0x0000000087900000, 0x0000000087900000|100%| E|CS|TAMS 0x0000000087800000| PB 0x0000000087800000| Complete 
|  87|0x0000000087900000, 0x0000000087a00000, 0x0000000087a00000|100%| E|CS|TAMS 0x0000000087900000| PB 0x0000000087900000| Complete 
|  88|0x0000000087a00000, 0x0000000087b00000, 0x0000000087b00000|100%| E|CS|TAMS 0x0000000087a00000| PB 0x0000000087a00000| Complete 
|  89|0x0000000087b00000, 0x0000000087c00000, 0x0000000087c00000|100%| E|CS|TAMS 0x0000000087b00000| PB 0x0000000087b00000| Complete 
|  90|0x0000000087c00000, 0x0000000087d00000, 0x0000000087d00000|100%| E|CS|TAMS 0x0000000087c00000| PB 0x0000000087c00000| Complete 
|  91|0x0000000087d00000, 0x0000000087e00000, 0x0000000087e00000|100%| E|CS|TAMS 0x0000000087d00000| PB 0x0000000087d00000| Complete 
|  92|0x0000000087e00000, 0x0000000087f00000, 0x0000000087f00000|100%| E|CS|TAMS 0x0000000087e00000| PB 0x0000000087e00000| Complete 
|  93|0x0000000087f00000, 0x0000000088000000, 0x0000000088000000|100%| E|CS|TAMS 0x0000000087f00000| PB 0x0000000087f00000| Complete 
|  94|0x0000000088000000, 0x0000000088100000, 0x0000000088100000|100%| E|CS|TAMS 0x0000000088000000| PB 0x0000000088000000| Complete 
|  95|0x0000000088100000, 0x0000000088200000, 0x0000000088200000|100%| E|CS|TAMS 0x0000000088100000| PB 0x0000000088100000| Complete 
|  96|0x0000000088200000, 0x0000000088300000, 0x0000000088300000|100%| E|CS|TAMS 0x0000000088200000| PB 0x0000000088200000| Complete 
|  97|0x0000000088300000, 0x0000000088400000, 0x0000000088400000|100%| E|CS|TAMS 0x0000000088300000| PB 0x0000000088300000| Complete 
|  98|0x0000000088400000, 0x0000000088500000, 0x0000000088500000|100%| E|CS|TAMS 0x0000000088400000| PB 0x0000000088400000| Complete 
|  99|0x0000000088500000, 0x0000000088600000, 0x0000000088600000|100%| E|CS|TAMS 0x0000000088500000| PB 0x0000000088500000| Complete 
| 100|0x0000000088600000, 0x0000000088700000, 0x0000000088700000|100%| E|CS|TAMS 0x0000000088600000| PB 0x0000000088600000| Complete 
| 101|0x0000000088700000, 0x0000000088800000, 0x0000000088800000|100%| E|CS|TAMS 0x0000000088700000| PB 0x0000000088700000| Complete 
| 102|0x0000000088800000, 0x0000000088900000, 0x0000000088900000|100%| E|CS|TAMS 0x0000000088800000| PB 0x0000000088800000| Complete 
| 103|0x0000000088900000, 0x0000000088a00000, 0x0000000088a00000|100%| E|CS|TAMS 0x0000000088900000| PB 0x0000000088900000| Complete 
| 104|0x0000000088a00000, 0x0000000088b00000, 0x0000000088b00000|100%| E|CS|TAMS 0x0000000088a00000| PB 0x0000000088a00000| Complete 
| 105|0x0000000088b00000, 0x0000000088c00000, 0x0000000088c00000|100%| E|CS|TAMS 0x0000000088b00000| PB 0x0000000088b00000| Complete 
| 106|0x0000000088c00000, 0x0000000088d00000, 0x0000000088d00000|100%| E|CS|TAMS 0x0000000088c00000| PB 0x0000000088c00000| Complete 
| 107|0x0000000088d00000, 0x0000000088e00000, 0x0000000088e00000|100%| E|CS|TAMS 0x0000000088d00000| PB 0x0000000088d00000| Complete 
| 108|0x0000000088e00000, 0x0000000088f00000, 0x0000000088f00000|100%| E|CS|TAMS 0x0000000088e00000| PB 0x0000000088e00000| Complete 
| 109|0x0000000088f00000, 0x0000000089000000, 0x0000000089000000|100%| E|CS|TAMS 0x0000000088f00000| PB 0x0000000088f00000| Complete 
| 110|0x0000000089000000, 0x0000000089100000, 0x0000000089100000|100%| E|CS|TAMS 0x0000000089000000| PB 0x0000000089000000| Complete 
| 111|0x0000000089100000, 0x0000000089200000, 0x0000000089200000|100%| E|CS|TAMS 0x0000000089100000| PB 0x0000000089100000| Complete 
| 112|0x0000000089200000, 0x0000000089300000, 0x0000000089300000|100%| E|CS|TAMS 0x0000000089200000| PB 0x0000000089200000| Complete 
| 113|0x0000000089300000, 0x0000000089400000, 0x0000000089400000|100%| E|CS|TAMS 0x0000000089300000| PB 0x0000000089300000| Complete 
| 114|0x0000000089400000, 0x0000000089500000, 0x0000000089500000|100%| E|CS|TAMS 0x0000000089400000| PB 0x0000000089400000| Complete 
| 115|0x0000000089500000, 0x0000000089600000, 0x0000000089600000|100%| E|CS|TAMS 0x0000000089500000| PB 0x0000000089500000| Complete 
| 116|0x0000000089600000, 0x0000000089700000, 0x0000000089700000|100%| E|CS|TAMS 0x0000000089600000| PB 0x0000000089600000| Complete 
| 117|0x0000000089700000, 0x0000000089800000, 0x0000000089800000|100%| E|CS|TAMS 0x0000000089700000| PB 0x0000000089700000| Complete 
| 118|0x0000000089800000, 0x0000000089900000, 0x0000000089900000|100%| E|CS|TAMS 0x0000000089800000| PB 0x0000000089800000| Complete 
| 119|0x0000000089900000, 0x0000000089a00000, 0x0000000089a00000|100%| E|CS|TAMS 0x0000000089900000| PB 0x0000000089900000| Complete 
| 120|0x0000000089a00000, 0x0000000089b00000, 0x0000000089b00000|100%| E|CS|TAMS 0x0000000089a00000| PB 0x0000000089a00000| Complete 
| 121|0x0000000089b00000, 0x0000000089c00000, 0x0000000089c00000|100%| E|CS|TAMS 0x0000000089b00000| PB 0x0000000089b00000| Complete 
| 122|0x0000000089c00000, 0x0000000089d00000, 0x0000000089d00000|100%| E|CS|TAMS 0x0000000089c00000| PB 0x0000000089c00000| Complete 
| 123|0x0000000089d00000, 0x0000000089e00000, 0x0000000089e00000|100%| E|CS|TAMS 0x0000000089d00000| PB 0x0000000089d00000| Complete 
| 124|0x0000000089e00000, 0x0000000089f00000, 0x0000000089f00000|100%| E|CS|TAMS 0x0000000089e00000| PB 0x0000000089e00000| Complete 
| 125|0x0000000089f00000, 0x000000008a000000, 0x000000008a000000|100%| E|CS|TAMS 0x0000000089f00000| PB 0x0000000089f00000| Complete 

Card table byte_map: [0x000002045fdd0000,0x00000204601c0000] _byte_map_base: 0x000002045f9bf000

Marking Bits: (CMBitMap*) 0x000002044ad41830
 Bits: [0x00000204601c0000, 0x0000020462138000)

Polling page: 0x000002044ff50000

Metaspace:

Usage:
  Non-class:      8.56 MB used.
      Class:    714.88 KB used.
       Both:      9.26 MB used.

Virtual space:
  Non-class space:       64.00 MB reserved,       8.81 MB ( 14%) committed,  1 nodes.
      Class space:        1.00 GB reserved,     896.00 KB ( <1%) committed,  1 nodes.
             Both:        1.06 GB reserved,       9.69 MB ( <1%) committed. 

Chunk freelists:
   Non-Class:  6.48 MB
       Class:  15.05 MB
        Both:  21.53 MB

MaxMetaspaceSize: unlimited
CompressedClassSpaceSize: 1.00 GB
Initial GC threshold: 21.00 MB
Current GC threshold: 21.00 MB
CDS: on
 - commit_granule_bytes: 65536.
 - commit_granule_words: 8192.
 - virtual_space_node_default_size: 8388608.
 - enlarge_chunks_in_place: 1.
 - use_allocation_guard: 0.


Internal statistics:

num_allocs_failed_limit: 0.
num_arena_births: 502.
num_arena_deaths: 0.
num_vsnodes_births: 2.
num_vsnodes_deaths: 0.
num_space_committed: 153.
num_space_uncommitted: 0.
num_chunks_returned_to_freelist: 0.
num_chunks_taken_from_freelist: 777.
num_chunk_merges: 0.
num_chunk_splits: 443.
num_chunks_enlarged: 159.
num_inconsistent_stats: 0.

CodeHeap 'non-profiled nmethods': size=120000Kb used=2026Kb max_used=2026Kb free=117973Kb
 bounds [0x0000020457a40000, 0x0000020457cb0000, 0x000002045ef70000]
CodeHeap 'profiled nmethods': size=120000Kb used=5266Kb max_used=5266Kb free=114733Kb
 bounds [0x000002044ff70000, 0x00000204504a0000, 0x00000204574a0000]
CodeHeap 'non-nmethods': size=5760Kb used=2134Kb max_used=2225Kb free=3625Kb
 bounds [0x00000204574a0000, 0x0000020457710000, 0x0000020457a40000]
CodeCache: size=245760Kb, used=9426Kb, max_used=9517Kb, free=236331Kb
 total_blobs=4187, nmethods=2911, adapters=1181, full_count=0
Compilation: enabled, stopped_count=0, restarted_count=0

Compilation events (20 events):
Event: 68.139 Thread 0x0000020464c14cc0 nmethod 2900 0x0000020450491690 code [0x0000020450491860, 0x0000020450491c58]
Event: 68.139 Thread 0x0000020464c14cc0 2901       3       java.util.HashMap::values (25 bytes)
Event: 68.139 Thread 0x0000020464c14cc0 nmethod 2901 0x0000020450491d90 code [0x0000020450491f60, 0x00000204504922d0]
Event: 68.139 Thread 0x0000020464c14cc0 2902       3       java.util.HashMap$Values::iterator (12 bytes)
Event: 68.139 Thread 0x0000020464c14cc0 nmethod 2902 0x0000020450492410 code [0x00000204504925c0, 0x00000204504927c8]
Event: 68.142 Thread 0x0000020464c138d0 2903       4       world.Tile::cleanup (104 bytes)
Event: 68.145 Thread 0x0000020464c14cc0 2904       3       java.util.HashMap::clear (50 bytes)
Event: 68.145 Thread 0x0000020464c14cc0 nmethod 2904 0x0000020450492890 code [0x0000020450492a40, 0x0000020450492df0]
Event: 68.154 Thread 0x0000020464c138d0 nmethod 2903 0x0000020457c38690 code [0x0000020457c388e0, 0x0000020457c390e0]
Event: 68.156 Thread 0x0000020464c14cc0 2905       3       java.util.jar.Attributes::getValue (9 bytes)
Event: 68.157 Thread 0x0000020464c14cc0 nmethod 2905 0x0000020450492f10 code [0x00000204504930e0, 0x0000020450493408]
Event: 68.157 Thread 0x0000020464c14cc0 2906       3       java.util.jar.Attributes::get (11 bytes)
Event: 68.157 Thread 0x0000020464c14cc0 nmethod 2906 0x0000020450493510 code [0x00000204504936c0, 0x0000020450493898]
Event: 68.417 Thread 0x0000020464c138d0 2907       4       java.lang.String::startsWith (123 bytes)
Event: 68.417 Thread 0x0000020464c14cc0 2908       3       jdk.internal.loader.ClassLoaders$AppClassLoader::loadClass (40 bytes)
Event: 68.417 Thread 0x0000020464c14cc0 nmethod 2908 0x0000020450493990 code [0x0000020450493b60, 0x0000020450493f50]
Event: 68.418 Thread 0x0000020464c14cc0 2909       3       java.lang.Thread::interrupted (7 bytes)
Event: 68.418 Thread 0x0000020464c14cc0 nmethod 2909 0x0000020450494110 code [0x00000204504942c0, 0x0000020450494528]
Event: 68.418 Thread 0x0000020464c14cc0 2910       3       java.lang.Thread::getAndClearInterrupt (19 bytes)
Event: 68.418 Thread 0x0000020464c14cc0 nmethod 2910 0x0000020450494610 code [0x00000204504947c0, 0x0000020450494948]

GC Heap History (18 events):
Event: 2.175 GC heap before
{Heap before GC invocations=0 (full 0):
 garbage-first heap   total 129024K, used 22528K [0x0000000082200000, 0x0000000100000000)
  region size 1024K, 23 young (23552K), 0 survivors (0K)
 Metaspace       used 6849K, committed 7040K, reserved 1114112K
  class space    used 484K, committed 576K, reserved 1048576K
}
Event: 2.181 GC heap after
{Heap after GC invocations=1 (full 0):
 garbage-first heap   total 129024K, used 5546K [0x0000000082200000, 0x0000000100000000)
  region size 1024K, 3 young (3072K), 3 survivors (3072K)
 Metaspace       used 6849K, committed 7040K, reserved 1114112K
  class space    used 484K, committed 576K, reserved 1048576K
}
Event: 7.794 GC heap before
{Heap before GC invocations=1 (full 0):
 garbage-first heap   total 129024K, used 35242K [0x0000000082200000, 0x0000000100000000)
  region size 1024K, 32 young (32768K), 3 survivors (3072K)
 Metaspace       used 6936K, committed 7168K, reserved 1114112K
  class space    used 484K, committed 576K, reserved 1048576K
}
Event: 7.801 GC heap after
{Heap after GC invocations=2 (full 0):
 garbage-first heap   total 129024K, used 6223K [0x0000000082200000, 0x0000000100000000)
  region size 1024K, 1 young (1024K), 1 survivors (1024K)
 Metaspace       used 6936K, committed 7168K, reserved 1114112K
  class space    used 484K, committed 576K, reserved 1048576K
}
Event: 18.877 GC heap before
{Heap before GC invocations=2 (full 0):
 garbage-first heap   total 129024K, used 81999K [0x0000000082200000, 0x0000000100000000)
  region size 1024K, 75 young (76800K), 1 survivors (1024K)
 Metaspace       used 6964K, committed 7168K, reserved 1114112K
  class space    used 484K, committed 576K, reserved 1048576K
}
Event: 18.880 GC heap after
{Heap after GC invocations=3 (full 0):
 garbage-first heap   total 129024K, used 6680K [0x0000000082200000, 0x0000000100000000)
  region size 1024K, 1 young (1024K), 1 survivors (1024K)
 Metaspace       used 6964K, committed 7168K, reserved 1114112K
  class space    used 484K, committed 576K, reserved 1048576K
}
Event: 34.236 GC heap before
{Heap before GC invocations=3 (full 0):
 garbage-first heap   total 129024K, used 82456K [0x0000000082200000, 0x0000000100000000)
  region size 1024K, 75 young (76800K), 1 survivors (1024K)
 Metaspace       used 8661K, committed 8960K, reserved 1114112K
  class space    used 677K, committed 832K, reserved 1048576K
}
Event: 34.244 GC heap after
{Heap after GC invocations=4 (full 0):
 garbage-first heap   total 129024K, used 8282K [0x0000000082200000, 0x0000000100000000)
  region size 1024K, 3 young (3072K), 3 survivors (3072K)
 Metaspace       used 8661K, committed 8960K, reserved 1114112K
  class space    used 677K, committed 832K, reserved 1048576K
}
Event: 34.497 GC heap before
{Heap before GC invocations=4 (full 0):
 garbage-first heap   total 129024K, used 82010K [0x0000000082200000, 0x0000000100000000)
  region size 1024K, 75 young (76800K), 3 survivors (3072K)
 Metaspace       used 8662K, committed 8960K, reserved 1114112K
  class space    used 677K, committed 832K, reserved 1048576K
}
Event: 34.499 GC heap after
{Heap after GC invocations=5 (full 0):
 garbage-first heap   total 129024K, used 7600K [0x0000000082200000, 0x0000000100000000)
  region size 1024K, 2 young (2048K), 2 survivors (2048K)
 Metaspace       used 8662K, committed 8960K, reserved 1114112K
  class space    used 677K, committed 832K, reserved 1048576K
}
Event: 34.735 GC heap before
{Heap before GC invocations=5 (full 0):
 garbage-first heap   total 129024K, used 82352K [0x0000000082200000, 0x0000000100000000)
  region size 1024K, 75 young (76800K), 2 survivors (2048K)
 Metaspace       used 8693K, committed 9088K, reserved 1114112K
  class space    used 678K, committed 832K, reserved 1048576K
}
Event: 34.738 GC heap after
{Heap after GC invocations=6 (full 0):
 garbage-first heap   total 129024K, used 7697K [0x0000000082200000, 0x0000000100000000)
  region size 1024K, 2 young (2048K), 2 survivors (2048K)
 Metaspace       used 8693K, committed 9088K, reserved 1114112K
  class space    used 678K, committed 832K, reserved 1048576K
}
Event: 35.094 GC heap before
{Heap before GC invocations=6 (full 0):
 garbage-first heap   total 129024K, used 82449K [0x0000000082200000, 0x0000000100000000)
  region size 1024K, 75 young (76800K), 2 survivors (2048K)
 Metaspace       used 8979K, committed 9280K, reserved 1114112K
  class space    used 699K, committed 832K, reserved 1048576K
}
Event: 35.097 GC heap after
{Heap after GC invocations=7 (full 0):
 garbage-first heap   total 129024K, used 7723K [0x0000000082200000, 0x0000000100000000)
  region size 1024K, 2 young (2048K), 2 survivors (2048K)
 Metaspace       used 8979K, committed 9280K, reserved 1114112K
  class space    used 699K, committed 832K, reserved 1048576K
}
Event: 47.522 GC heap before
{Heap before GC invocations=7 (full 0):
 garbage-first heap   total 129024K, used 82475K [0x0000000082200000, 0x0000000100000000)
  region size 1024K, 75 young (76800K), 2 survivors (2048K)
 Metaspace       used 9394K, committed 9728K, reserved 1114112K
  class space    used 701K, committed 832K, reserved 1048576K
}
Event: 47.530 GC heap after
{Heap after GC invocations=8 (full 0):
 garbage-first heap   total 129024K, used 8482K [0x0000000082200000, 0x0000000100000000)
  region size 1024K, 3 young (3072K), 3 survivors (3072K)
 Metaspace       used 9394K, committed 9728K, reserved 1114112K
  class space    used 701K, committed 832K, reserved 1048576K
}
Event: 51.446 GC heap before
{Heap before GC invocations=8 (full 0):
 garbage-first heap   total 129024K, used 82210K [0x0000000082200000, 0x0000000100000000)
  region size 1024K, 75 young (76800K), 3 survivors (3072K)
 Metaspace       used 9454K, committed 9920K, reserved 1114112K
  class space    used 710K, committed 896K, reserved 1048576K
}
Event: 51.449 GC heap after
{Heap after GC invocations=9 (full 0):
 garbage-first heap   total 129024K, used 8059K [0x0000000082200000, 0x0000000100000000)
  region size 1024K, 3 young (3072K), 3 survivors (3072K)
 Metaspace       used 9454K, committed 9920K, reserved 1114112K
  class space    used 710K, committed 896K, reserved 1048576K
}

Dll operation events (13 events):
Event: 0.010 Loaded shared library C:\Users\Felhasználó\.p2\pool\plugins\org.eclipse.justj.openjdk.hotspot.jre.full.win32.x86_64_21.0.10.v20260205-0638\jre\bin\java.dll
Event: 0.046 Loaded shared library C:\Users\Felhasználó\.p2\pool\plugins\org.eclipse.justj.openjdk.hotspot.jre.full.win32.x86_64_21.0.10.v20260205-0638\jre\bin\zip.dll
Event: 0.201 Loaded shared library C:\Users\Felhasználó\.p2\pool\plugins\org.eclipse.justj.openjdk.hotspot.jre.full.win32.x86_64_21.0.10.v20260205-0638\jre\bin\net.dll
Event: 0.203 Loaded shared library C:\Users\Felhasználó\.p2\pool\plugins\org.eclipse.justj.openjdk.hotspot.jre.full.win32.x86_64_21.0.10.v20260205-0638\jre\bin\nio.dll
Event: 0.209 Loaded shared library C:\Users\Felhasználó\.p2\pool\plugins\org.eclipse.justj.openjdk.hotspot.jre.full.win32.x86_64_21.0.10.v20260205-0638\jre\bin\zip.dll
Event: 0.301 Loaded shared library C:\Users\Felhasználó\.p2\pool\plugins\org.eclipse.justj.openjdk.hotspot.jre.full.win32.x86_64_21.0.10.v20260205-0638\jre\bin\jimage.dll
Event: 0.462 Loaded shared library C:\Users\Felhasználó\AppData\Local\Temp\lwjgl_Felhasználó\3.3.6+1\x64\lwjgl.dll
Event: 0.734 Loaded shared library C:\Users\Felhasználó\AppData\Local\Temp\lwjgl_Felhasználó\3.3.6+1\x64\lwjgl_opengl.dll
Event: 0.932 Loaded shared library C:\Users\Felhasználó\AppData\Local\Temp\lwjgl_Felhasználó\3.3.6+1\x64\lwjgl_stb.dll
Event: 0.961 Loaded shared library C:\Users\Felhasználó\.p2\pool\plugins\org.eclipse.justj.openjdk.hotspot.jre.full.win32.x86_64_21.0.10.v20260205-0638\jre\bin\awt.dll
Event: 1.048 Loaded shared library C:\Users\Felhasználó\.p2\pool\plugins\org.eclipse.justj.openjdk.hotspot.jre.full.win32.x86_64_21.0.10.v20260205-0638\jre\bin\freetype.dll
Event: 1.049 Loaded shared library C:\Users\Felhasználó\.p2\pool\plugins\org.eclipse.justj.openjdk.hotspot.jre.full.win32.x86_64_21.0.10.v20260205-0638\jre\bin\fontmanager.dll
Event: 29.479 Loaded shared library C:\Users\Felhasználó\.p2\pool\plugins\org.eclipse.justj.openjdk.hotspot.jre.full.win32.x86_64_21.0.10.v20260205-0638\jre\bin\extnet.dll

Deoptimization events (20 events):
Event: 63.559 Thread 0x000002044acebec0 Uncommon trap: trap_request=0xffffff45 fr.pc=0x0000020457c0ec68 relative=0x0000000000007508
Event: 63.559 Thread 0x000002044acebec0 Uncommon trap: reason=unstable_if action=reinterpret pc=0x0000020457c0ec68 method=core.GameManager.updateGameplayMultiplayer(FD)V @ 1479 c2
Event: 63.559 Thread 0x000002044acebec0 DEOPT PACKING pc=0x0000020457c0ec68 sp=0x000000efa42fe2b0
Event: 63.559 Thread 0x000002044acebec0 DEOPT UNPACKING pc=0x00000204574f4422 sp=0x000000efa42fe310 mode 2
Event: 63.559 Thread 0x000002044acebec0 Uncommon trap: trap_request=0xffffff45 fr.pc=0x0000020457b84528 relative=0x00000000000000e8
Event: 63.559 Thread 0x000002044acebec0 Uncommon trap: reason=unstable_if action=reinterpret pc=0x0000020457b84528 method=entities.Enemy.isAlive()Z @ 4 c2
Event: 63.559 Thread 0x000002044acebec0 DEOPT PACKING pc=0x0000020457b84528 sp=0x000000efa42fe170
Event: 63.559 Thread 0x000002044acebec0 DEOPT UNPACKING pc=0x00000204574f4422 sp=0x000000efa42fe030 mode 2
Event: 68.129 Thread 0x000002044acebec0 Uncommon trap: trap_request=0xffffff45 fr.pc=0x0000020457be2810 relative=0x0000000000000070
Event: 68.129 Thread 0x000002044acebec0 Uncommon trap: reason=unstable_if action=reinterpret pc=0x0000020457be2810 method=java.util.HashMap.values()Ljava/util/Collection; @ 6 c2
Event: 68.129 Thread 0x000002044acebec0 DEOPT PACKING pc=0x0000020457be2810 sp=0x000000efa42fe4a0
Event: 68.129 Thread 0x000002044acebec0 DEOPT UNPACKING pc=0x00000204574f4422 sp=0x000000efa42fe438 mode 2
Event: 68.132 Thread 0x000002044acebec0 Uncommon trap: trap_request=0xffffff45 fr.pc=0x0000020457c025a0 relative=0x0000000000000260
Event: 68.132 Thread 0x000002044acebec0 Uncommon trap: reason=unstable_if action=reinterpret pc=0x0000020457c025a0 method=java.util.HashMap$HashIterator.<init>(Ljava/util/HashMap;)V @ 45 c2
Event: 68.132 Thread 0x000002044acebec0 DEOPT PACKING pc=0x0000020457c025a0 sp=0x000000efa42fe3a0
Event: 68.132 Thread 0x000002044acebec0 DEOPT UNPACKING pc=0x00000204574f4422 sp=0x000000efa42fe288 mode 2
Event: 68.132 Thread 0x000002044acebec0 Uncommon trap: trap_request=0xffffff45 fr.pc=0x0000020457bafe18 relative=0x0000000000000358
Event: 68.132 Thread 0x000002044acebec0 Uncommon trap: reason=unstable_if action=reinterpret pc=0x0000020457bafe18 method=java.util.HashMap$HashIterator.<init>(Ljava/util/HashMap;)V @ 45 c2
Event: 68.132 Thread 0x000002044acebec0 DEOPT PACKING pc=0x0000020457bafe18 sp=0x000000efa42fe2f0
Event: 68.132 Thread 0x000002044acebec0 DEOPT UNPACKING pc=0x00000204574f4422 sp=0x000000efa42fe2a8 mode 2

Classes loaded (20 events):
Event: 34.047 Loading class sun/net/www/protocol/jrt/Handler
Event: 34.047 Loading class sun/net/www/protocol/jrt/Handler done
Event: 34.054 Loading class sun/text/resources/cldr/FormatData_en
Event: 34.055 Loading class sun/text/resources/cldr/FormatData_en done
Event: 34.056 Loading class sun/text/resources/cldr/FormatData_en_US
Event: 34.056 Loading class sun/text/resources/cldr/FormatData_en_US done
Event: 34.072 Loading class jdk/internal/math/FormattedFPDecimal
Event: 34.072 Loading class jdk/internal/math/FormattedFPDecimal done
Event: 34.887 Loading class sun/util/resources/LocaleData$CommonResourceBundleProvider
Event: 34.887 Loading class sun/util/resources/LocaleData$LocaleDataResourceBundleProvider
Event: 34.887 Loading class java/util/spi/ResourceBundleProvider
Event: 34.887 Loading class java/util/spi/ResourceBundleProvider done
Event: 34.887 Loading class sun/util/resources/LocaleData$LocaleDataResourceBundleProvider done
Event: 34.887 Loading class sun/util/resources/LocaleData$CommonResourceBundleProvider done
Event: 34.887 Loading class sun/util/resources/Bundles$2
Event: 34.887 Loading class sun/util/resources/Bundles$2 done
Event: 37.951 Loading class jdk/internal/math/FDBigInteger
Event: 37.952 Loading class jdk/internal/math/FDBigInteger done
Event: 55.709 Loading class java/lang/Math$RandomNumberGeneratorHolder
Event: 55.711 Loading class java/lang/Math$RandomNumberGeneratorHolder done

Classes unloaded (0 events):
No events

Classes redefined (0 events):
No events

Internal exceptions (20 events):
Event: 0.732 Thread 0x000002044acebec0 Exception <a 'sun/nio/fs/WindowsException'{0x00000000894344e8}> (0x00000000894344e8) 
thrown [s\src\hotspot\share\prims\jni.cpp, line 520]
Event: 0.732 Thread 0x000002044acebec0 Exception <a 'sun/nio/fs/WindowsException'{0x00000000894348c0}> (0x00000000894348c0) 
thrown [s\src\hotspot\share\prims\jni.cpp, line 520]
Event: 0.738 Thread 0x000002044acebec0 Exception <a 'sun/nio/fs/WindowsException'{0x0000000089449080}> (0x0000000089449080) 
thrown [s\src\hotspot\share\prims\jni.cpp, line 520]
Event: 0.738 Thread 0x000002044acebec0 Exception <a 'sun/nio/fs/WindowsException'{0x0000000089449390}> (0x0000000089449390) 
thrown [s\src\hotspot\share\prims\jni.cpp, line 520]
Event: 0.920 Thread 0x000002044acebec0 Exception <a 'java/lang/NoSuchMethodError'{0x00000000893c7330}: 'void java.lang.System.load(java.lang.String, java.lang.Class)'> (0x00000000893c7330) 
thrown [s\src\hotspot\share\interpreter\linkResolver.cpp, line 773]
Event: 0.921 Thread 0x000002044acebec0 Exception <a 'java/lang/NoSuchMethodError'{0x00000000893c9d60}: 'void java.lang.System.loadLibrary(java.lang.String, java.lang.Class)'> (0x00000000893c9d60) 
thrown [s\src\hotspot\share\interpreter\linkResolver.cpp, line 773]
Event: 0.930 Thread 0x000002044acebec0 Exception <a 'sun/nio/fs/WindowsException'{0x00000000893dea58}> (0x00000000893dea58) 
thrown [s\src\hotspot\share\prims\jni.cpp, line 520]
Event: 0.930 Thread 0x000002044acebec0 Exception <a 'sun/nio/fs/WindowsException'{0x00000000893dee08}> (0x00000000893dee08) 
thrown [s\src\hotspot\share\prims\jni.cpp, line 520]
Event: 0.951 Thread 0x000002044acebec0 Exception <a 'java/lang/ClassNotFoundException'{0x00000000893f89f0}: sun/awt/resources/spi/awtProvider> (0x00000000893f89f0) 
thrown [s\src\hotspot\share\classfile\systemDictionary.cpp, line 312]
Event: 0.971 Thread 0x000002044acebec0 Exception <a 'java/io/FileNotFoundException'{0x000000008924a8e0}> (0x000000008924a8e0) 
thrown [s\src\hotspot\share\prims\jni.cpp, line 520]
Event: 0.979 Thread 0x000002044acebec0 Exception <a 'java/io/FileNotFoundException'{0x0000000089275108}> (0x0000000089275108) 
thrown [s\src\hotspot\share\prims\jni.cpp, line 520]
Event: 33.217 Thread 0x000002044acebec0 Exception <a 'java/lang/NoSuchMethodError'{0x0000000087bf8938}: 'void java.lang.invoke.DirectMethodHandle$Holder.invokeStatic(java.lang.Object, java.lang.Object, java.lang.Object)'> (0x0000000087bf8938) 
thrown [s\src\hotspot\share\interpreter\linkResolver.cpp, line 773]
Event: 33.221 Thread 0x0000020478310010 Implicit null exception at 0x0000020457ab8d87 to 0x0000020457ab8e78
Event: 33.331 Thread 0x000002044acebec0 Exception <a 'java/lang/NoSuchMethodError'{0x0000000087a350a8}: 'java.lang.Object java.lang.invoke.DirectMethodHandle$Holder.invokeSpecial(java.lang.Object, java.lang.Object, java.lang.Object, java.lang.Object, int)'> (0x0000000087a350a8) 
thrown [s\src\hotspot\share\interpreter\linkResolver.cpp, line 773]
Event: 33.332 Thread 0x000002044acebec0 Exception <a 'java/lang/NoSuchMethodError'{0x0000000087a38550}: 'java.lang.Object java.lang.invoke.Invokers$Holder.linkToTargetMethod(java.lang.Object, java.lang.Object, int, java.lang.Object)'> (0x0000000087a38550) 
thrown [s\src\hotspot\share\interpreter\linkResolver.cpp, line 773]
Event: 33.950 Thread 0x000002044acebec0 Exception <a 'java/lang/NoSuchMethodError'{0x0000000087664220}: 'java.lang.Object java.lang.invoke.Invokers$Holder.invokeExact_MT(java.lang.Object, java.lang.Object, java.lang.Object, java.lang.Object, java.lang.Object, java.lang.Object)'> (0x0000000087664220) 
thrown [s\src\hotspot\share\interpreter\linkResolver.cpp, line 773]
Event: 33.956 Thread 0x000002044acebec0 Exception <a 'java/lang/NoSuchMethodError'{0x00000000876a4718}: 'java.lang.Object java.lang.invoke.Invokers$Holder.linkToTargetMethod(int, int, int, int, java.lang.Object)'> (0x00000000876a4718) 
thrown [s\src\hotspot\share\interpreter\linkResolver.cpp, line 773]
Event: 33.973 Thread 0x000002044acebec0 Exception <a 'java/lang/NoSuchMethodError'{0x00000000875496c8}: 'java.lang.Object java.lang.invoke.DirectMethodHandle$Holder.invokeSpecial(java.lang.Object, java.lang.Object, java.lang.Object, int, int)'> (0x00000000875496c8) 
thrown [s\src\hotspot\share\interpreter\linkResolver.cpp, line 773]
Event: 34.035 Thread 0x000002044acebec0 Exception <a 'java/lang/NoSuchMethodError'{0x00000000874aa010}: 'java.lang.Object java.lang.invoke.DirectMethodHandle$Holder.invokeSpecial(java.lang.Object, java.lang.Object, int, float)'> (0x00000000874aa010) 
thrown [s\src\hotspot\share\interpreter\linkResolver.cpp, line 773]
Event: 50.748 Thread 0x000002044acebec0 Exception <a 'java/lang/NoSuchMethodError'{0x0000000088eb6d18}: 'java.lang.Object java.lang.invoke.DirectMethodHandle$Holder.invokeSpecial(java.lang.Object, java.lang.Object, int, java.lang.Object, float)'> (0x0000000088eb6d18) 
thrown [s\src\hotspot\share\interpreter\linkResolver.cpp, line 773]

ZGC Phase Switch (0 events):
No events

VM Operations (20 events):
Event: 55.470 Executing safepoint VM operation: Cleanup
Event: 55.470 Executing safepoint VM operation: Cleanup done
Event: 56.476 Executing safepoint VM operation: Cleanup
Event: 56.476 Executing safepoint VM operation: Cleanup done
Event: 57.486 Executing safepoint VM operation: Cleanup
Event: 57.486 Executing safepoint VM operation: Cleanup done
Event: 59.511 Executing safepoint VM operation: Cleanup
Event: 59.511 Executing safepoint VM operation: Cleanup done
Event: 60.098 Executing non-safepoint VM operation: HandshakeAllThreads (HandshakeForDeflation)
Event: 60.098 Executing non-safepoint VM operation: HandshakeAllThreads (HandshakeForDeflation) done
Event: 60.099 Executing non-safepoint VM operation: RendezvousGCThreads
Event: 60.099 Executing non-safepoint VM operation: RendezvousGCThreads done
Event: 64.123 Executing safepoint VM operation: Cleanup
Event: 64.123 Executing safepoint VM operation: Cleanup done
Event: 65.124 Executing safepoint VM operation: Cleanup
Event: 65.125 Executing safepoint VM operation: Cleanup done
Event: 67.139 Executing safepoint VM operation: Cleanup
Event: 67.139 Executing safepoint VM operation: Cleanup done
Event: 68.148 Executing safepoint VM operation: Cleanup
Event: 68.148 Executing safepoint VM operation: Cleanup done

Memory protections (0 events):
No events

Nmethod flushes (0 events):
No events

Events (20 events):
Event: 0.190 Thread 0x000002044acebec0 Thread added: 0x00000204691fb260
Event: 0.193 Thread 0x000002044acebec0 Thread added: 0x000002046920c850
Event: 1.027 Thread 0x000002044acebec0 Thread added: 0x00000204734d9010
Event: 1.069 Thread 0x000002044acebec0 Thread added: 0x00000204734d9ff0
Event: 1.070 Thread 0x000002044acebec0 Thread added: 0x0000020473465af0
Event: 1.103 Thread 0x0000020464c14cc0 Thread added: 0x000002047359efc0
Event: 1.103 Thread 0x0000020464c14cc0 Thread added: 0x000002047358fd90
Event: 1.230 Thread 0x000002047358fd90 Thread exited: 0x000002047358fd90
Event: 1.481 Thread 0x000002047359efc0 Thread exited: 0x000002047359efc0
Event: 2.097 Thread 0x00000204734d9ff0 Thread exited: 0x00000204734d9ff0
Event: 18.883 Thread 0x0000020464c14cc0 Thread added: 0x00000204738bf980
Event: 18.889 Thread 0x00000204738bf980 Thread added: 0x00000204738bf2b0
Event: 20.294 Thread 0x00000204738bf2b0 Thread exited: 0x00000204738bf2b0
Event: 21.209 Thread 0x00000204738bf980 Thread exited: 0x00000204738bf980
Event: 33.220 Thread 0x000002044acebec0 Thread added: 0x0000020478310010
Event: 33.221 Thread 0x000002044acebec0 Thread added: 0x000002044611e530
Event: 33.943 Thread 0x0000020464c138d0 Thread added: 0x0000020449359690
Event: 36.280 Thread 0x0000020449359690 Thread exited: 0x0000020449359690
Event: 38.127 Thread 0x0000020464c14cc0 Thread added: 0x000002047e57bbb0
Event: 38.312 Thread 0x000002047e57bbb0 Thread exited: 0x000002047e57bbb0


Dynamic libraries:
0x00007ff74fce0000 - 0x00007ff74fcee000 	C:\Users\Felhasználó\.p2\pool\plugins\org.eclipse.justj.openjdk.hotspot.jre.full.win32.x86_64_21.0.10.v20260205-0638\jre\bin\javaw.exe
0x00007ffd34650000 - 0x00007ffd34848000 	C:\WINDOWS\SYSTEM32\ntdll.dll
0x00007ffd32950000 - 0x00007ffd32a12000 	C:\WINDOWS\System32\KERNEL32.DLL
0x00007ffd31d10000 - 0x00007ffd32006000 	C:\WINDOWS\System32\KERNELBASE.dll
0x00007ffd32330000 - 0x00007ffd32430000 	C:\WINDOWS\System32\ucrtbase.dll
0x00007ffd2c140000 - 0x00007ffd2c158000 	C:\Users\Felhasználó\.p2\pool\plugins\org.eclipse.justj.openjdk.hotspot.jre.full.win32.x86_64_21.0.10.v20260205-0638\jre\bin\jli.dll
0x00007ffd1da70000 - 0x00007ffd1da8e000 	C:\Users\Felhasználó\.p2\pool\plugins\org.eclipse.justj.openjdk.hotspot.jre.full.win32.x86_64_21.0.10.v20260205-0638\jre\bin\VCRUNTIME140.dll
0x00007ffd330e0000 - 0x00007ffd33281000 	C:\WINDOWS\System32\USER32.dll
0x00007ffd31ce0000 - 0x00007ffd31d02000 	C:\WINDOWS\System32\win32u.dll
0x00007ffd1ab10000 - 0x00007ffd1adab000 	C:\WINDOWS\WinSxS\amd64_microsoft.windows.common-controls_6595b64144ccf1df_6.0.19041.6456_none_60b8a6cb71f64256\COMCTL32.dll
0x00007ffd32920000 - 0x00007ffd3294b000 	C:\WINDOWS\System32\GDI32.dll
0x00007ffd33b10000 - 0x00007ffd33bae000 	C:\WINDOWS\System32\msvcrt.dll
0x00007ffd32160000 - 0x00007ffd32279000 	C:\WINDOWS\System32\gdi32full.dll
0x00007ffd32010000 - 0x00007ffd320ad000 	C:\WINDOWS\System32\msvcp_win.dll
0x00007ffd33d90000 - 0x00007ffd33dbf000 	C:\WINDOWS\System32\IMM32.DLL
0x00007ffd2ef40000 - 0x00007ffd2ef4c000 	C:\Users\Felhasználó\.p2\pool\plugins\org.eclipse.justj.openjdk.hotspot.jre.full.win32.x86_64_21.0.10.v20260205-0638\jre\bin\vcruntime140_1.dll
0x00007ffd1bec0000 - 0x00007ffd1bf4d000 	C:\Users\Felhasználó\.p2\pool\plugins\org.eclipse.justj.openjdk.hotspot.jre.full.win32.x86_64_21.0.10.v20260205-0638\jre\bin\msvcp140.dll
0x00007ffcd63a0000 - 0x00007ffcd7141000 	C:\Users\Felhasználó\.p2\pool\plugins\org.eclipse.justj.openjdk.hotspot.jre.full.win32.x86_64_21.0.10.v20260205-0638\jre\bin\server\jvm.dll
0x00007ffd33cd0000 - 0x00007ffd33d81000 	C:\WINDOWS\System32\ADVAPI32.dll
0x00007ffd33300000 - 0x00007ffd3339f000 	C:\WINDOWS\System32\sechost.dll
0x00007ffd33bb0000 - 0x00007ffd33cd0000 	C:\WINDOWS\System32\RPCRT4.dll
0x00007ffd32130000 - 0x00007ffd32157000 	C:\WINDOWS\System32\bcrypt.dll
0x00007ffd345a0000 - 0x00007ffd3460b000 	C:\WINDOWS\System32\WS2_32.dll
0x00007ffd311e0000 - 0x00007ffd3122b000 	C:\WINDOWS\SYSTEM32\POWRPROF.dll
0x00007ffd164f0000 - 0x00007ffd16517000 	C:\WINDOWS\SYSTEM32\WINMM.dll
0x00007ffd23070000 - 0x00007ffd2307a000 	C:\WINDOWS\SYSTEM32\VERSION.dll
0x00007ffd310a0000 - 0x00007ffd310b2000 	C:\WINDOWS\SYSTEM32\UMPDC.dll
0x00007ffd2fb10000 - 0x00007ffd2fb22000 	C:\WINDOWS\SYSTEM32\kernel.appcore.dll
0x00007ffd2e590000 - 0x00007ffd2e59a000 	C:\Users\Felhasználó\.p2\pool\plugins\org.eclipse.justj.openjdk.hotspot.jre.full.win32.x86_64_21.0.10.v20260205-0638\jre\bin\jimage.dll
0x00007ffd227e0000 - 0x00007ffd229e1000 	C:\WINDOWS\SYSTEM32\DBGHELP.DLL
0x00007ffd18430000 - 0x00007ffd18464000 	C:\WINDOWS\SYSTEM32\dbgcore.DLL
0x00007ffd325e0000 - 0x00007ffd32662000 	C:\WINDOWS\System32\bcryptPrimitives.dll
0x00007ffd2c390000 - 0x00007ffd2c3b0000 	C:\Users\Felhasználó\.p2\pool\plugins\org.eclipse.justj.openjdk.hotspot.jre.full.win32.x86_64_21.0.10.v20260205-0638\jre\bin\java.dll
0x00007ffd333a0000 - 0x00007ffd33b10000 	C:\WINDOWS\System32\SHELL32.dll
0x00007ffd2fd10000 - 0x00007ffd304b5000 	C:\WINDOWS\SYSTEM32\windows.storage.dll
0x00007ffd34220000 - 0x00007ffd34574000 	C:\WINDOWS\System32\combase.dll
0x00007ffd31630000 - 0x00007ffd3165b000 	C:\WINDOWS\SYSTEM32\Wldp.dll
0x00007ffd34070000 - 0x00007ffd3413d000 	C:\WINDOWS\System32\OLEAUT32.dll
0x00007ffd32b40000 - 0x00007ffd32bed000 	C:\WINDOWS\System32\SHCORE.dll
0x00007ffd32700000 - 0x00007ffd3275b000 	C:\WINDOWS\System32\shlwapi.dll
0x00007ffd31c10000 - 0x00007ffd31c34000 	C:\WINDOWS\SYSTEM32\profapi.dll
0x00007ffd1e800000 - 0x00007ffd1e818000 	C:\Users\Felhasználó\.p2\pool\plugins\org.eclipse.justj.openjdk.hotspot.jre.full.win32.x86_64_21.0.10.v20260205-0638\jre\bin\zip.dll
0x00007ffd2e580000 - 0x00007ffd2e590000 	C:\Users\Felhasználó\.p2\pool\plugins\org.eclipse.justj.openjdk.hotspot.jre.full.win32.x86_64_21.0.10.v20260205-0638\jre\bin\net.dll
0x00007ffd29ec0000 - 0x00007ffd29fca000 	C:\WINDOWS\SYSTEM32\WINHTTP.dll
0x00007ffd31410000 - 0x00007ffd3147a000 	C:\WINDOWS\system32\mswsock.dll
0x00007ffd1e010000 - 0x00007ffd1e026000 	C:\Users\Felhasználó\.p2\pool\plugins\org.eclipse.justj.openjdk.hotspot.jre.full.win32.x86_64_21.0.10.v20260205-0638\jre\bin\nio.dll
0x00007ffd1a9f0000 - 0x00007ffd1aa6e000 	C:\Users\Felhasználó\AppData\Local\Temp\lwjgl_Felhasználó\3.3.6+1\x64\lwjgl.dll
0x00007ffd19a00000 - 0x00007ffd19a89000 	C:\Users\FELHAS~1\AppData\Local\Temp\lwjgl_Felhasználó\3.3.6+1\x64\glfw.dll
0x00007ffcdca80000 - 0x00007ffcdcac5000 	C:\WINDOWS\SYSTEM32\dinput8.dll
0x00007ffd03690000 - 0x00007ffd036a1000 	C:\WINDOWS\SYSTEM32\xinput1_4.dll
0x00007ffd32590000 - 0x00007ffd325de000 	C:\WINDOWS\System32\cfgmgr32.dll
0x00007ffd31a70000 - 0x00007ffd31aa3000 	C:\WINDOWS\SYSTEM32\DEVOBJ.dll
0x00007ffd2f810000 - 0x00007ffd2f83e000 	C:\WINDOWS\SYSTEM32\dwmapi.dll
0x00007ffd2a6e0000 - 0x00007ffd2a832000 	C:\WINDOWS\SYSTEM32\inputhost.dll
0x00007ffd2f000000 - 0x00007ffd2f0f2000 	C:\WINDOWS\SYSTEM32\CoreMessaging.dll
0x00007ffd2daa0000 - 0x00007ffd2dbf7000 	C:\WINDOWS\SYSTEM32\wintypes.dll
0x00007ffd2d250000 - 0x00007ffd2d344000 	C:\WINDOWS\SYSTEM32\PROPSYS.dll
0x00007ffd2ebc0000 - 0x00007ffd2ef1b000 	C:\WINDOWS\SYSTEM32\CoreUIComponents.dll
0x00007ffd30f30000 - 0x00007ffd30f63000 	C:\WINDOWS\SYSTEM32\ntmarta.dll
0x00007ffd2f620000 - 0x00007ffd2f6be000 	C:\WINDOWS\system32\uxtheme.dll
0x00007ffd33dc0000 - 0x00007ffd33ed5000 	C:\WINDOWS\System32\MSCTF.dll
0x00007ffd0d4f0000 - 0x00007ffd0d618000 	C:\WINDOWS\SYSTEM32\opengl32.dll
0x00007ffd1bc30000 - 0x00007ffd1bc5c000 	C:\WINDOWS\SYSTEM32\GLU32.dll
0x00007ffd32a90000 - 0x00007ffd32b39000 	C:\WINDOWS\System32\clbcatq.dll
0x00007ffcdf2f0000 - 0x00007ffce0395000 	C:\WINDOWS\System32\DriverStore\FileRepository\iigd_dch.inf_amd64_7ecf8d2b2b8c53e8\ig9icd64.dll
0x00007ffd33ee0000 - 0x00007ffd3400b000 	C:\WINDOWS\System32\ole32.dll
0x00007ffd30520000 - 0x00007ffd30616000 	C:\WINDOWS\system32\dxgi.dll
0x00007ffcf27f0000 - 0x00007ffcf291c000 	C:\WINDOWS\System32\DriverStore\FileRepository\iigd_dch.inf_amd64_7ecf8d2b2b8c53e8\igdml64.dll
0x00007ffd1be80000 - 0x00007ffd1beba000 	C:\WINDOWS\system32\atig6txx.dll
0x00007ffd26d70000 - 0x00007ffd27179000 	C:\WINDOWS\System32\DriverStore\FileRepository\iigd_dch.inf_amd64_7ecf8d2b2b8c53e8\igdgmm64.dll
0x00007ffd235d0000 - 0x00007ffd26d66000 	C:\WINDOWS\System32\DriverStore\FileRepository\iigd_dch.inf_amd64_7ecf8d2b2b8c53e8\igc64.dll
0x00007ffce9490000 - 0x00007ffce9701000 	C:\Users\FELHAS~1\AppData\Local\Temp\lwjgl_Felhasználó\3.3.6+1\x64\jemalloc.dll
0x00007ffd1b400000 - 0x00007ffd1b45d000 	C:\Users\Felhasználó\AppData\Local\Temp\lwjgl_Felhasználó\3.3.6+1\x64\lwjgl_opengl.dll
0x00007ffd2a5e0000 - 0x00007ffd2a6d9000 	C:\WINDOWS\SYSTEM32\textinputframework.dll
0x00007ffd17a40000 - 0x00007ffd17ad9000 	C:\Users\Felhasználó\AppData\Local\Temp\lwjgl_Felhasználó\3.3.6+1\x64\lwjgl_stb.dll
0x00007ffd0d850000 - 0x00007ffd0d9df000 	C:\Users\Felhasználó\.p2\pool\plugins\org.eclipse.justj.openjdk.hotspot.jre.full.win32.x86_64_21.0.10.v20260205-0638\jre\bin\awt.dll
0x00007ffd2f240000 - 0x00007ffd2f2d4000 	C:\WINDOWS\SYSTEM32\apphelp.dll
0x00007ffd0edb0000 - 0x00007ffd0ee37000 	C:\Users\Felhasználó\.p2\pool\plugins\org.eclipse.justj.openjdk.hotspot.jre.full.win32.x86_64_21.0.10.v20260205-0638\jre\bin\freetype.dll
0x00007ffd0d750000 - 0x00007ffd0d842000 	C:\Users\Felhasználó\.p2\pool\plugins\org.eclipse.justj.openjdk.hotspot.jre.full.win32.x86_64_21.0.10.v20260205-0638\jre\bin\fontmanager.dll
0x00007ffd31100000 - 0x00007ffd311ca000 	C:\WINDOWS\SYSTEM32\DNSAPI.dll
0x00007ffd310c0000 - 0x00007ffd310fb000 	C:\WINDOWS\SYSTEM32\IPHLPAPI.DLL
0x00007ffd32910000 - 0x00007ffd32918000 	C:\WINDOWS\System32\NSI.dll
0x00007ffd27180000 - 0x00007ffd2718a000 	C:\Windows\System32\rasadhlp.dll
0x00007ffd27950000 - 0x00007ffd279d0000 	C:\WINDOWS\System32\fwpuclnt.dll
0x00007ffd2a430000 - 0x00007ffd2a439000 	C:\Users\Felhasználó\.p2\pool\plugins\org.eclipse.justj.openjdk.hotspot.jre.full.win32.x86_64_21.0.10.v20260205-0638\jre\bin\extnet.dll

JVMTI agents: none

dbghelp: loaded successfully - version: 4.0.5 - missing functions: none
symbol engine: initialized successfully - sym options: 0x614 - pdb path: .;C:\Users\Felhasználó\.p2\pool\plugins\org.eclipse.justj.openjdk.hotspot.jre.full.win32.x86_64_21.0.10.v20260205-0638\jre\bin;C:\WINDOWS\SYSTEM32;C:\WINDOWS\WinSxS\amd64_microsoft.windows.common-controls_6595b64144ccf1df_6.0.19041.6456_none_60b8a6cb71f64256;C:\Users\Felhasználó\.p2\pool\plugins\org.eclipse.justj.openjdk.hotspot.jre.full.win32.x86_64_21.0.10.v20260205-0638\jre\bin\server;C:\Users\Felhasználó\AppData\Local\Temp\lwjgl_Felhasználó\3.3.6+1\x64;C:\Users\FELHAS~1\AppData\Local\Temp\lwjgl_Felhasználó\3.3.6+1\x64;C:\WINDOWS\System32\DriverStore\FileRepository\iigd_dch.inf_amd64_7ecf8d2b2b8c53e8

VM Arguments:
jvm_args: -Dfile.encoding=UTF-8 -Dstdout.encoding=UTF-8 -Dstderr.encoding=UTF-8 -XX:+ShowCodeDetailsInExceptionMessages 
java_command: core.GameManager
java_class_path (initial): C:\Users\Felhasználó\Desktop\Alfa\Léleklovag - Barak Tibor (NS4DJ4)\Soul Knight\out\production\Soul_Knight;C:\Users\Felhasználó\Desktop\Alfa\Léleklovag - Barak Tibor (NS4DJ4)\Soul Knight\lib\ojdbc11.jar;C:\Users\Felhasználó\Desktop\Alfa\Léleklovag - Barak Tibor (NS4DJ4)\lib\lwjgl.jar;C:\Users\Felhasználó\Desktop\Alfa\Léleklovag - Barak Tibor (NS4DJ4)\lib\lwjgl-assimp.jar;C:\Users\Felhasználó\Desktop\Alfa\Léleklovag - Barak Tibor (NS4DJ4)\lib\lwjgl-assimp-javadoc.jar;C:\Users\Felhasználó\Desktop\Alfa\Léleklovag - Barak Tibor (NS4DJ4)\lib\lwjgl-assimp-natives-windows.jar;C:\Users\Felhasználó\Desktop\Alfa\Léleklovag - Barak Tibor (NS4DJ4)\lib\lwjgl-assimp-sources.jar;C:\Users\Felhasználó\Desktop\Alfa\Léleklovag - Barak Tibor (NS4DJ4)\lib\lwjgl-bgfx.jar;C:\Users\Felhasználó\Desktop\Alfa\Léleklovag - Barak Tibor (NS4DJ4)\lib\lwjgl-bgfx-javadoc.jar;C:\Users\Felhasználó\Desktop\Alfa\Léleklovag - Barak Tibor (NS4DJ4)\lib\lwjgl-bgfx-natives-windows.jar;C:\Users\Felhasználó\Desktop\Alfa\Léleklovag - Barak Tibor (NS4DJ4)\lib\lwjgl-bgfx-sources.jar;C:\Users\Felhasználó\Desktop\Alfa\Léleklovag - Barak Tibor (NS4DJ4)\lib\lwjgl-cuda.jar;C:\Users\Felhasználó\Desktop\Alfa\Léleklovag - Barak Tibor (NS4DJ4)\lib\lwjgl-cuda-javadoc.jar;C:\Users\Felhasználó\Desktop\Alfa\Léleklovag - Barak Tibor (NS4DJ4)\lib\lwjgl-cuda-sources.jar;C:\Users\Felhasználó\Desktop\Alfa\Léleklovag - Barak Tibor (NS4DJ4)\lib\lwjgl-egl.jar;C:\Users\Felhasználó\Desktop\Alfa\Léleklovag - Barak Tibor (NS4DJ4)\lib\lwjgl-egl-javadoc.jar;C:\Users\Felhasználó\Desktop\Alfa\Léleklovag - Barak Tibor (NS4DJ4)\lib\lwjgl-egl-sources.jar;C:\Users\Felhasználó\Desktop\Alfa\Léleklovag - Barak Tibor (NS4DJ4)\lib\lwjgl-fmod.jar;C:\Users\Felhasználó\Desktop\Alfa\Léleklovag - Barak Tibor (NS4DJ4)\lib\lwjgl-fmod-javadoc.jar;C:\Users\Felhasználó\Desktop\Alfa\Léleklovag - Barak Tibor (NS4DJ4)\lib\lwjgl-fmod-sources.jar;C:\Users\Felhasználó\Desktop\Alfa\Léleklovag - Barak Tibor (NS4DJ4)\lib\lwjgl-freetype.jar;C:\Users\Felhasználó\Desktop\Alfa\Léleklovag - Barak Tibor (NS4DJ4)\lib\lwjgl-freetype-javadoc.jar;C:\Users\Felhasználó\Desktop\Alfa\Léleklovag - Barak Tibor (NS4DJ4)\lib\lwjgl-freetype-natives-windows.jar;C:\Users\Felhasználó\Desktop\Alfa\Léleklovag - Barak Tibor (NS4DJ4)\lib\lwjgl-freetype-sources.jar;C:\Users\Felhasználó\Desktop\Alfa\Léleklovag - Barak Tibor (NS4DJ4)\lib\lwjgl-glfw.jar;C:\Users\Felhasználó\Desktop\Alfa\Léleklovag - Barak Tibor (NS4DJ4)\lib\lwjgl-glfw-javadoc.jar;C:\Users\Felhasználó\Desktop\Alfa\Léleklovag - Barak Tibor (NS4DJ4)\lib\lwjgl-glfw-natives-windows.jar;C:\Users\Felhasználó\Desktop\Alfa\Léleklovag - Barak Tibor (NS4DJ4)\lib\lwjgl-glfw-sources.jar;C:\Users\Felhasználó\Desktop\Alfa\Léleklovag - Barak Tibor (NS4DJ4)\lib\lwjgl-harfbuzz.jar;C:\Users\Felhasználó\Desktop\Alfa\Léleklovag - Barak Tibor (NS4DJ4)\lib\lwjgl-harfbuzz-javadoc.jar;C:\Users\Felhasználó\Desktop\Alfa\Léleklovag - Barak Tibor (NS4DJ4)\lib\lwjgl-harfbuzz-natives-windows.jar;C:\Users\Felhasználó\Desktop\Alfa\Léleklovag - Barak Tibor (NS4DJ4)\lib\lwjgl-harfbuzz-sources.jar;C:\Users\Felhasználó\Desktop\Alfa\Léleklovag - Barak Tibor (NS4DJ4)\lib\lwjgl-hwloc.jar;C:\Users\Felhasználó\Desktop\Alfa\Léleklovag - Barak Tibor (NS4DJ4)\lib\lwjgl-hwloc-javadoc.jar;C:\Users\Felhasználó\Desktop\Alfa\Léleklovag - Barak Tibor (NS4DJ4)\lib\lwjgl-hwloc-natives-windows.jar;C:\Users\Felhasználó\Desktop\Alfa\Léleklovag - Barak Tibor (NS4DJ4)\lib\lwjgl-hwloc-sources.jar;C:\Users\Felhasználó\Desktop\Alfa\Léleklovag - Barak Tibor (NS4DJ4)\lib\lwjgl-javadoc.jar;C:\Users\Felhasználó\Desktop\Alfa\Léleklovag - Barak Tibor (NS4DJ4)\lib\lwjgl-jawt.jar;C:\Users\Felhasználó\Desktop\Alfa\Léleklovag - Barak Tibor (NS4DJ4)\lib\lwjgl-jawt-javadoc.jar;C:\Users\Felhasználó\Desktop\Alfa\Léleklovag - Barak Tibor (NS4DJ4)\lib\lwjgl-jawt-sources.jar;C:\Users\Felhasználó\Desktop\Alfa\Léleklovag - Barak Tibor (NS4DJ4)\lib\lwjgl-jemalloc.jar;C:\Users\Felhasználó\Desktop\Alfa\Léleklovag - Barak Tibor (NS4DJ4)\lib\lwjgl-jemalloc-javadoc.jar;C:\Users\Felhasználó\Desktop\Alfa\Léleklovag - Barak Tibor (NS4DJ4)\lib\lwjgl-jemalloc-natives-windows.jar;C:\Users\Felhasználó\Desktop\Alfa\Léleklovag - Barak Tibor (NS4DJ4)\lib\lwjgl-jemalloc-sources.jar;C:\Users\Felhasználó\Desktop\Alfa\Léleklovag - Barak Tibor (NS4DJ4)\lib\lwjgl-ktx.jar;C:\Users\Felhasználó\Desktop\Alfa\Léleklovag - Barak Tibor (NS4DJ4)\lib\lwjgl-ktx-javadoc.jar;C:\Users\Felhasználó\Desktop\Alfa\Léleklovag - Barak Tibor (NS4DJ4)\lib\lwjgl-ktx-natives-windows.jar;C:\Users\Felhasználó\Desktop\Alfa\Léleklovag - Barak Tibor (NS4DJ4)\lib\lwjgl-ktx-sources.jar;C:\Users\Felhasználó\Desktop\Alfa\Léleklovag - Barak Tibor (NS4DJ4)\lib\lwjgl-libdivide.jar;C:\Users\Felhasználó\Desktop\Alfa\Léleklovag - Barak Tibor (NS4DJ4)\lib\lwjgl-libdivide-javadoc.jar;C:\Users\Felhasználó\Desktop\Alfa\Léleklovag - Barak Tibor (NS4DJ4)\lib\lwjgl-libdivide-natives-windows.jar;C:\Users\Felhasználó\Desktop\Alfa\Léleklovag - Barak Tibor (NS4DJ4)\lib\lwjgl-libdivide-sources.jar;C:\Users\Felhasználó\Desktop\Alfa\Léleklovag - Barak Tibor (NS4DJ4)\lib\lwjgl-llvm.jar;C:\Users\Felhasználó\Desktop\Alfa\Léleklovag - Barak Tibor (NS4DJ4)\lib\lwjgl-llvm-javadoc.jar;C:\Users\Felhasználó\Desktop\Alfa\Léleklovag - Barak Tibor (NS4DJ4)\lib\lwjgl-llvm-natives-windows.jar;C:\Users\Felhasználó\Desktop\Alfa\Léleklovag - Barak Tibor (NS4DJ4)\lib\lwjgl-llvm-sources.jar;C:\Users\Felhasználó\Desktop\Alfa\Léleklovag - Barak Tibor (NS4DJ4)\lib\lwjgl-lmdb.jar;C:\Users\Felhasználó\Desktop\Alfa\Léleklovag - Barak Tibor (NS4DJ4)\lib\lwjgl-lmdb-javadoc.jar;C:\Users\Felhasználó\Desktop\Alfa\Léleklovag - Barak Tibor (NS4DJ4)\lib\lwjgl-lmdb-natives-windows.jar;C:\Users\Felhasználó\Desktop\Alfa\Léleklovag - Barak Tibor (NS4DJ4)\lib\lwjgl-lmdb-sources.jar;C:\Users\Felhasználó\Desktop\Alfa\Léleklovag - Barak Tibor (NS4DJ4)\lib\lwjgl-lz4.jar;C:\Users\Felhasználó\Desktop\Alfa\Léleklovag - Barak Tibor (NS4DJ4)\lib\lwjgl-lz4-javadoc.jar;C:\Users\Felhasználó\Desktop\Alfa\Léleklovag - Barak Tibor (NS4DJ4)\lib\lwjgl-lz4-natives-windows.jar;C:\Users\Felhasználó\Desktop\Alfa\Léleklovag - Barak Tibor (NS4DJ4)\lib\lwjgl-lz4-sources.jar;C:\Users\Felhasználó\Desktop\Alfa\Léleklovag - Barak Tibor (NS4DJ4)\lib\lwjgl-meow.jar;C:\Users\Felhasználó\Desktop\Alfa\Léleklovag - Barak Tibor (NS4DJ4)\lib\lwjgl-meow-javadoc.jar;C:\Users\Felhasználó\Desktop\Alfa\Léleklovag - Barak Tibor (NS4DJ4)\lib\lwjgl-meow-natives-windows.jar;C:\Users\Felhasználó\Desktop\Alfa\Léleklovag - Barak Tibor (NS4DJ4)\lib\lwjgl-meow-sources.jar;C:\Users\Felhasználó\Desktop\Alfa\Léleklovag - Barak Tibor (NS4DJ4)\lib\lwjgl-meshoptimizer.jar;C:\Users\Felhasználó\Desktop\Alfa\Léleklovag - Barak Tibor (NS4DJ4)\lib\lwjgl-meshoptimizer-javadoc.jar;C:\Users\Felhasználó\Desktop\Alfa\Léleklovag - Barak Tibor (NS4DJ4)\lib\lwjgl-meshoptimizer-natives-windows.jar;C:\Users\Felhasználó\Desktop\Alfa\Léleklovag - Barak Tibor (NS4DJ4)\lib\lwjgl-meshoptimizer-sources.jar;C:\Users\Felhasználó\Desktop\Alfa\Léleklovag - Barak Tibor (NS4DJ4)\lib\lwjgl-msdfgen.jar;C:\Users\Felhasználó\Desktop\Alfa\Léleklovag - Barak Tibor (NS4DJ4)\lib\lwjgl-msdfgen-javadoc.jar;C:\Users\Felhasználó\Desktop\Alfa\Léleklovag - Barak Tibor (NS4DJ4)\lib\lwjgl-msdfgen-natives-windows.jar;C:\Users\Felhasználó\Desktop\Alfa\Léleklovag - Barak Tibor (NS4DJ4)\lib\lwjgl-msdfgen-sources.jar;C:\Users\Felhasználó\Desktop\Alfa\Léleklovag - Barak Tibor (NS4DJ4)\lib\lwjgl-nanovg.jar;C:\Users\Felhasználó\Desktop\Alfa\Léleklovag - Barak Tibor (NS4DJ4)\lib\lwjgl-nanovg-javadoc.jar;C:\Users\Felhasználó\Desktop\Alfa\Léleklovag - Barak Tibor (NS4DJ4)\lib\lwjgl-nanovg-natives-windows.jar;C:\Users\Felhasználó\Desktop\Alfa\Léleklovag - Barak Tibor (NS4DJ4)\lib\lwjgl-nanovg-sources.jar;C:\Users\Felhasználó\Desktop\Alfa\Léleklovag - Barak Tibor (NS4DJ4)\lib\lwjgl-natives-windows.jar;C:\Users\Felhasználó\Desktop\Alfa\Léleklovag - Barak Tibor (NS4DJ4)\lib\lwjgl-nfd.jar;C:\Users\Felhasználó\Desktop\Alfa\Léleklovag - Barak Tibor (NS4DJ4)\lib\lwjgl-nfd-javadoc.jar;C:\Users\Felhasználó\Desktop\Alfa\Léleklovag - Barak Tibor (NS4DJ4)\lib\lwjgl-nfd-natives-windows.jar;C:\Users\Felhasználó\Desktop\Alfa\Léleklovag - Barak Tibor (NS4DJ4)\lib\lwjgl-nfd-sources.jar;C:\Users\Felhasználó\Desktop\Alfa\Léleklovag - Barak Tibor (NS4DJ4)\lib\lwjgl-nuklear.jar;C:\Users\Felhasználó\Desktop\Alfa\Léleklovag - Barak Tibor (NS4DJ4)\lib\lwjgl-nuklear-javadoc.jar;C:\Users\Felhasználó\Desktop\Alfa\Léleklovag - Barak Tibor (NS4DJ4)\lib\lwjgl-nuklear-natives-windows.jar;C:\Users\Felhasználó\Desktop\Alfa\Léleklovag - Barak Tibor (NS4DJ4)\lib\lwjgl-nuklear-sources.jar;C:\Users\Felhasználó\Desktop\Alfa\Léleklovag - Barak Tibor (NS4DJ4)\lib\lwjgl-odbc.jar;C:\Users\Felhasználó\Desktop\Alfa\Léleklovag - Barak Tibor (NS4DJ4)\lib\lwjgl-odbc-javadoc.jar;C:\Users\Felhasználó\Desktop\Alfa\Léleklovag - Barak Tibor (NS4DJ4)\lib\lwjgl-odbc-sources.jar;C:\Users\Felhasználó\Desktop\Alfa\Léleklovag - Barak Tibor (NS4DJ4)\lib\lwjgl-openal.jar;C:\Users\Felhasználó\Desktop\Alfa\Léleklovag - Barak Tibor (NS4DJ4)\lib\lwjgl-openal-javadoc.jar;C:\Users\Felhasználó\Desktop\Alfa\Léleklovag - Barak Tibor (NS4DJ4)\lib\lwjgl-openal-natives-windows.jar;C:\Users\Felhasználó\Desktop\Alfa\Léleklovag - Barak Tibor (NS4DJ4)\lib\lwjgl-openal-sources.jar;C:\Users\Felhasználó\Desktop\Alfa\Léleklovag - Barak Tibor (NS4DJ4)\lib\lwjgl-opencl.jar;C:\Users\Felhasználó\Desktop\Alfa\Léleklovag - Barak Tibor (NS4DJ4)\lib\lwjgl-opencl-javadoc.jar;C:\Users\Felhasználó\Desktop\Alfa\Léleklovag - Barak Tibor (NS4DJ4)\lib\lwjgl-opencl-sources.jar;C:\Users\Felhasználó\Desktop\Alfa\Léleklovag - Barak Tibor (NS4DJ4)\lib\lwjgl-opengl.jar;C:\Users\Felhasználó\Desktop\Alfa\Léleklovag - Barak Tibor (NS4DJ4)\lib\lwjgl-opengles.jar;C:\Users\Felhasználó\Desktop\Alfa\Léleklovag - Barak Tibor (NS4DJ4)\lib\lwjgl-opengles-javadoc.jar;C:\Users\Felhasználó\Desktop\Alfa\Léleklovag - Barak Tibor (NS4DJ4)\lib\lwjgl-opengles-natives-windows.jar;C:\Users\Felhasználó\Desktop\Alfa\Léleklovag - Barak Tibor (NS4DJ4)\lib\lwjgl-opengles-sources.jar;C:\Users\Felhasználó\Desktop\Alfa\Léleklovag - Barak Tibor (NS4DJ4)\lib\lwjgl-opengl-javadoc.jar;C:\Users\Felhasználó\Desktop\Alfa\Léleklovag - Barak Tibor (NS4DJ4)\lib\lwjgl-opengl-natives-windows.jar;C:\Users\Felhasználó\Desktop\Alfa\Léleklovag - Barak Tibor (NS4DJ4)\lib\lwjgl-opengl-sources.jar;C:\Users\Felhasználó\Desktop\Alfa\Léleklovag - Barak Tibor (NS4DJ4)\lib\lwjgl-openvr.jar;C:\Users\Felhasználó\Desktop\Alfa\Léleklovag - Barak Tibor (NS4DJ4)\lib\lwjgl-openvr-javadoc.jar;C:\Users\Felhasználó\Desktop\Alfa\Léleklovag - Barak Tibor (NS4DJ4)\lib\lwjgl-openvr-natives-windows.jar;C:\Users\Felhasználó\Desktop\Alfa\Léleklovag - Barak Tibor (NS4DJ4)\lib\lwjgl-openvr-sources.jar;C:\Users\Felhasználó\Desktop\Alfa\Léleklovag - Barak Tibor (NS4DJ4)\lib\lwjgl-openxr.jar;C:\Users\Felhasználó\Desktop\Alfa\Léleklovag - Barak Tibor (NS4DJ4)\lib\lwjgl-openxr-javadoc.jar;C:\Users\Felhasználó\Desktop\Alfa\Léleklovag - Barak Tibor (NS4DJ4)\lib\lwjgl-openxr-natives-windows.jar;C:\Users\Felhasználó\Desktop\Alfa\Léleklovag - Barak Tibor (NS4DJ4)\lib\lwjgl-openxr-sources.jar;C:\Users\Felhasználó\Desktop\Alfa\Léleklovag - Barak Tibor (NS4DJ4)\lib\lwjgl-opus.jar;C:\Users\Felhasználó\Desktop\Alfa\Léleklovag - Barak Tibor (NS4DJ4)\lib\lwjgl-opus-javadoc.jar;C:\Users\Felhasználó\Desktop\Alfa\Léleklovag - Barak Tibor (NS4DJ4)\lib\lwjgl-opus-natives-windows.jar;C:\Users\Felhasználó\Desktop\Alfa\Léleklovag - Barak Tibor (NS4DJ4)\lib\lwjgl-opus-sources.jar;C:\Users\Felhasználó\Desktop\Alfa\Léleklovag - Barak Tibor (NS4DJ4)\lib\lwjgl-ovr.jar;C:\Users\Felhasználó\Desktop\Alfa\Léleklovag - Barak Tibor (NS4DJ4)\lib\lwjgl-ovr-javadoc.jar;C:\Users\Felhasználó\Desktop\Alfa\Léleklovag - Barak Tibor (NS4DJ4)\lib\lwjgl-ovr-natives-windows.jar;C:\Users\Felhasználó\Desktop\Alfa\Léleklovag - Barak Tibor (NS4DJ4)\lib\lwjgl-ovr-sources.jar;C:\Users\Felhasználó\Desktop\Alfa\Léleklovag - Barak Tibor (NS4DJ4)\lib\lwjgl-par.jar;C:\Users\Felhasználó\Desktop\Alfa\Léleklovag - Barak Tibor (NS4DJ4)\lib\lwjgl-par-javadoc.jar;C:\Users\Felhasználó\Desktop\Alfa\Léleklovag - Barak Tibor (NS4DJ4)\lib\lwjgl-par-natives-windows.jar;C:\Users\Felhasználó\Desktop\Alfa\Léleklovag - Barak Tibor (NS4DJ4)\lib\lwjgl-par-sources.jar;C:\Users\Felhasználó\Desktop\Alfa\Léleklovag - Barak Tibor (NS4DJ4)\lib\lwjgl-remotery.jar;C:\Users\Felhasználó\Desktop\Alfa\Léleklovag - Barak Tibor (NS4DJ4)\lib\lwjgl-remotery-javadoc.jar;C:\Users\Felhasználó\Desktop\Alfa\Léleklovag - Barak Tibor (NS4DJ4)\lib\lwjgl-remotery-natives-windows.jar;C:\Users\Felhasználó\Desktop\Alfa\Léleklovag - Barak Tibor (NS4DJ4)\lib\lwjgl-remotery-sources.jar;C:\Users\Felhasználó\Desktop\Alfa\Léleklovag - Barak Tibor (NS4DJ4)\lib\lwjgl-rpmalloc.jar;C:\Users\Felhasználó\Desktop\Alfa\Léleklovag - Barak Tibor (NS4DJ4)\lib\lwjgl-rpmalloc-javadoc.jar;C:\Users\Felhasználó\Desktop\Alfa\Léleklovag - Barak Tibor (NS4DJ4)\lib\lwjgl-rpmalloc-natives-windows.jar;C:\Users\Felhasználó\Desktop\Alfa\Léleklovag - Barak Tibor (NS4DJ4)\lib\lwjgl-rpmalloc-sources.jar;C:\Users\Felhasználó\Desktop\Alfa\Léleklovag - Barak Tibor (NS4DJ4)\lib\lwjgl-shaderc.jar;C:\Users\Felhasználó\Desktop\Alfa\Léleklovag - Barak Tibor (NS4DJ4)\lib\lwjgl-shaderc-javadoc.jar;C:\Users\Felhasználó\Desktop\Alfa\Léleklovag - Barak Tibor (NS4DJ4)\lib\lwjgl-shaderc-natives-windows.jar;C:\Users\Felhasználó\Desktop\Alfa\Léleklovag - Barak Tibor (NS4DJ4)\lib\lwjgl-shaderc-sources.jar;C:\Users\Felhasználó\Desktop\Alfa\Léleklovag - Barak Tibor (NS4DJ4)\lib\lwjgl-sources.jar;C:\Users\Felhasználó\Desktop\Alfa\Léleklovag - Barak Tibor (NS4DJ4)\lib\lwjgl-spvc.jar;C:\Users\Felhasználó\Desktop\Alfa\Léleklovag - Barak Tibor (NS4DJ4)\lib\lwjgl-spvc-javadoc.jar;C:\Users\Felhasználó\Desktop\Alfa\Léleklovag - Barak Tibor (NS4DJ4)\lib\lwjgl-spvc-natives-windows.jar;C:\Users\Felhasználó\Desktop\Alfa\Léleklovag - Barak Tibor (NS4DJ4)\lib\lwjgl-spvc-sources.jar;C:\Users\Felhasználó\Desktop\Alfa\Léleklovag - Barak Tibor (NS4DJ4)\lib\lwjgl-sse.jar;C:\Users\Felhasználó\Desktop\Alfa\Léleklovag - Barak Tibor (NS4DJ4)\lib\lwjgl-sse-javadoc.jar;C:\Users\Felhasználó\Desktop\Alfa\Léleklovag - Barak Tibor (NS4DJ4)\lib\lwjgl-sse-natives-windows.jar;C:\Users\Felhasználó\Desktop\Alfa\Léleklovag - Barak Tibor (NS4DJ4)\lib\lwjgl-sse-sources.jar;C:\Users\Felhasználó\Desktop\Alfa\Léleklovag - Barak Tibor (NS4DJ4)\lib\lwjgl-stb.jar;C:\Users\Felhasználó\Desktop\Alfa\Léleklovag - Barak Tibor (NS4DJ4)\lib\lwjgl-stb-javadoc.jar;C:\Users\Felhasználó\Desktop\Alfa\Léleklovag - Barak Tibor (NS4DJ4)\lib\lwjgl-stb-natives-windows.jar;C:\Users\Felhasználó\Desktop\Alfa\Léleklovag - Barak Tibor (NS4DJ4)\lib\lwjgl-stb-sources.jar;C:\Users\Felhasználó\Desktop\Alfa\Léleklovag - Barak Tibor (NS4DJ4)\lib\lwjgl-tinyexr.jar;C:\Users\Felhasználó\Desktop\Alfa\Léleklovag - Barak Tibor (NS4DJ4)\lib\lwjgl-tinyexr-javadoc.jar;C:\Users\Felhasználó\Desktop\Alfa\Léleklovag - Barak Tibor (NS4DJ4)\lib\lwjgl-tinyexr-natives-windows.jar;C:\Users\Felhasználó\Desktop\Alfa\Léleklovag - Barak Tibor (NS4DJ4)\lib\lwjgl-tinyexr-sources.jar;C:\Users\Felhasználó\Desktop\Alfa\Léleklovag - Barak Tibor (NS4DJ4)\lib\lwjgl-tinyfd.jar;C:\Users\Felhasználó\Desktop\Alfa\Léleklovag - Barak Tibor (NS4DJ4)\lib\lwjgl-tinyfd-javadoc.jar;C:\Users\Felhasználó\Desktop\Alfa\Léleklovag - Barak Tibor (NS4DJ4)\lib\lwjgl-tinyfd-natives-windows.jar;C:\Users\Felhasználó\Desktop\Alfa\Léleklovag - Barak Tibor (NS4DJ4)\lib\lwjgl-tinyfd-sources.jar;C:\Users\Felhasználó\Desktop\Alfa\Léleklovag - Barak Tibor (NS4DJ4)\lib\lwjgl-tootle.jar;C:\Users\Felhasználó\Desktop\Alfa\Léleklovag - Barak Tibor (NS4DJ4)\lib\lwjgl-tootle-javadoc.jar;C:\Users\Felhasználó\Desktop\Alfa\Léleklovag - Barak Tibor (NS4DJ4)\lib\lwjgl-tootle-natives-windows.jar;C:\Users\Felhasználó\Desktop\Alfa\Léleklovag - Barak Tibor (NS4DJ4)\lib\lwjgl-tootle-sources.jar;C:\Users\Felhasználó\Desktop\Alfa\Léleklovag - Barak Tibor (NS4DJ4)\lib\lwjgl-vma.jar;C:\Users\Felhasználó\Desktop\Alfa\Léleklovag - Barak Tibor (NS4DJ4)\lib\lwjgl-vma-javadoc.jar;C:\Users\Felhasználó\Desktop\Alfa\Léleklovag - Barak Tibor (NS4DJ4)\lib\lwjgl-vma-natives-windows.jar;C:\Users\Felhasználó\Desktop\Alfa\Léleklovag - Barak Tibor (NS4DJ4)\lib\lwjgl-vma-sources.jar;C:\Users\Felhasználó\Desktop\Alfa\Léleklovag - Barak Tibor (NS4DJ4)\lib\lwjgl-vulkan.jar;C:\Users\Felhasználó\Desktop\Alfa\Léleklovag - Barak Tibor (NS4DJ4)\lib\lwjgl-vulkan-javadoc.jar;C:\Users\Felhasználó\Desktop\Alfa\Léleklovag - Barak Tibor (NS4DJ4)\lib\lwjgl-vulkan-sources.jar;C:\Users\Felhasználó\Desktop\Alfa\Léleklovag - Barak Tibor (NS4DJ4)\lib\lwjgl-xxhash.jar;C:\Users\Felhasználó\Desktop\Alfa\Léleklovag - Barak Tibor (NS4DJ4)\lib\lwjgl-xxhash-javadoc.jar;C:\Users\Felhasználó\Desktop\Alfa\Léleklovag - Barak Tibor (NS4DJ4)\lib\lwjgl-xxhash-natives-windows.jar;C:\Users\Felhasználó\Desktop\Alfa\Léleklovag - Barak Tibor (NS4DJ4)\lib\lwjgl-xxhash-sources.jar;C:\Users\Felhasználó\Desktop\Alfa\Léleklovag - Barak Tibor (NS4DJ4)\lib\lwjgl-yoga.jar;C:\Users\Felhasználó\Desktop\Alfa\Léleklovag - Barak Tibor (NS4DJ4)\lib\lwjgl-yoga-javadoc.jar;C:\Users\Felhasználó\Desktop\Alfa\Léleklovag - Barak Tibor (NS4DJ4)\lib\lwjgl-yoga-natives-windows.jar;C:\Users\Felhasználó\Desktop\Alfa\Léleklovag - Barak Tibor (NS4DJ4)\lib\lwjgl-yoga-sources.jar;C:\Users\Felhasználó\Desktop\Alfa\Léleklovag - Barak Tibor (NS4DJ4)\lib\lwjgl-zstd.jar;C:\Users\Felhasználó\Desktop\Alfa\Léleklovag - Barak Tibor (NS4DJ4)\lib\lwjgl-zstd-javadoc.jar;C:\Users\Felhasználó\Desktop\Alfa\Léleklovag - Barak Tibor (NS4DJ4)\lib\lwjgl-zstd-natives-windows.jar;C:\Users\Felhasználó\Desktop\Alfa\Léleklovag - Barak Tibor (NS4DJ4)\lib\lwjgl-zstd-sources.jar
Launcher Type: SUN_STANDARD

[Global flags]
     intx CICompilerCount                          = 4                                         {product} {ergonomic}
     uint ConcGCThreads                            = 2                                         {product} {ergonomic}
     uint G1ConcRefinementThreads                  = 8                                         {product} {ergonomic}
   size_t G1HeapRegionSize                         = 1048576                                   {product} {ergonomic}
    uintx GCDrainStackTargetSize                   = 64                                        {product} {ergonomic}
   size_t InitialHeapSize                          = 132120576                                 {product} {ergonomic}
   size_t MarkStackSize                            = 4194304                                   {product} {ergonomic}
   size_t MaxHeapSize                              = 2111832064                                {product} {ergonomic}
   size_t MaxNewSize                               = 1266679808                                {product} {ergonomic}
   size_t MinHeapDeltaBytes                        = 1048576                                   {product} {ergonomic}
   size_t MinHeapSize                              = 8388608                                   {product} {ergonomic}
    uintx NonNMethodCodeHeapSize                   = 5839372                                {pd product} {ergonomic}
    uintx NonProfiledCodeHeapSize                  = 122909434                              {pd product} {ergonomic}
    uintx ProfiledCodeHeapSize                     = 122909434                              {pd product} {ergonomic}
    uintx ReservedCodeCacheSize                    = 251658240                              {pd product} {ergonomic}
     bool SegmentedCodeCache                       = true                                      {product} {ergonomic}
     bool ShowCodeDetailsInExceptionMessages       = true                                   {manageable} {command line}
   size_t SoftMaxHeapSize                          = 2111832064                             {manageable} {ergonomic}
     bool UseCompressedOops                        = true                           {product lp64_product} {ergonomic}
     bool UseG1GC                                  = true                                      {product} {ergonomic}
     bool UseLargePagesIndividualAllocation        = false                                  {pd product} {ergonomic}

Logging:
Log output configuration:
 #0: stdout all=warning uptime,level,tags foldmultilines=false
 #1: stderr all=off uptime,level,tags foldmultilines=false

Release file:
JAVA_VERSION="21.0.10" 
MODULES="java.base java.compiler java.datatransfer java.xml java.prefs java.desktop java.instrument java.logging java.management java.security.sasl java.naming java.rmi java.management.rmi java.net.http java.scripting java.security.jgss java.transaction.xa java.sql java.sql.rowset java.xml.crypto java.se java.smartcardio jdk.accessibility jdk.internal.jvmstat jdk.attach jdk.charsets jdk.internal.opt jdk.zipfs jdk.compiler jdk.crypto.ec jdk.crypto.cryptoki jdk.crypto.mscapi jdk.dynalink jdk.internal.ed jdk.editpad jdk.hotspot.agent jdk.httpserver jdk.internal.le jdk.internal.vm.ci jdk.internal.vm.compiler jdk.internal.vm.compiler.management jdk.jartool jdk.javadoc jdk.jcmd jdk.management jdk.management.agent jdk.jconsole jdk.jdeps jdk.jdwp.agent jdk.jdi jdk.jfr jdk.jshell jdk.jsobject jdk.jstatd jdk.localedata jdk.management.jfr jdk.naming.dns jdk.naming.rmi jdk.net jdk.nio.mapmode jdk.random jdk.sctp jdk.security.auth jdk.security.jgss jdk.unsupported jdk.unsupported.desktop jdk.xml.dom" 

Environment Variables:
JAVA_HOME=C:\Program Files\Java\jdk-17.0.2\
PATH=C:/Users/Felhasználó/.p2/pool/plugins/org.eclipse.justj.openjdk.hotspot.jre.full.win32.x86_64_21.0.10.v20260205-0638/jre/bin/server;C:/Users/Felhasználó/.p2/pool/plugins/org.eclipse.justj.openjdk.hotspot.jre.full.win32.x86_64_21.0.10.v20260205-0638/jre/bin;C:\Program Files (x86)\NVIDIA Corporation\PhysX\Common;C:\Program Files\Common Files\Oracle\Java\javapath;C:\Program Files (x86)\Common Files\Oracle\Java\javapath;C:\WINDOWS\system32;C:\WINDOWS;C:\WINDOWS\System32\Wbem;C:\WINDOWS\System32\WindowsPowerShell\v1.0\;C:\ProgramData\chocolatey\bin;C:\Program Files\PuTTY\;C:\Program Files\Java\jdk-17.0.2\bin;C:\Program Files\dotnet\;C:\Program Files\Git\cmd;C:\Program Files\nodejs\;C:\Program Files\Docker\Docker\resources\bin;C:\Program Files (x86)\NVIDIA Corporation\PhysX\Common;C:\Program Files\Common Files\Oracle\Java\javapath;C:\Program Files (x86)\Common Files\Oracle\Java\javapath;C:\WINDOWS\system32;C:\WINDOWS;C:\WINDOWS\System32\Wbem;C:\WINDOWS\System32\WindowsPowerShell\v1.0\;C:\ProgramData\chocolatey\bin;C:\Program Files\PuTTY\;C:\Program Files\Java\jdk-17.0.2\bin;C:\Program Files\dotnet\;C:\Program Files\Go\bin;C:\Program Files\Git\cmd;C:\Users\Felhasználó\AppData\Local\Programs\Python\Python39\Scripts\;C:\Users\Felhasználó\AppData\Local\Programs\Python\Python39\;C:\Users\Felhasználó\AppData\Local\Microsoft\WindowsApps;C:\Users\Felhasználó\AppData\Roaming\cabal\bin;C:\tools\ghc-9.0.1\bin;C:\tools\msys64;C:\Users\Felhasználó\AppData\Local\Programs\Microsoft VS Code\bin;C:\Program Files\JetBrains\IntelliJ IDEA 2023.1.3\bin;C:\Program Files\JetBrains\CLion 2022.3.3\bin;C:\Users\Felhasználó\go\bin;C:\Users\Felhasználó\AppData\Local\ComposerSetup\bin;C:\Users\Felhasználó\AppData\R;C:\PHP;C:\Program Files\nodejs;C:\Users\Felhasználó\AppData\Roaming\npm;C:\Users\Felhasználó\Desktop;
USERNAME=Felhasználó
OS=Windows_NT
PROCESSOR_IDENTIFIER=Intel64 Family 6 Model 142 Stepping 12, GenuineIntel
TMP=C:\Users\FELHAS~1\AppData\Local\Temp
TEMP=C:\Users\FELHAS~1\AppData\Local\Temp




Periodic native trim disabled

---------------  S Y S T E M  ---------------

OS:
 Windows 10 , 64 bit Build 19041 (10.0.19041.5915)
OS uptime: 37 days 21:45 hours
Hyper-V role detected

CPU: total 8 (initial active 8) (4 cores per cpu, 2 threads per core) family 6 model 142 stepping 12 microcode 0xf8, cx8, cmov, fxsr, ht, mmx, 3dnowpref, sse, sse2, sse3, ssse3, sse4.1, sse4.2, popcnt, lzcnt, tsc, tscinvbit, avx, avx2, aes, erms, clmul, bmi1, bmi2, adx, fma, vzeroupper, clflush, clflushopt, hv, rdtscp, f16c
Processor Information for the first 8 processors :
  Max Mhz: 1800, Current Mhz: 1600, Mhz Limit: 1584

Memory: 4k page, system-wide physical 8052M (593M free)
TotalPageFile size 21616M (AvailPageFile size 5801M)
current process WorkingSet (physical memory assigned to process): 492M, peak: 665M
current process commit charge ("private bytes"): 678M, peak: 776M

vm_info: OpenJDK 64-Bit Server VM (21.0.10+7-LTS) for windows-amd64 JRE (21.0.10+7-LTS), built on 2026-01-20T00:00:00Z by "admin" with MS VC++ 17.12 (VS2022)

END.
