#
# A fatal error has been detected by the Java Runtime Environment:
#
#  EXCEPTION_ACCESS_VIOLATION (0xc0000005) at pc=0x00007fff3bc7b140, pid=20328, tid=14884
#
# JRE version: Java(TM) SE Runtime Environment (18.0.2.1+1) (build 18.0.2.1+1-1)
# Java VM: Java HotSpot(TM) 64-Bit Server VM (18.0.2.1+1-1, mixed mode, sharing, tiered, compressed oops, compressed class ptrs, g1 gc, windows-amd64)
# Problematic frame:
# V  [jvm.dll+0x1cb140]
#
# No core dump will be written. Minidumps are not enabled by default on client versions of Windows
#
# If you would like to submit a bug report, please visit:
#   https://bugreport.java.com/bugreport/crash.jsp
#

---------------  S U M M A R Y ------------

Command Line: -javaagent:C:\Program Files\JetBrains\IntelliJ IDEA 2024.3.2.1\lib\idea_rt.jar=50267:C:\Program Files\JetBrains\IntelliJ IDEA 2024.3.2.1\bin -Dfile.encoding=UTF-8 -Dsun.stdout.encoding=UTF-8 -Dsun.stderr.encoding=UTF-8 core.GameManager

Host: Intel(R) Core(TM) i5-8265U CPU @ 1.60GHz, 8 cores, 7G,  Windows 10 , 64 bit Build 19041 (10.0.19041.5915)
Time: Fri Nov  7 10:36:07 2025 Közép-európai téli idBuild 19041 (10.0.19041.5915) elapsed time: 882.886381 seconds (0d 0h 14m 42s)

---------------  T H R E A D  ---------------

Current thread (0x000001dd9d2c4b10):  JavaThread "main" [_thread_in_vm, id=14884, stack(0x000000296e300000,0x000000296e400000)]

Stack: [0x000000296e300000,0x000000296e400000],  sp=0x000000296e3fe2c0,  free space=1016k
Native frames: (J=compiled Java code, j=interpreted, Vv=VM code, C=native code)
V  [jvm.dll+0x1cb140]
V  [jvm.dll+0x42a8d5]
V  [jvm.dll+0x40c908]
C  0x000001dda63fd621

Java frames: (J=compiled Java code, j=interpreted, Vv=VM code)
j  org.lwjgl.system.jni.JNINativeInterface.nDeleteGlobalRef(J)V+0
j  org.lwjgl.system.jni.JNINativeInterface.DeleteGlobalRef(J)V+12
j  org.lwjgl.system.Callback.free(J)V+25
j  org.lwjgl.system.Callback.free()V+4
j  core.MultiplayerScreen.cleanup()V+19
j  core.Lobby.handleMultiplayer()V+136
j  core.Lobby.executeSelectedMenuAction()V+74
j  core.Lobby.handleMainMenuKeyPress(I)V+97
j  core.Lobby.handleKeyPress(I)V+17
j  core.Lobby$1.invoke(JIIII)V+11
j  org.lwjgl.glfw.GLFWKeyCallbackI.callback(JJ)V+62
v  ~StubRoutines::call_stub
J 1784  org.lwjgl.system.JNI.invokeV(J)V (0 bytes) @ 0x000001ddadf4d369 [0x000001ddadf4d320+0x0000000000000049]
J 1791 c1 org.lwjgl.glfw.GLFW.glfwPollEvents()V (9 bytes) @ 0x000001dda6c7437c [0x000001dda6c74320+0x000000000000005c]
j  core.Lobby.loop()V+89
j  core.Lobby.run()V+5
j  core.GameManager.main([Ljava/lang/String;)V+13
v  ~StubRoutines::call_stub

siginfo: EXCEPTION_ACCESS_VIOLATION (0xc0000005), reading address 0x0000000000000040


Register to memory mapping:

RIP=0x00007fff3bc7b140 jvm.dll
RAX=0x0 is NULL
RBX=0x0000000000000040 is an unknown value
RCX=0x0000000000000040 is an unknown value
RDX=0x0 is NULL
RSP=0x000000296e3fe2c0 is pointing into the stack for thread: 0x000001dd9d2c4b10
RBP=0x000000296e3fe3d0 is pointing into the stack for thread: 0x000001dd9d2c4b10
RSI=0x0000000000000040 is an unknown value
RDI=0x0 is NULL
R8 =0x0000000000000040 is an unknown value
R9 =0x00000000823b8d28 is an oop: java.lang.Class 
{0x00000000823b8d28} - klass: 'java/lang/Class'
 - ---- fields (total size 15 words):
 - private volatile transient 'classRedefinedCount' 'I' @12  0
 - abstract internal 'klass' 'J' @16  34372381128 (c0e9c8 8)
 - abstract internal 'array_klass' 'J' @24  0 (0 0)
 - abstract internal 'oop_size' 'I' @32  15 (f)
 - abstract internal 'static_oop_field_count' 'I' @36  0
 - private volatile transient 'cachedConstructor' 'Ljava/lang/reflect/Constructor;' @40  NULL (0)
 - private transient 'name' 'Ljava/lang/String;' @44  "org.lwjgl.system.Checks"{0x00000000823b8da0} (823b8da0)
 - private transient 'module' 'Ljava/lang/Module;' @48  a 'java/lang/Module'{0x0000000082635308} (82635308)
 - private final 'classLoader' 'Ljava/lang/ClassLoader;' @52  a 'jdk/internal/loader/ClassLoaders$AppClassLoader'{0x000000008262a7c0} (8262a7c0)
 - private transient 'classData' 'Ljava/lang/Object;' @56  NULL (0)
 - private transient 'packageName' 'Ljava/lang/String;' @60  "org.lwjgl.system"{0x0000000082635340} (82635340)
 - private final 'componentType' 'Ljava/lang/Class;' @64  NULL (0)
 - private volatile transient 'reflectionData' 'Ljava/lang/ref/SoftReference;' @68  NULL (0)
 - private volatile transient 'genericInfo' 'Lsun/reflect/generics/repository/ClassRepository;' @72  NULL (0)
 - private volatile transient 'enumConstants' '[Ljava/lang/Object;' @76  NULL (0)
 - private volatile transient 'enumConstantDirectory' 'Ljava/util/Map;' @80  NULL (0)
 - private volatile transient 'annotationData' 'Ljava/lang/Class$AnnotationData;' @84  NULL (0)
 - private volatile transient 'annotationType' 'Lsun/reflect/annotation/AnnotationType;' @88  NULL (0)
 - transient 'classValueMap' 'Ljava/lang/ClassValue$ClassValueMap;' @92  NULL (0)
 - abstract internal 'protection_domain' 'Ljava/lang/Object;' @96  a 'java/security/ProtectionDomain'{0x0000000082635378} (82635378)
 - abstract internal 'signers_name' 'Ljava/lang/Object;' @100  NULL (0)
 - abstract internal 'source_file' 'Ljava/lang/Object;' @104  NULL (0)
 - signature: Lorg/lwjgl/system/Checks;
 - ---- static fields (0):
 - public static final 'CHECKS' 'Z' @112  true
 - public static final 'DEBUG' 'Z' @113  false
 - public static final 'DEBUG_FUNCTIONS' 'Z' @114  false
R10=0x000001dda63fd5f2 is at code_begin+946 in an Interpreter codelet
method entry point (kind = native)  [0x000001dda63fd240, 0x000001dda63fdbc0]  2432 bytes
R11=0x000000008238c590 is an oop: java.lang.Class 
{0x000000008238c590} - klass: 'java/lang/Class'
 - ---- fields (total size 27 words):
 - private volatile transient 'classRedefinedCount' 'I' @12  0
 - abstract internal 'klass' 'J' @16  34372420104 (c18208 8)
 - abstract internal 'array_klass' 'J' @24  0 (0 0)
 - abstract internal 'oop_size' 'I' @32  27 (1b)
 - abstract internal 'static_oop_field_count' 'I' @36  0
 - private volatile transient 'cachedConstructor' 'Ljava/lang/reflect/Constructor;' @40  NULL (0)
 - private transient 'name' 'Ljava/lang/String;' @44  "org.lwjgl.system.jni.JNINativeInterface"{0x000000008238c668} (8238c668)
 - private transient 'module' 'Ljava/lang/Module;' @48  a 'java/lang/Module'{0x0000000082635308} (82635308)
 - private final 'classLoader' 'Ljava/lang/ClassLoader;' @52  a 'jdk/internal/loader/ClassLoaders$AppClassLoader'{0x000000008262a7c0} (8262a7c0)
 - private transient 'classData' 'Ljava/lang/Object;' @56  NULL (0)
 - private transient 'packageName' 'Ljava/lang/String;' @60  "org.lwjgl.system.jni"{0x000000008238c6b8} (8238c6b8)
 - private final 'componentType' 'Ljava/lang/Class;' @64  NULL (0)
 - private volatile transient 'reflectionData' 'Ljava/lang/ref/SoftReference;' @68  NULL (0)
 - private volatile transient 'genericInfo' 'Lsun/reflect/generics/repository/ClassRepository;' @72  NULL (0)
 - private volatile transient 'enumConstants' '[Ljava/lang/Object;' @76  NULL (0)
 - private volatile transient 'enumConstantDirectory' 'Ljava/util/Map;' @80  NULL (0)
 - private volatile transient 'annotationData' 'Ljava/lang/Class$AnnotationData;' @84  NULL (0)
 - private volatile transient 'annotationType' 'Lsun/reflect/annotation/AnnotationType;' @88  NULL (0)
 - transient 'classValueMap' 'Ljava/lang/ClassValue$ClassValueMap;' @92  NULL (0)
 - abstract internal 'protection_domain' 'Ljava/lang/Object;' @96  a 'java/security/ProtectionDomain'{0x0000000082635378} (82635378)
 - abstract internal 'signers_name' 'Ljava/lang/Object;' @100  NULL (0)
 - abstract internal 'source_file' 'Ljava/lang/Object;' @104  NULL (0)
 - signature: Lorg/lwjgl/system/jni/JNINativeInterface;
 - ---- static fields (0):
 - public static final 'JNI_VERSION_1_1' 'I' @112  65537 (10001)
 - public static final 'JNI_VERSION_1_2' 'I' @116  65538 (10002)
 - public static final 'JNI_VERSION_1_4' 'I' @120  65540 (10004)
 - public static final 'JNI_VERSION_1_6' 'I' @124  65542 (10006)
 - public static final 'JNI_VERSION_1_8' 'I' @128  65544 (10008)
 - public static final 'JNI_VERSION_9' 'I' @132  589824 (90000)
 - public static final 'JNI_VERSION_10' 'I' @136  655360 (a0000)
 - public static final 'JNI_VERSION_19' 'I' @140  1245184 (130000)
 - public static final 'JNI_VERSION_20' 'I' @144  1310720 (140000)
 - public static final 'JNI_VERSION_21' 'I' @148  1376256 (150000)
 - public static final 'JNI_VERSION_24' 'I' @152  1572864 (180000)
 - public static final 'JNIInvalidRefType' 'I' @156  0
 - public static final 'JNILocalRefType' 'I' @160  1
 - public static final 'JNIGlobalRefType' 'I' @164  2
 - public static final 'JNIWeakGlobalRefType' 'I' @168  3
 - public static final 'JNI_FALSE' 'I' @172  0
 - public static final 'JNI_TRUE' 'I' @176  1
 - public static final 'JNI_OK' 'I' @180  0
 - public static final 'JNI_ERR' 'I' @184  -1 (ffffffff)
 - public static final 'JNI_EDETACHED' 'I' @188  -2 (fffffffe)
 - public static final 'JNI_EVERSION' 'I' @192  -3 (fffffffd)
 - public static final 'JNI_ENOMEM' 'I' @196  -4 (fffffffc)
 - public static final 'JNI_EEXIST' 'I' @200  -5 (fffffffb)
 - public static final 'JNI_EINVAL' 'I' @204  -6 (fffffffa)
 - public static final 'JNI_COMMIT' 'I' @208  1
 - public static final 'JNI_ABORT' 'I' @212  2
R12=0x0 is NULL
R13={method} {0x000001ddbdcc19a8} 'nDeleteGlobalRef' '(J)V' in 'org/lwjgl/system/jni/JNINativeInterface'
R14=0x000000296e3fe3f8 is pointing into the stack for thread: 0x000001dd9d2c4b10
R15=0x000001dd9d2c4b10 is a thread


Registers:
RAX=0x0000000000000000, RBX=0x0000000000000040, RCX=0x0000000000000040, RDX=0x0000000000000000
RSP=0x000000296e3fe2c0, RBP=0x000000296e3fe3d0, RSI=0x0000000000000040, RDI=0x0000000000000000
R8 =0x0000000000000040, R9 =0x00000000823b8d28, R10=0x000001dda63fd5f2, R11=0x000000008238c590
R12=0x0000000000000000, R13=0x000001ddbdcc19a0, R14=0x000000296e3fe3f8, R15=0x000001dd9d2c4b10
RIP=0x00007fff3bc7b140, EFLAGS=0x0000000000010206

Top of Stack: (sp=0x000000296e3fe2c0)
0x000000296e3fe2c0:   0000000000000000 0000000082406df8
0x000000296e3fe2d0:   000001ddbdd24b68 0000000000000000
0x000000296e3fe2e0:   0000000000000040 00007fff3beda8d5
0x000000296e3fe2f0:   0000000000000040 0000000000000000
0x000000296e3fe300:   000001ddbd7f0050 0000000000000000
0x000000296e3fe310:   000001dd9d2c4b10 00007fff3bebc908
0x000000296e3fe320:   000000296e3fe320 000001ddbdd2527e
0x000000296e3fe330:   000000296e3fe380 000001ddbdd22918
0x000000296e3fe340:   0000000000000000 000001dda63fd621
0x000000296e3fe350:   000001ddbdcc19a0 0000000000000000
0x000000296e3fe360:   000000296e3fe378 000000296e3fe3d0
0x000000296e3fe370:   000000296e3fe3e8 000001dda63f95cd
0x000000296e3fe380:   0000000000000000 000000296e3fe388
0x000000296e3fe390:   0000000000000000 000000296e3fe3f8
0x000000296e3fe3a0:   000001ddbdcc5f10 0000000000000000
0x000000296e3fe3b0:   000000008238c590 000001ddbdcc19a0 

Instructions: (pc=0x00007fff3bc7b140)
0x00007fff3bc7b040:   cf e8 fa 01 00 00 48 85 c0 75 51 4c 8b cd 48 8d
0x00007fff3bc7b050:   8c 24 90 00 00 00 4c 8b c7 48 8b d6 e8 bf f8 ff
0x00007fff3bc7b060:   ff 48 8b 84 24 90 00 00 00 48 8b fb 48 85 c0 74
0x00007fff3bc7b070:   03 48 8b 38 48 8b 0d 35 a1 95 00 48 85 c9 75 05
0x00007fff3bc7b080:   48 8b c3 eb 06 ff 15 35 72 8e 00 45 33 c9 4c 8b
0x00007fff3bc7b090:   c7 41 8b d7 48 8b c8 e8 74 22 4b 00 41 8b cf e8
0x00007fff3bc7b0a0:   9c 01 00 00 48 8b f8 48 85 c0 74 34 48 8b 8d 20
0x00007fff3bc7b0b0:   02 00 00 48 8b 59 18 48 8b 41 20 48 2b c3 48 83
0x00007fff3bc7b0c0:   f8 08 72 0a 48 8d 43 08 48 89 41 18 eb 0f 45 33
0x00007fff3bc7b0d0:   c0 41 8d 50 08 e8 86 de ee ff 48 8b d8 48 89 3b
0x00007fff3bc7b0e0:   49 89 1e 48 8b 7c 24 60 49 8b c6 4c 8b 64 24 58
0x00007fff3bc7b0f0:   48 8b ac 24 98 00 00 00 4c 8b 7c 24 50 48 83 c4
0x00007fff3bc7b100:   68 41 5e 41 5d 5e 5b c3 49 8b c6 48 83 c4 68 41
0x00007fff3bc7b110:   5e 41 5d 5e 5b c3 cc cc cc cc cc cc cc cc cc cc
0x00007fff3bc7b120:   48 89 11 c3 cc cc cc cc cc cc cc cc cc cc cc cc
0x00007fff3bc7b130:   48 89 5c 24 08 57 48 83 ec 20 48 8b d9 48 8b fa
0x00007fff3bc7b140:   48 8b 09 48 85 c9 74 05 e8 d3 03 12 00 48 89 3b
0x00007fff3bc7b150:   48 8b 5c 24 30 48 83 c4 20 5f c3 cc cc cc cc cc
0x00007fff3bc7b160:   40 53 48 83 ec 20 48 63 d9 48 8b 0d 50 a0 95 00
0x00007fff3bc7b170:   48 85 c9 75 05 45 33 c0 eb 09 ff 15 40 71 8e 00
0x00007fff3bc7b180:   4c 8b c0 80 3d 9e 89 96 00 00 ba 18 00 00 00 8d
0x00007fff3bc7b190:   42 f8 74 1d 80 3d 8e 89 96 00 00 49 8b c8 0f 45
0x00007fff3bc7b1a0:   d0 48 8d 14 9a 48 83 c4 20 5b 48 ff 25 c7 00 8f
0x00007fff3bc7b1b0:   00 80 3d 71 89 96 00 00 49 8b c8 48 0f 45 d0 48
0x00007fff3bc7b1c0:   8d 14 da 48 83 c4 20 5b 48 ff 25 a9 00 8f 00 cc
0x00007fff3bc7b1d0:   40 53 48 83 ec 20 48 63 d9 48 8b 0d d8 9f 95 00
0x00007fff3bc7b1e0:   48 85 c9 75 05 45 33 c0 eb 09 ff 15 d0 70 8e 00
0x00007fff3bc7b1f0:   4c 8b c0 80 3d 2e 89 96 00 00 ba 18 00 00 00 8d
0x00007fff3bc7b200:   42 f8 74 1d 80 3d 1e 89 96 00 00 49 8b c8 0f 45
0x00007fff3bc7b210:   d0 48 8d 14 9a 48 83 c4 20 5b 48 ff 25 57 00 8f
0x00007fff3bc7b220:   00 80 3d 01 89 96 00 00 49 8b c8 48 0f 45 d0 48
0x00007fff3bc7b230:   8d 14 da 48 83 c4 20 5b 48 ff 25 39 00 8f 00 cc 


Stack slot to memory mapping:
stack at sp + 0 slots: 0x0 is NULL
stack at sp + 1 slots: 0x0000000082406df8 is an oop: java.lang.Class 
{0x0000000082406df8} - klass: 'java/lang/Class'
 - ---- fields (total size 17 words):
 - private volatile transient 'classRedefinedCount' 'I' @12  0
 - abstract internal 'klass' 'J' @16  34372426592 (c19b60 8)
 - abstract internal 'array_klass' 'J' @24  0 (0 0)
 - abstract internal 'oop_size' 'I' @32  17 (11)
 - abstract internal 'static_oop_field_count' 'I' @36  0
 - private volatile transient 'cachedConstructor' 'Ljava/lang/reflect/Constructor;' @40  NULL (0)
 - private transient 'name' 'Ljava/lang/String;' @44  "org.lwjgl.system.libffi.FFIClosure"{0x0000000082406e80} (82406e80)
 - private transient 'module' 'Ljava/lang/Module;' @48  a 'java/lang/Module'{0x0000000082635308} (82635308)
 - private final 'classLoader' 'Ljava/lang/ClassLoader;' @52  a 'jdk/internal/loader/ClassLoaders$AppClassLoader'{0x000000008262a7c0} (8262a7c0)
 - private transient 'classData' 'Ljava/lang/Object;' @56  NULL (0)
 - private transient 'packageName' 'Ljava/lang/String;' @60  "org.lwjgl.system.libffi"{0x000000008238ae40} (8238ae40)
 - private final 'componentType' 'Ljava/lang/Class;' @64  NULL (0)
 - private volatile transient 'reflectionData' 'Ljava/lang/ref/SoftReference;' @68  NULL (0)
 - private volatile transient 'genericInfo' 'Lsun/reflect/generics/repository/ClassRepository;' @72  NULL (0)
 - private volatile transient 'enumConstants' '[Ljava/lang/Object;' @76  NULL (0)
 - private volatile transient 'enumConstantDirectory' 'Ljava/util/Map;' @80  NULL (0)
 - private volatile transient 'annotationData' 'Ljava/lang/Class$AnnotationData;' @84  NULL (0)
 - private volatile transient 'annotationType' 'Lsun/reflect/annotation/AnnotationType;' @88  NULL (0)
 - transient 'classValueMap' 'Ljava/lang/ClassValue$ClassValueMap;' @92  NULL (0)
 - abstract internal 'protection_domain' 'Ljava/lang/Object;' @96  a 'java/security/ProtectionDomain'{0x0000000082635378} (82635378)
 - abstract internal 'signers_name' 'Ljava/lang/Object;' @100  NULL (0)
 - abstract internal 'source_file' 'Ljava/lang/Object;' @104  NULL (0)
 - signature: Lorg/lwjgl/system/libffi/FFIClosure;
 - ---- static fields (0):
 - public static final 'SIZEOF' 'I' @112  56 (38)
 - public static final 'ALIGNOF' 'I' @116  8
 - public static final 'CIF' 'I' @120  32 (20)
 - public static final 'FUN' 'I' @124  40 (28)
 - public static final 'USER_DATA' 'I' @128  48 (30)
stack at sp + 2 slots: {method} {0x000001ddbdd24b70} '<init>' '(JLjava/nio/ByteBuffer;)V' in 'org/lwjgl/system/libffi/FFIClosure'
stack at sp + 3 slots: 0x0 is NULL
stack at sp + 4 slots: 0x0000000000000040 is an unknown value
stack at sp + 5 slots: 0x00007fff3beda8d5 jvm.dll
stack at sp + 6 slots: 0x0000000000000040 is an unknown value
stack at sp + 7 slots: 0x0 is NULL


Compiled method (n/a)  883044 1784     n 0       org.lwjgl.system.JNI::invokeV (native)
 total in heap  [0x000001ddadf4d190,0x000001ddadf4d540] = 944
 relocation     [0x000001ddadf4d2e8,0x000001ddadf4d318] = 48
 main code      [0x000001ddadf4d320,0x000001ddadf4d538] = 536
 oops           [0x000001ddadf4d538,0x000001ddadf4d540] = 8

[Constant Pool (empty)]

[MachCode]
[Entry Point]
  # {method} {0x000001ddbdce8ee0} 'invokeV' '(J)V' in 'org/lwjgl/system/JNI'
  # parm0:    rdx:rdx   = long
  #           [sp+0x70]  (sp of caller)
  0x000001ddadf4d320: 448b 5208 | 49bb 0000 | 0000 0800 | 0000 4d03 | d349 3bc2 | 0f84 0600 

  0x000001ddadf4d338: ;   {runtime_call ic_miss_stub}
  0x000001ddadf4d338: 0000 e941 | f74e f890 
[Verified Entry Point]
  0x000001ddadf4d340: 8984 2400 | 90ff ff55 | 488b ec48 | 83ec 604c 

  0x000001ddadf4d350: ;   {oop(a 'java/lang/Class'{0x0000000082833348} = 'org/lwjgl/system/JNI')}
  0x000001ddadf4d350: 8bc2 49be | 4833 8382 | 0000 0000 | 4c89 7424 | 504c 8d74 | 2450 498b | d6c5 f877 

  0x000001ddadf4d36c: ;   {internal_word}
  0x000001ddadf4d36c: 49ba 69d3 | f4ad dd01 | 0000 4d89 | 9778 0200 | 0049 89a7 | 7002 0000 

  0x000001ddadf4d384: ;   {external_word}
  0x000001ddadf4d384: 49ba 8d3c | 5e3c ff7f | 0000 4180 | 3a00 0f84 | 4e00 0000 

  0x000001ddadf4d398: ;   {metadata({method} {0x000001ddbdce8ee0} 'invokeV' '(J)V' in 'org/lwjgl/system/JNI')}
  0x000001ddadf4d398: 5241 5048 | bad8 8ece | bddd 0100 | 0049 8bcf | 4883 ec20 | f7c4 0f00 | 0000 0f84 | 1a00 0000 
  0x000001ddadf4d3b8: 4883 ec08 

  0x000001ddadf4d3bc: ;   {runtime_call}
  0x000001ddadf4d3bc: 49ba 70d4 | 1a3c ff7f | 0000 41ff | d248 83c4 | 08e9 0d00 

  0x000001ddadf4d3d0: ;   {runtime_call}
  0x000001ddadf4d3d0: 0000 49ba | 70d4 1a3c | ff7f 0000 | 41ff d248 | 83c4 2041 | 585a 498d | 8f90 0200 | 0041 c787 
  0x000001ddadf4d3f0: 3003 0000 | 0400 0000 

  0x000001ddadf4d3f8: ;   {runtime_call}
  0x000001ddadf4d3f8: 49ba b013 | e44b ff7f | 0000 41ff | d2c5 f877 | 41c7 8730 | 0300 0005 | 0000 00f0 | 8344 24c0 
  0x000001ddadf4d418: 0049 3baf | 3803 0000 | 0f87 1100 | 0000 4181 | bf20 0300 | 0000 0000 | 000f 8424 | 0000 00c5 
  0x000001ddadf4d438: f877 498b | cf4c 8be4 | 4883 ec20 | 4883 e4f0 

  0x000001ddadf4d448: ;   {runtime_call}
  0x000001ddadf4d448: 49ba 0016 | 253c ff7f | 0000 41ff | d249 8be4 | 4d33 e441 | c787 3003 | 0000 0800 | 0000 4181 
  0x000001ddadf4d468: bfa0 0300 | 0002 0000 | 000f 849b 

  0x000001ddadf4d474: ;   {external_word}
  0x000001ddadf4d474: 0000 0049 | ba8d 3c5e | 3cff 7f00 | 0041 803a | 000f 8448 

  0x000001ddadf4d488: ;   {metadata({method} {0x000001ddbdce8ee0} 'invokeV' '(J)V' in 'org/lwjgl/system/JNI')}
  0x000001ddadf4d488: 0000 0048 | bad8 8ece | bddd 0100 | 0049 8bcf | 4883 ec20 | f7c4 0f00 | 0000 0f84 | 1a00 0000 
  0x000001ddadf4d4a8: 4883 ec08 

  0x000001ddadf4d4ac: ;   {runtime_call}
  0x000001ddadf4d4ac: 49ba 70d4 | 1a3c ff7f | 0000 41ff | d248 83c4 | 08e9 0d00 

  0x000001ddadf4d4c0: ;   {runtime_call}
  0x000001ddadf4d4c0: 0000 49ba | 70d4 1a3c | ff7f 0000 | 41ff d248 | 83c4 2049 | c787 7002 | 0000 0000 | 0000 49c7 
  0x000001ddadf4d4e0: 8778 0200 | 0000 0000 | 00c5 f877 | 498b 8f00 | 0300 00c7 | 8100 0100 | 0000 0000 | 00c9 4981 
  0x000001ddadf4d500: 7f08 0000 | 0000 0f85 | 0100 0000 

  0x000001ddadf4d50c: ;   {runtime_call StubRoutines (1)}
  0x000001ddadf4d50c: c3e9 ee39 | 4af8 c5f8 | 774c 8be4 | 4883 ec20 | 4883 e4f0 

  0x000001ddadf4d520: ;   {runtime_call}
  0x000001ddadf4d520: 49ba 3004 | 1b3c ff7f | 0000 41ff | d249 8be4 | 4d33 e4e9 | 3fff ffff 
[/MachCode]


Compiled method (c1)  883064 1791       3       org.lwjgl.glfw.GLFW::glfwPollEvents (9 bytes)
 total in heap  [0x000001dda6c74190,0x000001dda6c744b8] = 808
 relocation     [0x000001dda6c742e8,0x000001dda6c74320] = 56
 main code      [0x000001dda6c74320,0x000001dda6c74400] = 224
 stub code      [0x000001dda6c74400,0x000001dda6c74448] = 72
 oops           [0x000001dda6c74448,0x000001dda6c74450] = 8
 metadata       [0x000001dda6c74450,0x000001dda6c74458] = 8
 scopes data    [0x000001dda6c74458,0x000001dda6c74470] = 24
 scopes pcs     [0x000001dda6c74470,0x000001dda6c744b0] = 64
 dependencies   [0x000001dda6c744b0,0x000001dda6c744b8] = 8

[Constant Pool (empty)]

[MachCode]
[Verified Entry Point]
  # {method} {0x000001ddbdc52bd0} 'glfwPollEvents' '()V' in 'org/lwjgl/glfw/GLFW'
  #           [sp+0x40]  (sp of caller)
  0x000001dda6c74320: e95b 817c | ffff ff55 | 4883 ec30 

  0x000001dda6c7432c: ;   {metadata(method data for {method} {0x000001ddbdc52bd0} 'glfwPollEvents' '()V' in 'org/lwjgl/glfw/GLFW')}
  0x000001dda6c7432c: 48ba a8fe | eebd dd01 | 0000 8bb2 | cc00 0000 | 83c6 0289 | b2cc 0000 | 0081 e6fe | 0700 0083 
  0x000001dda6c7434c: fe00 0f84 | 3b00 0000 

  0x000001dda6c74354: ;   {metadata(method data for {method} {0x000001ddbdc52bd0} 'glfwPollEvents' '()V' in 'org/lwjgl/glfw/GLFW')}
  0x000001dda6c74354: 48ba a8fe | eebd dd01 | 0000 4883 | 8210 0100 | 0001 48ba | e07c 023e | ff7f 0000 | 0f1f 8000 
  0x000001dda6c74374: ;   {static_call}
  0x000001dda6c74374: 0000 00e8 

  0x000001dda6c74378: ; ImmutableOopMap {}
                      ;*invokestatic invokeV {reexecute=0 rethrow=0 return_oop=0}
                      ; - org.lwjgl.glfw.GLFW::glfwPollEvents@5 (line 3484)
  0x000001dda6c74378: c48f 2d07 | 4883 c430 

  0x000001dda6c74380: ;   {poll_return}
  0x000001dda6c74380: 5d49 3ba7 | 3803 0000 | 0f87 1f00 

  0x000001dda6c7438c: ;   {metadata({method} {0x000001ddbdc52bd0} 'glfwPollEvents' '()V' in 'org/lwjgl/glfw/GLFW')}
  0x000001dda6c7438c: 0000 c349 | bac8 2bc5 | bddd 0100 | 004c 8954 | 2408 48c7 | 0424 ffff 

  0x000001dda6c743a4: ;   {runtime_call counter_overflow Runtime1 stub}
  0x000001dda6c743a4: ffff e855 

  0x000001dda6c743a8: ; ImmutableOopMap {}
                      ;*synchronization entry
                      ; - org.lwjgl.glfw.GLFW::glfwPollEvents@-1 (line 3483)
  0x000001dda6c743a8: 8887 ffeb 

  0x000001dda6c743ac: ;   {internal_word}
  0x000001dda6c743ac: a749 ba81 | 43c7 a6dd | 0100 004d | 8997 5003 

  0x000001dda6c743bc: ;   {runtime_call SafepointBlob}
  0x000001dda6c743bc: 0000 e93d | f07c ff90 | 9049 8b87 | c803 0000 | 49c7 87c8 | 0300 0000 | 0000 0049 | c787 d003 
  0x000001dda6c743dc: 0000 0000 | 0000 4883 

  0x000001dda6c743e4: ;   {runtime_call unwind_exception Runtime1 stub}
  0x000001dda6c743e4: c430 5de9 | 1413 87ff | f4f4 f4f4 | f4f4 f4f4 | f4f4 f4f4 | f4f4 f4f4 | f4f4 f4f4 
[Stub Code]
  0x000001dda6c74400: ;   {no_reloc}
  0x000001dda6c74400: 0f1f 4400 

  0x000001dda6c74404: ;   {static_stub}
  0x000001dda6c74404: 0048 bb00 | 0000 0000 

  0x000001dda6c7440c: ;   {runtime_call}
  0x000001dda6c7440c: 0000 00e9 | fbff ffff 
[Exception Handler]
  0x000001dda6c74414: ;   {runtime_call handle_exception_from_callee Runtime1 stub}
  0x000001dda6c74414: e8e7 4b87 

  0x000001dda6c74418: ;   {external_word}
  0x000001dda6c74418: ff48 b928 | 3f3a 3cff | 7f00 0048 

  0x000001dda6c74424: ;   {runtime_call}
  0x000001dda6c74424: 83e4 f049 | ba60 e107 | 3cff 7f00 | 0041 ffd2 

  0x000001dda6c74434: ;   {section_word}
  0x000001dda6c74434: f449 ba35 | 44c7 a6dd | 0100 0041 

  0x000001dda6c74440: ;   {runtime_call DeoptimizationBlob}
  0x000001dda6c74440: 52e9 5ae2 | 7cff f4f4 
[/MachCode]


---------------  P R O C E S S  ---------------

Threads class SMR info:
_java_thread_list=0x000001dde8205890, length=21, elements={
0x000001dd9d2c4b10, 0x000001ddbd381500, 0x000001ddbd382160, 0x000001ddbd39dc70,
0x000001ddbd39e610, 0x000001ddbd39f7c0, 0x000001ddbd3a0160, 0x000001ddbd3a0f70,
0x000001ddbd3acfa0, 0x000001ddbd3b3840, 0x000001ddc19ba090, 0x000001ddc2012010,
0x000001ddc20124d0, 0x000001ddc3c8f270, 0x000001ddc3cc0480, 0x000001ddc3dbb170,
0x000001ddc3e968b0, 0x000001ddc3e96d80, 0x000001ddc45d8930, 0x000001ddc45d7ac0,
0x000001ddc45d2420
}

Java Threads: ( => current thread )
=>0x000001dd9d2c4b10 JavaThread "main" [_thread_in_vm, id=14884, stack(0x000000296e300000,0x000000296e400000)]
  0x000001ddbd381500 JavaThread "Reference Handler" daemon [_thread_blocked, id=15880, stack(0x000000296ea00000,0x000000296eb00000)]
  0x000001ddbd382160 JavaThread "Finalizer" daemon [_thread_blocked, id=12412, stack(0x000000296eb00000,0x000000296ec00000)]
  0x000001ddbd39dc70 JavaThread "Signal Dispatcher" daemon [_thread_blocked, id=11940, stack(0x000000296ec00000,0x000000296ed00000)]
  0x000001ddbd39e610 JavaThread "Attach Listener" daemon [_thread_blocked, id=9548, stack(0x000000296ed00000,0x000000296ee00000)]
  0x000001ddbd39f7c0 JavaThread "Service Thread" daemon [_thread_blocked, id=3816, stack(0x000000296ee00000,0x000000296ef00000)]
  0x000001ddbd3a0160 JavaThread "Monitor Deflation Thread" daemon [_thread_blocked, id=11020, stack(0x000000296ef00000,0x000000296f000000)]
  0x000001ddbd3a0f70 JavaThread "C2 CompilerThread0" daemon [_thread_blocked, id=15476, stack(0x000000296f000000,0x000000296f100000)]
  0x000001ddbd3acfa0 JavaThread "C1 CompilerThread0" daemon [_thread_blocked, id=6404, stack(0x000000296f100000,0x000000296f200000)]
  0x000001ddbd3b3840 JavaThread "Sweeper thread" daemon [_thread_blocked, id=15856, stack(0x000000296f200000,0x000000296f300000)]
  0x000001ddc19ba090 JavaThread "Common-Cleaner" daemon [_thread_blocked, id=16192, stack(0x000000296f300000,0x000000296f400000)]
  0x000001ddc2012010 JavaThread "Monitor Ctrl-Break" daemon [_thread_in_native, id=18080, stack(0x000000296f500000,0x000000296f600000)]
  0x000001ddc20124d0 JavaThread "Notification Thread" daemon [_thread_blocked, id=18216, stack(0x000000296f600000,0x000000296f700000)]
  0x000001ddc3c8f270 JavaThread "RMI TCP Accept-0" daemon [_thread_in_native, id=2748, stack(0x000000296fe00000,0x000000296ff00000)]
  0x000001ddc3cc0480 JavaThread "RMI Scheduler(0)" daemon [_thread_blocked, id=20256, stack(0x0000002970000000,0x0000002970100000)]
  0x000001ddc3dbb170 JavaThread "JMX server connection timeout 20" daemon [_thread_blocked, id=14292, stack(0x0000002970100000,0x0000002970200000)]
  0x000001ddc3e968b0 JavaThread "Java2D Disposer" daemon [_thread_blocked, id=10716, stack(0x000000296f400000,0x000000296f500000)]
  0x000001ddc3e96d80 JavaThread "AWT-Windows" daemon [_thread_in_native, id=7852, stack(0x0000002970300000,0x0000002970400000)]
  0x000001ddc45d8930 JavaThread "RMI TCP Connection(2)-169.254.64.96" daemon [_thread_in_native, id=16364, stack(0x000000296e000000,0x000000296e100000)]
  0x000001ddc45d7ac0 JavaThread "Thread-0" daemon [_thread_in_native, id=18032, stack(0x000000296e100000,0x000000296e200000)]
  0x000001ddc45d2420 JavaThread "Thread-1" daemon [_thread_in_native, id=20276, stack(0x000000296e200000,0x000000296e300000)]

Other Threads:
  0x000001ddbd37f100 VMThread "VM Thread" [stack: 0x000000296e900000,0x000000296ea00000] [id=7928]
  0x000001ddc1feac30 WatcherThread "VM Periodic Task Thread" [stack: 0x000000296f700000,0x000000296f800000] [id=17480]
  0x000001dd9d324da0 WorkerThread "GC Thread#0" [stack: 0x000000296e400000,0x000000296e500000] [id=14144]
  0x000001ddc4396b00 WorkerThread "GC Thread#1" [stack: 0x0000002970600000,0x0000002970700000] [id=5700]
  0x000001ddc431c570 WorkerThread "GC Thread#2" [stack: 0x0000002970700000,0x0000002970800000] [id=19160]
  0x000001ddc401c020 WorkerThread "GC Thread#3" [stack: 0x0000002970800000,0x0000002970900000] [id=20240]
  0x000001ddc443d460 WorkerThread "GC Thread#4" [stack: 0x0000002970900000,0x0000002970a00000] [id=18340]
  0x000001ddc443fa40 WorkerThread "GC Thread#5" [stack: 0x0000002970a00000,0x0000002970b00000] [id=11516]
  0x000001ddc401c2c0 WorkerThread "GC Thread#6" [stack: 0x0000002970b00000,0x0000002970c00000] [id=19880]
  0x000001ddc441b990 WorkerThread "GC Thread#7" [stack: 0x0000002970c00000,0x0000002970d00000] [id=16396]
  0x000001dd9d335790 ConcurrentGCThread "G1 Main Marker" [stack: 0x000000296e500000,0x000000296e600000] [id=15980]
  0x000001dd9d337090 WorkerThread "G1 Conc#0" [stack: 0x000000296e600000,0x000000296e700000] [id=10056]
  0x000001dd9d37d960 ConcurrentGCThread "G1 Refine#0" [stack: 0x000000296e700000,0x000000296e800000] [id=20112]
  0x000001ddc3e74630 ConcurrentGCThread "G1 Refine#1" [stack: 0x0000002970d00000,0x0000002970e00000] [id=16896]
  0x000001dd9d37e270 ConcurrentGCThread "G1 Service" [stack: 0x000000296e800000,0x000000296e900000] [id=10228]

Threads with active compile tasks:

VM state: not at safepoint (normal execution)

VM Mutex/Monitor currently owned by a thread: None

Heap address: 0x0000000082200000, size: 2014 MB, Compressed Oops mode: 32-bit

CDS archive(s) mapped at: [0x0000000800000000-0x0000000800ba0000-0x0000000800ba0000), size 12189696, SharedBaseAddress: 0x0000000800000000, ArchiveRelocationMode: 0.
Compressed class space mapped at: 0x0000000800c00000-0x0000000840c00000, reserved size: 1073741824
Narrow klass base: 0x0000000800000000, Narrow klass shift: 0, Narrow klass range: 0x100000000

GC Precious Log:
 CardTable entry size: 512
 Card Set container configuration: InlinePtr #cards 5 size 8 Array Of Cards #cards 12 size 40 Howl #buckets 4 coarsen threshold 1843 Howl Bitmap #cards 512 size 80 coarsen threshold 460 Card regions per heap region 1 cards per card region 2048
 CPUs: 8 total, 8 available
 Memory: 8052M
 Large Page Support: Disabled
 NUMA Support: Disabled
 Compressed Oops: Enabled (32-bit)
 Heap Region Size: 1M
 Heap Min Capacity: 8M
 Heap Initial Capacity: 126M
 Heap Max Capacity: 2014M
 Pre-touch: Disabled
 Parallel Workers: 8
 Concurrent Workers: 2
 Concurrent Refinement Workers: 8
 Periodic GC: Disabled

Heap:
 garbage-first heap   total 225280K, used 39737K [0x0000000082200000, 0x0000000100000000)
  region size 1024K, 31 young (31744K), 1 survivors (1024K)
 Metaspace       used 13746K, committed 14144K, reserved 1114112K
  class space    used 1149K, committed 1344K, reserved 1048576K

Heap Regions: E=young(eden), S=young(survivor), O=old, HS=humongous(starts), HC=humongous(continues), CS=collection set, F=free, OA=open archive, CA=closed archive, TAMS=top-at-mark-start (previous, next)
|   0|0x0000000082200000, 0x0000000082300000, 0x0000000082300000|100%| O|  |TAMS 0x0000000082200000, 0x0000000082200000| Untracked 
|   1|0x0000000082300000, 0x0000000082400000, 0x0000000082400000|100%| O|  |TAMS 0x0000000082300000, 0x0000000082300000| Untracked 
|   2|0x0000000082400000, 0x0000000082500000, 0x0000000082500000|100%| O|  |TAMS 0x0000000082400000, 0x0000000082400000| Untracked 
|   3|0x0000000082500000, 0x0000000082600000, 0x0000000082600000|100%| O|  |TAMS 0x0000000082500000, 0x0000000082500000| Untracked 
|   4|0x0000000082600000, 0x0000000082700000, 0x0000000082700000|100%| O|  |TAMS 0x0000000082600000, 0x0000000082600000| Untracked 
|   5|0x0000000082700000, 0x0000000082800000, 0x0000000082800000|100%| O|  |TAMS 0x0000000082700000, 0x0000000082700000| Untracked 
|   6|0x0000000082800000, 0x0000000082900000, 0x0000000082900000|100%| O|  |TAMS 0x0000000082800000, 0x0000000082800000| Untracked 
|   7|0x0000000082900000, 0x0000000082a00000, 0x0000000082a00000|100%| O|  |TAMS 0x0000000082900000, 0x0000000082900000| Untracked 
|   8|0x0000000082a00000, 0x0000000082b00000, 0x0000000082b00000|100%| O|  |TAMS 0x0000000082a00000, 0x0000000082a00000| Untracked 
|   9|0x0000000082b00000, 0x0000000082bc5000, 0x0000000082c00000| 76%| O|  |TAMS 0x0000000082b00000, 0x0000000082b00000| Untracked 
|  10|0x0000000082c00000, 0x0000000082c00000, 0x0000000082d00000|  0%| F|  |TAMS 0x0000000082c00000, 0x0000000082c00000| Untracked 
|  11|0x0000000082d00000, 0x0000000082d00000, 0x0000000082e00000|  0%| F|  |TAMS 0x0000000082d00000, 0x0000000082d00000| Untracked 
|  12|0x0000000082e00000, 0x0000000082e00000, 0x0000000082f00000|  0%| F|  |TAMS 0x0000000082e00000, 0x0000000082e00000| Untracked 
|  13|0x0000000082f00000, 0x0000000082f00000, 0x0000000083000000|  0%| F|  |TAMS 0x0000000082f00000, 0x0000000082f00000| Untracked 
|  14|0x0000000083000000, 0x0000000083000000, 0x0000000083100000|  0%| F|  |TAMS 0x0000000083000000, 0x0000000083000000| Untracked 
|  15|0x0000000083100000, 0x0000000083100000, 0x0000000083200000|  0%| F|  |TAMS 0x0000000083100000, 0x0000000083100000| Untracked 
|  16|0x0000000083200000, 0x0000000083200000, 0x0000000083300000|  0%| F|  |TAMS 0x0000000083200000, 0x0000000083200000| Untracked 
|  17|0x0000000083300000, 0x0000000083300000, 0x0000000083400000|  0%| F|  |TAMS 0x0000000083300000, 0x0000000083300000| Untracked 
|  18|0x0000000083400000, 0x0000000083400000, 0x0000000083500000|  0%| F|  |TAMS 0x0000000083400000, 0x0000000083400000| Untracked 
|  19|0x0000000083500000, 0x0000000083500000, 0x0000000083600000|  0%| F|  |TAMS 0x0000000083500000, 0x0000000083500000| Untracked 
|  20|0x0000000083600000, 0x0000000083600000, 0x0000000083700000|  0%| F|  |TAMS 0x0000000083600000, 0x0000000083600000| Untracked 
|  21|0x0000000083700000, 0x0000000083700000, 0x0000000083800000|  0%| F|  |TAMS 0x0000000083700000, 0x0000000083700000| Untracked 
|  22|0x0000000083800000, 0x0000000083800000, 0x0000000083900000|  0%| F|  |TAMS 0x0000000083800000, 0x0000000083800000| Untracked 
|  23|0x0000000083900000, 0x0000000083900000, 0x0000000083a00000|  0%| F|  |TAMS 0x0000000083900000, 0x0000000083900000| Untracked 
|  24|0x0000000083a00000, 0x0000000083a00000, 0x0000000083b00000|  0%| F|  |TAMS 0x0000000083a00000, 0x0000000083a00000| Untracked 
|  25|0x0000000083b00000, 0x0000000083b00000, 0x0000000083c00000|  0%| F|  |TAMS 0x0000000083b00000, 0x0000000083b00000| Untracked 
|  26|0x0000000083c00000, 0x0000000083c00000, 0x0000000083d00000|  0%| F|  |TAMS 0x0000000083c00000, 0x0000000083c00000| Untracked 
|  27|0x0000000083d00000, 0x0000000083d00000, 0x0000000083e00000|  0%| F|  |TAMS 0x0000000083d00000, 0x0000000083d00000| Untracked 
|  28|0x0000000083e00000, 0x0000000083e00000, 0x0000000083f00000|  0%| F|  |TAMS 0x0000000083e00000, 0x0000000083e00000| Untracked 
|  29|0x0000000083f00000, 0x0000000083f00000, 0x0000000084000000|  0%| F|  |TAMS 0x0000000083f00000, 0x0000000083f00000| Untracked 
|  30|0x0000000084000000, 0x0000000084000000, 0x0000000084100000|  0%| F|  |TAMS 0x0000000084000000, 0x0000000084000000| Untracked 
|  31|0x0000000084100000, 0x0000000084100000, 0x0000000084200000|  0%| F|  |TAMS 0x0000000084100000, 0x0000000084100000| Untracked 
|  32|0x0000000084200000, 0x0000000084200000, 0x0000000084300000|  0%| F|  |TAMS 0x0000000084200000, 0x0000000084200000| Untracked 
|  33|0x0000000084300000, 0x0000000084300000, 0x0000000084400000|  0%| F|  |TAMS 0x0000000084300000, 0x0000000084300000| Untracked 
|  34|0x0000000084400000, 0x0000000084400000, 0x0000000084500000|  0%| F|  |TAMS 0x0000000084400000, 0x0000000084400000| Untracked 
|  35|0x0000000084500000, 0x0000000084500000, 0x0000000084600000|  0%| F|  |TAMS 0x0000000084500000, 0x0000000084500000| Untracked 
|  36|0x0000000084600000, 0x0000000084600000, 0x0000000084700000|  0%| F|  |TAMS 0x0000000084600000, 0x0000000084600000| Untracked 
|  37|0x0000000084700000, 0x0000000084700000, 0x0000000084800000|  0%| F|  |TAMS 0x0000000084700000, 0x0000000084700000| Untracked 
|  38|0x0000000084800000, 0x0000000084800000, 0x0000000084900000|  0%| F|  |TAMS 0x0000000084800000, 0x0000000084800000| Untracked 
|  39|0x0000000084900000, 0x0000000084900000, 0x0000000084a00000|  0%| F|  |TAMS 0x0000000084900000, 0x0000000084900000| Untracked 
|  40|0x0000000084a00000, 0x0000000084a00000, 0x0000000084b00000|  0%| F|  |TAMS 0x0000000084a00000, 0x0000000084a00000| Untracked 
|  41|0x0000000084b00000, 0x0000000084b00000, 0x0000000084c00000|  0%| F|  |TAMS 0x0000000084b00000, 0x0000000084b00000| Untracked 
|  42|0x0000000084c00000, 0x0000000084c00000, 0x0000000084d00000|  0%| F|  |TAMS 0x0000000084c00000, 0x0000000084c00000| Untracked 
|  43|0x0000000084d00000, 0x0000000084d00000, 0x0000000084e00000|  0%| F|  |TAMS 0x0000000084d00000, 0x0000000084d00000| Untracked 
|  44|0x0000000084e00000, 0x0000000084e00000, 0x0000000084f00000|  0%| F|  |TAMS 0x0000000084e00000, 0x0000000084e00000| Untracked 
|  45|0x0000000084f00000, 0x0000000084f00000, 0x0000000085000000|  0%| F|  |TAMS 0x0000000084f00000, 0x0000000084f00000| Untracked 
|  46|0x0000000085000000, 0x0000000085000000, 0x0000000085100000|  0%| F|  |TAMS 0x0000000085000000, 0x0000000085000000| Untracked 
|  47|0x0000000085100000, 0x0000000085100000, 0x0000000085200000|  0%| F|  |TAMS 0x0000000085100000, 0x0000000085100000| Untracked 
|  48|0x0000000085200000, 0x0000000085200000, 0x0000000085300000|  0%| F|  |TAMS 0x0000000085200000, 0x0000000085200000| Untracked 
|  49|0x0000000085300000, 0x0000000085300000, 0x0000000085400000|  0%| F|  |TAMS 0x0000000085300000, 0x0000000085300000| Untracked 
|  50|0x0000000085400000, 0x0000000085400000, 0x0000000085500000|  0%| F|  |TAMS 0x0000000085400000, 0x0000000085400000| Untracked 
|  51|0x0000000085500000, 0x0000000085500000, 0x0000000085600000|  0%| F|  |TAMS 0x0000000085500000, 0x0000000085500000| Untracked 
|  52|0x0000000085600000, 0x0000000085600000, 0x0000000085700000|  0%| F|  |TAMS 0x0000000085600000, 0x0000000085600000| Untracked 
|  53|0x0000000085700000, 0x0000000085700000, 0x0000000085800000|  0%| F|  |TAMS 0x0000000085700000, 0x0000000085700000| Untracked 
|  54|0x0000000085800000, 0x0000000085800000, 0x0000000085900000|  0%| F|  |TAMS 0x0000000085800000, 0x0000000085800000| Untracked 
|  55|0x0000000085900000, 0x0000000085900000, 0x0000000085a00000|  0%| F|  |TAMS 0x0000000085900000, 0x0000000085900000| Untracked 
|  56|0x0000000085a00000, 0x0000000085a00000, 0x0000000085b00000|  0%| F|  |TAMS 0x0000000085a00000, 0x0000000085a00000| Untracked 
|  57|0x0000000085b00000, 0x0000000085b00000, 0x0000000085c00000|  0%| F|  |TAMS 0x0000000085b00000, 0x0000000085b00000| Untracked 
|  58|0x0000000085c00000, 0x0000000085c00000, 0x0000000085d00000|  0%| F|  |TAMS 0x0000000085c00000, 0x0000000085c00000| Untracked 
|  59|0x0000000085d00000, 0x0000000085d00000, 0x0000000085e00000|  0%| F|  |TAMS 0x0000000085d00000, 0x0000000085d00000| Untracked 
|  60|0x0000000085e00000, 0x0000000085e00000, 0x0000000085f00000|  0%| F|  |TAMS 0x0000000085e00000, 0x0000000085e00000| Untracked 
|  61|0x0000000085f00000, 0x0000000085f00000, 0x0000000086000000|  0%| F|  |TAMS 0x0000000085f00000, 0x0000000085f00000| Untracked 
|  62|0x0000000086000000, 0x0000000086000000, 0x0000000086100000|  0%| F|  |TAMS 0x0000000086000000, 0x0000000086000000| Untracked 
|  63|0x0000000086100000, 0x0000000086100000, 0x0000000086200000|  0%| F|  |TAMS 0x0000000086100000, 0x0000000086100000| Untracked 
|  64|0x0000000086200000, 0x0000000086200000, 0x0000000086300000|  0%| F|  |TAMS 0x0000000086200000, 0x0000000086200000| Untracked 
|  65|0x0000000086300000, 0x0000000086300000, 0x0000000086400000|  0%| F|  |TAMS 0x0000000086300000, 0x0000000086300000| Untracked 
|  66|0x0000000086400000, 0x0000000086400000, 0x0000000086500000|  0%| F|  |TAMS 0x0000000086400000, 0x0000000086400000| Untracked 
|  67|0x0000000086500000, 0x0000000086500000, 0x0000000086600000|  0%| F|  |TAMS 0x0000000086500000, 0x0000000086500000| Untracked 
|  68|0x0000000086600000, 0x0000000086600000, 0x0000000086700000|  0%| F|  |TAMS 0x0000000086600000, 0x0000000086600000| Untracked 
|  69|0x0000000086700000, 0x0000000086700000, 0x0000000086800000|  0%| F|  |TAMS 0x0000000086700000, 0x0000000086700000| Untracked 
|  70|0x0000000086800000, 0x0000000086800000, 0x0000000086900000|  0%| F|  |TAMS 0x0000000086800000, 0x0000000086800000| Untracked 
|  71|0x0000000086900000, 0x0000000086900000, 0x0000000086a00000|  0%| F|  |TAMS 0x0000000086900000, 0x0000000086900000| Untracked 
|  72|0x0000000086a00000, 0x0000000086a00000, 0x0000000086b00000|  0%| F|  |TAMS 0x0000000086a00000, 0x0000000086a00000| Untracked 
|  73|0x0000000086b00000, 0x0000000086b00000, 0x0000000086c00000|  0%| F|  |TAMS 0x0000000086b00000, 0x0000000086b00000| Untracked 
|  74|0x0000000086c00000, 0x0000000086c00000, 0x0000000086d00000|  0%| F|  |TAMS 0x0000000086c00000, 0x0000000086c00000| Untracked 
|  75|0x0000000086d00000, 0x0000000086d00000, 0x0000000086e00000|  0%| F|  |TAMS 0x0000000086d00000, 0x0000000086d00000| Untracked 
|  76|0x0000000086e00000, 0x0000000086e00000, 0x0000000086f00000|  0%| F|  |TAMS 0x0000000086e00000, 0x0000000086e00000| Untracked 
|  77|0x0000000086f00000, 0x0000000086f00000, 0x0000000087000000|  0%| F|  |TAMS 0x0000000086f00000, 0x0000000086f00000| Untracked 
|  78|0x0000000087000000, 0x0000000087000000, 0x0000000087100000|  0%| F|  |TAMS 0x0000000087000000, 0x0000000087000000| Untracked 
|  79|0x0000000087100000, 0x0000000087100000, 0x0000000087200000|  0%| F|  |TAMS 0x0000000087100000, 0x0000000087100000| Untracked 
|  80|0x0000000087200000, 0x0000000087200000, 0x0000000087300000|  0%| F|  |TAMS 0x0000000087200000, 0x0000000087200000| Untracked 
|  81|0x0000000087300000, 0x0000000087300000, 0x0000000087400000|  0%| F|  |TAMS 0x0000000087300000, 0x0000000087300000| Untracked 
|  82|0x0000000087400000, 0x0000000087400000, 0x0000000087500000|  0%| F|  |TAMS 0x0000000087400000, 0x0000000087400000| Untracked 
|  83|0x0000000087500000, 0x0000000087500000, 0x0000000087600000|  0%| F|  |TAMS 0x0000000087500000, 0x0000000087500000| Untracked 
|  84|0x0000000087600000, 0x0000000087600000, 0x0000000087700000|  0%| F|  |TAMS 0x0000000087600000, 0x0000000087600000| Untracked 
|  85|0x0000000087700000, 0x0000000087700000, 0x0000000087800000|  0%| F|  |TAMS 0x0000000087700000, 0x0000000087700000| Untracked 
|  86|0x0000000087800000, 0x0000000087800000, 0x0000000087900000|  0%| F|  |TAMS 0x0000000087800000, 0x0000000087800000| Untracked 
|  87|0x0000000087900000, 0x0000000087900000, 0x0000000087a00000|  0%| F|  |TAMS 0x0000000087900000, 0x0000000087900000| Untracked 
|  88|0x0000000087a00000, 0x0000000087a09408, 0x0000000087b00000|  3%| S|CS|TAMS 0x0000000087a00000, 0x0000000087a00000| Complete 
|  89|0x0000000087b00000, 0x0000000087b00000, 0x0000000087c00000|  0%| F|  |TAMS 0x0000000087b00000, 0x0000000087b00000| Untracked 
|  90|0x0000000087c00000, 0x0000000087c00000, 0x0000000087d00000|  0%| F|  |TAMS 0x0000000087c00000, 0x0000000087c00000| Untracked 
|  91|0x0000000087d00000, 0x0000000087d00000, 0x0000000087e00000|  0%| F|  |TAMS 0x0000000087d00000, 0x0000000087d00000| Untracked 
|  92|0x0000000087e00000, 0x0000000087e00000, 0x0000000087f00000|  0%| F|  |TAMS 0x0000000087e00000, 0x0000000087e00000| Untracked 
|  93|0x0000000087f00000, 0x0000000087f00000, 0x0000000088000000|  0%| F|  |TAMS 0x0000000087f00000, 0x0000000087f00000| Untracked 
|  94|0x0000000088000000, 0x0000000088000000, 0x0000000088100000|  0%| F|  |TAMS 0x0000000088000000, 0x0000000088000000| Untracked 
|  95|0x0000000088100000, 0x0000000088100000, 0x0000000088200000|  0%| F|  |TAMS 0x0000000088100000, 0x0000000088100000| Untracked 
|  96|0x0000000088200000, 0x0000000088200000, 0x0000000088300000|  0%| F|  |TAMS 0x0000000088200000, 0x0000000088200000| Untracked 
|  97|0x0000000088300000, 0x0000000088300000, 0x0000000088400000|  0%| F|  |TAMS 0x0000000088300000, 0x0000000088300000| Untracked 
|  98|0x0000000088400000, 0x0000000088400000, 0x0000000088500000|  0%| F|  |TAMS 0x0000000088400000, 0x0000000088400000| Untracked 
|  99|0x0000000088500000, 0x0000000088500000, 0x0000000088600000|  0%| F|  |TAMS 0x0000000088500000, 0x0000000088500000| Untracked 
| 100|0x0000000088600000, 0x0000000088600000, 0x0000000088700000|  0%| F|  |TAMS 0x0000000088600000, 0x0000000088600000| Untracked 
| 101|0x0000000088700000, 0x0000000088700000, 0x0000000088800000|  0%| F|  |TAMS 0x0000000088700000, 0x0000000088700000| Untracked 
| 102|0x0000000088800000, 0x0000000088800000, 0x0000000088900000|  0%| F|  |TAMS 0x0000000088800000, 0x0000000088800000| Untracked 
| 103|0x0000000088900000, 0x0000000088900000, 0x0000000088a00000|  0%| F|  |TAMS 0x0000000088900000, 0x0000000088900000| Untracked 
| 104|0x0000000088a00000, 0x0000000088a00000, 0x0000000088b00000|  0%| F|  |TAMS 0x0000000088a00000, 0x0000000088a00000| Untracked 
| 105|0x0000000088b00000, 0x0000000088b00000, 0x0000000088c00000|  0%| F|  |TAMS 0x0000000088b00000, 0x0000000088b00000| Untracked 
| 106|0x0000000088c00000, 0x0000000088c00000, 0x0000000088d00000|  0%| F|  |TAMS 0x0000000088c00000, 0x0000000088c00000| Untracked 
| 107|0x0000000088d00000, 0x0000000088d00000, 0x0000000088e00000|  0%| F|  |TAMS 0x0000000088d00000, 0x0000000088d00000| Untracked 
| 108|0x0000000088e00000, 0x0000000088e00000, 0x0000000088f00000|  0%| F|  |TAMS 0x0000000088e00000, 0x0000000088e00000| Untracked 
| 109|0x0000000088f00000, 0x0000000088f00000, 0x0000000089000000|  0%| F|  |TAMS 0x0000000088f00000, 0x0000000088f00000| Untracked 
| 110|0x0000000089000000, 0x0000000089000000, 0x0000000089100000|  0%| F|  |TAMS 0x0000000089000000, 0x0000000089000000| Untracked 
| 111|0x0000000089100000, 0x0000000089100000, 0x0000000089200000|  0%| F|  |TAMS 0x0000000089100000, 0x0000000089100000| Untracked 
| 112|0x0000000089200000, 0x0000000089200000, 0x0000000089300000|  0%| F|  |TAMS 0x0000000089200000, 0x0000000089200000| Untracked 
| 113|0x0000000089300000, 0x0000000089300000, 0x0000000089400000|  0%| F|  |TAMS 0x0000000089300000, 0x0000000089300000| Untracked 
| 114|0x0000000089400000, 0x0000000089400000, 0x0000000089500000|  0%| F|  |TAMS 0x0000000089400000, 0x0000000089400000| Untracked 
| 115|0x0000000089500000, 0x0000000089500000, 0x0000000089600000|  0%| F|  |TAMS 0x0000000089500000, 0x0000000089500000| Untracked 
| 116|0x0000000089600000, 0x0000000089600000, 0x0000000089700000|  0%| F|  |TAMS 0x0000000089600000, 0x0000000089600000| Untracked 
| 117|0x0000000089700000, 0x0000000089700000, 0x0000000089800000|  0%| F|  |TAMS 0x0000000089700000, 0x0000000089700000| Untracked 
| 118|0x0000000089800000, 0x0000000089800000, 0x0000000089900000|  0%| F|  |TAMS 0x0000000089800000, 0x0000000089800000| Untracked 
| 119|0x0000000089900000, 0x0000000089900000, 0x0000000089a00000|  0%| F|  |TAMS 0x0000000089900000, 0x0000000089900000| Untracked 
| 120|0x0000000089a00000, 0x0000000089a00000, 0x0000000089b00000|  0%| F|  |TAMS 0x0000000089a00000, 0x0000000089a00000| Untracked 
| 121|0x0000000089b00000, 0x0000000089b00000, 0x0000000089c00000|  0%| F|  |TAMS 0x0000000089b00000, 0x0000000089b00000| Untracked 
| 122|0x0000000089c00000, 0x0000000089c00000, 0x0000000089d00000|  0%| F|  |TAMS 0x0000000089c00000, 0x0000000089c00000| Untracked 
| 123|0x0000000089d00000, 0x0000000089d00000, 0x0000000089e00000|  0%| F|  |TAMS 0x0000000089d00000, 0x0000000089d00000| Untracked 
| 124|0x0000000089e00000, 0x0000000089e00000, 0x0000000089f00000|  0%| F|  |TAMS 0x0000000089e00000, 0x0000000089e00000| Untracked 
| 125|0x0000000089f00000, 0x0000000089f00000, 0x000000008a000000|  0%| F|  |TAMS 0x0000000089f00000, 0x0000000089f00000| Untracked 
| 126|0x000000008a000000, 0x000000008a000000, 0x000000008a100000|  0%| F|  |TAMS 0x000000008a000000, 0x000000008a000000| Untracked 
| 127|0x000000008a100000, 0x000000008a100000, 0x000000008a200000|  0%| F|  |TAMS 0x000000008a100000, 0x000000008a100000| Untracked 
| 128|0x000000008a200000, 0x000000008a200000, 0x000000008a300000|  0%| F|  |TAMS 0x000000008a200000, 0x000000008a200000| Untracked 
| 129|0x000000008a300000, 0x000000008a300000, 0x000000008a400000|  0%| F|  |TAMS 0x000000008a300000, 0x000000008a300000| Untracked 
| 130|0x000000008a400000, 0x000000008a400000, 0x000000008a500000|  0%| F|  |TAMS 0x000000008a400000, 0x000000008a400000| Untracked 
| 131|0x000000008a500000, 0x000000008a500000, 0x000000008a600000|  0%| F|  |TAMS 0x000000008a500000, 0x000000008a500000| Untracked 
| 132|0x000000008a600000, 0x000000008a600000, 0x000000008a700000|  0%| F|  |TAMS 0x000000008a600000, 0x000000008a600000| Untracked 
| 133|0x000000008a700000, 0x000000008a700000, 0x000000008a800000|  0%| F|  |TAMS 0x000000008a700000, 0x000000008a700000| Untracked 
| 134|0x000000008a800000, 0x000000008a800000, 0x000000008a900000|  0%| F|  |TAMS 0x000000008a800000, 0x000000008a800000| Untracked 
| 135|0x000000008a900000, 0x000000008a900000, 0x000000008aa00000|  0%| F|  |TAMS 0x000000008a900000, 0x000000008a900000| Untracked 
| 136|0x000000008aa00000, 0x000000008aa00000, 0x000000008ab00000|  0%| F|  |TAMS 0x000000008aa00000, 0x000000008aa00000| Untracked 
| 137|0x000000008ab00000, 0x000000008ab00000, 0x000000008ac00000|  0%| F|  |TAMS 0x000000008ab00000, 0x000000008ab00000| Untracked 
| 138|0x000000008ac00000, 0x000000008ac00000, 0x000000008ad00000|  0%| F|  |TAMS 0x000000008ac00000, 0x000000008ac00000| Untracked 
| 139|0x000000008ad00000, 0x000000008ad00000, 0x000000008ae00000|  0%| F|  |TAMS 0x000000008ad00000, 0x000000008ad00000| Untracked 
| 140|0x000000008ae00000, 0x000000008ae00000, 0x000000008af00000|  0%| F|  |TAMS 0x000000008ae00000, 0x000000008ae00000| Untracked 
| 141|0x000000008af00000, 0x000000008af00000, 0x000000008b000000|  0%| F|  |TAMS 0x000000008af00000, 0x000000008af00000| Untracked 
| 142|0x000000008b000000, 0x000000008b000000, 0x000000008b100000|  0%| F|  |TAMS 0x000000008b000000, 0x000000008b000000| Untracked 
| 143|0x000000008b100000, 0x000000008b100000, 0x000000008b200000|  0%| F|  |TAMS 0x000000008b100000, 0x000000008b100000| Untracked 
| 144|0x000000008b200000, 0x000000008b200000, 0x000000008b300000|  0%| F|  |TAMS 0x000000008b200000, 0x000000008b200000| Untracked 
| 145|0x000000008b300000, 0x000000008b300000, 0x000000008b400000|  0%| F|  |TAMS 0x000000008b300000, 0x000000008b300000| Untracked 
| 146|0x000000008b400000, 0x000000008b400000, 0x000000008b500000|  0%| F|  |TAMS 0x000000008b400000, 0x000000008b400000| Untracked 
| 147|0x000000008b500000, 0x000000008b500000, 0x000000008b600000|  0%| F|  |TAMS 0x000000008b500000, 0x000000008b500000| Untracked 
| 148|0x000000008b600000, 0x000000008b600000, 0x000000008b700000|  0%| F|  |TAMS 0x000000008b600000, 0x000000008b600000| Untracked 
| 149|0x000000008b700000, 0x000000008b700000, 0x000000008b800000|  0%| F|  |TAMS 0x000000008b700000, 0x000000008b700000| Untracked 
| 150|0x000000008b800000, 0x000000008b800000, 0x000000008b900000|  0%| F|  |TAMS 0x000000008b800000, 0x000000008b800000| Untracked 
| 151|0x000000008b900000, 0x000000008b900000, 0x000000008ba00000|  0%| F|  |TAMS 0x000000008b900000, 0x000000008b900000| Untracked 
| 152|0x000000008ba00000, 0x000000008ba00000, 0x000000008bb00000|  0%| F|  |TAMS 0x000000008ba00000, 0x000000008ba00000| Untracked 
| 153|0x000000008bb00000, 0x000000008bb00000, 0x000000008bc00000|  0%| F|  |TAMS 0x000000008bb00000, 0x000000008bb00000| Untracked 
| 154|0x000000008bc00000, 0x000000008bc00000, 0x000000008bd00000|  0%| F|  |TAMS 0x000000008bc00000, 0x000000008bc00000| Untracked 
| 155|0x000000008bd00000, 0x000000008bd00000, 0x000000008be00000|  0%| F|  |TAMS 0x000000008bd00000, 0x000000008bd00000| Untracked 
| 156|0x000000008be00000, 0x000000008be00000, 0x000000008bf00000|  0%| F|  |TAMS 0x000000008be00000, 0x000000008be00000| Untracked 
| 157|0x000000008bf00000, 0x000000008bf00000, 0x000000008c000000|  0%| F|  |TAMS 0x000000008bf00000, 0x000000008bf00000| Untracked 
| 158|0x000000008c000000, 0x000000008c000000, 0x000000008c100000|  0%| F|  |TAMS 0x000000008c000000, 0x000000008c000000| Untracked 
| 159|0x000000008c100000, 0x000000008c100000, 0x000000008c200000|  0%| F|  |TAMS 0x000000008c100000, 0x000000008c100000| Untracked 
| 160|0x000000008c200000, 0x000000008c200000, 0x000000008c300000|  0%| F|  |TAMS 0x000000008c200000, 0x000000008c200000| Untracked 
| 161|0x000000008c300000, 0x000000008c300000, 0x000000008c400000|  0%| F|  |TAMS 0x000000008c300000, 0x000000008c300000| Untracked 
| 162|0x000000008c400000, 0x000000008c400000, 0x000000008c500000|  0%| F|  |TAMS 0x000000008c400000, 0x000000008c400000| Untracked 
| 163|0x000000008c500000, 0x000000008c500000, 0x000000008c600000|  0%| F|  |TAMS 0x000000008c500000, 0x000000008c500000| Untracked 
| 164|0x000000008c600000, 0x000000008c600000, 0x000000008c700000|  0%| F|  |TAMS 0x000000008c600000, 0x000000008c600000| Untracked 
| 165|0x000000008c700000, 0x000000008c700000, 0x000000008c800000|  0%| F|  |TAMS 0x000000008c700000, 0x000000008c700000| Untracked 
| 166|0x000000008c800000, 0x000000008c800000, 0x000000008c900000|  0%| F|  |TAMS 0x000000008c800000, 0x000000008c800000| Untracked 
| 167|0x000000008c900000, 0x000000008c900000, 0x000000008ca00000|  0%| F|  |TAMS 0x000000008c900000, 0x000000008c900000| Untracked 
| 168|0x000000008ca00000, 0x000000008ca00000, 0x000000008cb00000|  0%| F|  |TAMS 0x000000008ca00000, 0x000000008ca00000| Untracked 
| 169|0x000000008cb00000, 0x000000008cb00000, 0x000000008cc00000|  0%| F|  |TAMS 0x000000008cb00000, 0x000000008cb00000| Untracked 
| 170|0x000000008cc00000, 0x000000008cc00000, 0x000000008cd00000|  0%| F|  |TAMS 0x000000008cc00000, 0x000000008cc00000| Untracked 
| 171|0x000000008cd00000, 0x000000008cd00000, 0x000000008ce00000|  0%| F|  |TAMS 0x000000008cd00000, 0x000000008cd00000| Untracked 
| 172|0x000000008ce00000, 0x000000008ce00000, 0x000000008cf00000|  0%| F|  |TAMS 0x000000008ce00000, 0x000000008ce00000| Untracked 
| 173|0x000000008cf00000, 0x000000008cf00000, 0x000000008d000000|  0%| F|  |TAMS 0x000000008cf00000, 0x000000008cf00000| Untracked 
| 174|0x000000008d000000, 0x000000008d000000, 0x000000008d100000|  0%| F|  |TAMS 0x000000008d000000, 0x000000008d000000| Untracked 
| 175|0x000000008d100000, 0x000000008d100000, 0x000000008d200000|  0%| F|  |TAMS 0x000000008d100000, 0x000000008d100000| Untracked 
| 176|0x000000008d200000, 0x000000008d200000, 0x000000008d300000|  0%| F|  |TAMS 0x000000008d200000, 0x000000008d200000| Untracked 
| 177|0x000000008d300000, 0x000000008d300000, 0x000000008d400000|  0%| F|  |TAMS 0x000000008d300000, 0x000000008d300000| Untracked 
| 178|0x000000008d400000, 0x000000008d400000, 0x000000008d500000|  0%| F|  |TAMS 0x000000008d400000, 0x000000008d400000| Untracked 
| 179|0x000000008d500000, 0x000000008d500000, 0x000000008d600000|  0%| F|  |TAMS 0x000000008d500000, 0x000000008d500000| Untracked 
| 180|0x000000008d600000, 0x000000008d600000, 0x000000008d700000|  0%| F|  |TAMS 0x000000008d600000, 0x000000008d600000| Untracked 
| 181|0x000000008d700000, 0x000000008d700000, 0x000000008d800000|  0%| F|  |TAMS 0x000000008d700000, 0x000000008d700000| Untracked 
| 182|0x000000008d800000, 0x000000008d800000, 0x000000008d900000|  0%| F|  |TAMS 0x000000008d800000, 0x000000008d800000| Untracked 
| 183|0x000000008d900000, 0x000000008d900000, 0x000000008da00000|  0%| F|  |TAMS 0x000000008d900000, 0x000000008d900000| Untracked 
| 184|0x000000008da00000, 0x000000008da00000, 0x000000008db00000|  0%| F|  |TAMS 0x000000008da00000, 0x000000008da00000| Untracked 
| 185|0x000000008db00000, 0x000000008db00000, 0x000000008dc00000|  0%| F|  |TAMS 0x000000008db00000, 0x000000008db00000| Untracked 
| 186|0x000000008dc00000, 0x000000008dc00000, 0x000000008dd00000|  0%| F|  |TAMS 0x000000008dc00000, 0x000000008dc00000| Untracked 
| 187|0x000000008dd00000, 0x000000008dd00000, 0x000000008de00000|  0%| F|  |TAMS 0x000000008dd00000, 0x000000008dd00000| Untracked 
| 188|0x000000008de00000, 0x000000008de00000, 0x000000008df00000|  0%| F|  |TAMS 0x000000008de00000, 0x000000008de00000| Untracked 
| 189|0x000000008df00000, 0x000000008df00000, 0x000000008e000000|  0%| F|  |TAMS 0x000000008df00000, 0x000000008df00000| Untracked 
| 190|0x000000008e000000, 0x000000008e01eba8, 0x000000008e100000| 12%| E|  |TAMS 0x000000008e000000, 0x000000008e000000| Complete 
| 191|0x000000008e100000, 0x000000008e200000, 0x000000008e200000|100%| E|CS|TAMS 0x000000008e100000, 0x000000008e100000| Complete 
| 192|0x000000008e200000, 0x000000008e300000, 0x000000008e300000|100%| E|CS|TAMS 0x000000008e200000, 0x000000008e200000| Complete 
| 193|0x000000008e300000, 0x000000008e400000, 0x000000008e400000|100%| E|CS|TAMS 0x000000008e300000, 0x000000008e300000| Complete 
| 194|0x000000008e400000, 0x000000008e500000, 0x000000008e500000|100%| E|CS|TAMS 0x000000008e400000, 0x000000008e400000| Complete 
| 195|0x000000008e500000, 0x000000008e600000, 0x000000008e600000|100%| E|CS|TAMS 0x000000008e500000, 0x000000008e500000| Complete 
| 196|0x000000008e600000, 0x000000008e700000, 0x000000008e700000|100%| E|CS|TAMS 0x000000008e600000, 0x000000008e600000| Complete 
| 197|0x000000008e700000, 0x000000008e800000, 0x000000008e800000|100%| E|CS|TAMS 0x000000008e700000, 0x000000008e700000| Complete 
| 198|0x000000008e800000, 0x000000008e900000, 0x000000008e900000|100%| E|CS|TAMS 0x000000008e800000, 0x000000008e800000| Complete 
| 199|0x000000008e900000, 0x000000008ea00000, 0x000000008ea00000|100%| E|CS|TAMS 0x000000008e900000, 0x000000008e900000| Complete 
| 200|0x000000008ea00000, 0x000000008eb00000, 0x000000008eb00000|100%| E|CS|TAMS 0x000000008ea00000, 0x000000008ea00000| Complete 
| 201|0x000000008eb00000, 0x000000008ec00000, 0x000000008ec00000|100%| E|CS|TAMS 0x000000008eb00000, 0x000000008eb00000| Complete 
| 202|0x000000008ec00000, 0x000000008ed00000, 0x000000008ed00000|100%| E|CS|TAMS 0x000000008ec00000, 0x000000008ec00000| Complete 
| 203|0x000000008ed00000, 0x000000008ee00000, 0x000000008ee00000|100%| E|CS|TAMS 0x000000008ed00000, 0x000000008ed00000| Complete 
| 204|0x000000008ee00000, 0x000000008ef00000, 0x000000008ef00000|100%| E|CS|TAMS 0x000000008ee00000, 0x000000008ee00000| Complete 
| 205|0x000000008ef00000, 0x000000008f000000, 0x000000008f000000|100%| E|CS|TAMS 0x000000008ef00000, 0x000000008ef00000| Complete 
| 206|0x000000008f000000, 0x000000008f100000, 0x000000008f100000|100%| E|CS|TAMS 0x000000008f000000, 0x000000008f000000| Complete 
| 207|0x000000008f100000, 0x000000008f200000, 0x000000008f200000|100%| E|CS|TAMS 0x000000008f100000, 0x000000008f100000| Complete 
| 208|0x000000008f200000, 0x000000008f300000, 0x000000008f300000|100%| E|CS|TAMS 0x000000008f200000, 0x000000008f200000| Complete 
| 209|0x000000008f300000, 0x000000008f400000, 0x000000008f400000|100%| E|CS|TAMS 0x000000008f300000, 0x000000008f300000| Complete 
| 210|0x000000008f400000, 0x000000008f500000, 0x000000008f500000|100%| E|CS|TAMS 0x000000008f400000, 0x000000008f400000| Complete 
| 211|0x000000008f500000, 0x000000008f600000, 0x000000008f600000|100%| E|CS|TAMS 0x000000008f500000, 0x000000008f500000| Complete 
| 212|0x000000008f600000, 0x000000008f700000, 0x000000008f700000|100%| E|CS|TAMS 0x000000008f600000, 0x000000008f600000| Complete 
| 213|0x000000008f700000, 0x000000008f800000, 0x000000008f800000|100%| E|CS|TAMS 0x000000008f700000, 0x000000008f700000| Complete 
| 214|0x000000008f800000, 0x000000008f900000, 0x000000008f900000|100%| E|CS|TAMS 0x000000008f800000, 0x000000008f800000| Complete 
| 215|0x000000008f900000, 0x000000008fa00000, 0x000000008fa00000|100%| E|CS|TAMS 0x000000008f900000, 0x000000008f900000| Complete 
| 216|0x000000008fa00000, 0x000000008fb00000, 0x000000008fb00000|100%| E|CS|TAMS 0x000000008fa00000, 0x000000008fa00000| Complete 
| 217|0x000000008fb00000, 0x000000008fc00000, 0x000000008fc00000|100%| E|CS|TAMS 0x000000008fb00000, 0x000000008fb00000| Complete 
| 218|0x000000008fc00000, 0x000000008fd00000, 0x000000008fd00000|100%| E|CS|TAMS 0x000000008fc00000, 0x000000008fc00000| Complete 
| 219|0x000000008fd00000, 0x000000008fe00000, 0x000000008fe00000|100%| E|CS|TAMS 0x000000008fd00000, 0x000000008fd00000| Complete 

Card table byte_map: [0x000001ddb6240000,0x000001ddb6630000] _byte_map_base: 0x000001ddb5e2f000

Marking Bits (Prev, Next): (CMBitMap*) 0x000001dd9d3252a0, (CMBitMap*) 0x000001dd9d3252e0
 Prev Bits: [0x000001ddb6a20000, 0x000001ddb8998000)
 Next Bits: [0x000001ddb89a0000, 0x000001ddba918000)

Polling page: 0x000001dd9d380000

Metaspace:

Usage:
  Non-class:     12.30 MB used.
      Class:      1.12 MB used.
       Both:     13.42 MB used.

Virtual space:
  Non-class space:       64.00 MB reserved,      12.50 MB ( 20%) committed,  1 nodes.
      Class space:        1.00 GB reserved,       1.31 MB ( <1%) committed,  1 nodes.
             Both:        1.06 GB reserved,      13.81 MB (  1%) committed. 

Chunk freelists:
   Non-Class:  2.66 MB
       Class:  2.60 MB
        Both:  5.26 MB

MaxMetaspaceSize: unlimited
CompressedClassSpaceSize: 1.00 GB
Initial GC threshold: 21.00 MB
Current GC threshold: 21.00 MB
CDS: on
MetaspaceReclaimPolicy: balanced
 - commit_granule_bytes: 65536.
 - commit_granule_words: 8192.
 - virtual_space_node_default_size: 8388608.
 - enlarge_chunks_in_place: 1.
 - new_chunks_are_fully_committed: 0.
 - uncommit_free_chunks: 1.
 - use_allocation_guard: 0.


Internal statistics:

num_allocs_failed_limit: 0.
num_arena_births: 508.
num_arena_deaths: 0.
num_vsnodes_births: 2.
num_vsnodes_deaths: 0.
num_space_committed: 219.
num_space_uncommitted: 0.
num_chunks_returned_to_freelist: 0.
num_chunks_taken_from_freelist: 825.
num_chunk_merges: 0.
num_chunk_splits: 473.
num_chunks_enlarged: 198.
num_inconsistent_stats: 0.

CodeHeap 'non-profiled nmethods': size=120000Kb used=3089Kb max_used=3089Kb free=116911Kb
 bounds [0x000001ddadec0000, 0x000001ddae1d0000, 0x000001ddb53f0000]
CodeHeap 'profiled nmethods': size=120000Kb used=5437Kb max_used=7362Kb free=114562Kb
 bounds [0x000001dda6990000, 0x000001dda70d0000, 0x000001ddadec0000]
CodeHeap 'non-nmethods': size=5760Kb used=1782Kb max_used=1858Kb free=3977Kb
 bounds [0x000001dda63f0000, 0x000001dda6660000, 0x000001dda6990000]
 total_blobs=4412 nmethods=3161 adapters=1163
 compilation: enabled
              stopped_count=0, restarted_count=0
 full_count=0

Compilation events (20 events):
Event: 872.247 Thread 0x000001ddbd3a0f70 3913       4       com.sun.jmx.remote.util.ClassLogger::traceOn (13 bytes)
Event: 872.254 Thread 0x000001ddbd3a0f70 nmethod 3913 0x000001ddae1c2110 code [0x000001ddae1c22a0, 0x000001ddae1c23b8]
Event: 878.993 Thread 0x000001ddbd3acfa0 3914       3       rendering.Texture::delete (8 bytes)
Event: 878.997 Thread 0x000001ddbd3acfa0 nmethod 3914 0x000001dda69f6390 code [0x000001dda69f6540, 0x000001dda69f66c8]
Event: 878.997 Thread 0x000001ddbd3a0f70 3916       4       org.lwjgl.opengl.GL11::glDeleteTextures (5 bytes)
Event: 878.997 Thread 0x000001ddbd3acfa0 3915       3       world.Tile::cleanup (104 bytes)
Event: 879.011 Thread 0x000001ddbd3acfa0 nmethod 3915 0x000001dda6b11c10 code [0x000001dda6b11ea0, 0x000001dda6b12a68]
Event: 879.011 Thread 0x000001ddbd3acfa0 3917       3       java.util.HashMap$HashIterator::<init> (79 bytes)
Event: 879.013 Thread 0x000001ddbd3acfa0 nmethod 3917 0x000001dda69f3b90 code [0x000001dda69f3d40, 0x000001dda69f4178]
Event: 879.014 Thread 0x000001ddbd3acfa0 3918       3       java.util.HashMap$Values::iterator (12 bytes)
Event: 879.014 Thread 0x000001ddbd3acfa0 nmethod 3918 0x000001dda6a7f410 code [0x000001dda6a7f5c0, 0x000001dda6a7f7c8]
Event: 879.060 Thread 0x000001ddbd3a0f70 nmethod 3916 0x000001ddae1c2510 code [0x000001ddae1c26e0, 0x000001ddae1c2950]
Event: 879.060 Thread 0x000001ddbd3a0f70 3919       4       world.Tile::cleanup (104 bytes)
Event: 879.128 Thread 0x000001ddbd3a0f70 nmethod 3919 0x000001ddae1c2d10 code [0x000001ddae1c2f00, 0x000001ddae1c3560]
Event: 879.128 Thread 0x000001ddbd3a0f70 3920 %     4       java.lang.StringLatin1::indexOf @ 30 (121 bytes)
Event: 879.143 Thread 0x000001ddbd3a0f70 nmethod 3920% 0x000001ddae1c3c90 code [0x000001ddae1c3e20, 0x000001ddae1c41d8]
Event: 882.822 Thread 0x000001ddbd3acfa0 3921   !   3       java.util.zip.ZipFile::getInputStream (275 bytes)
Event: 882.840 Thread 0x000001ddbd3acfa0 nmethod 3921 0x000001dda6bea590 code [0x000001dda6bea880, 0x000001dda6beb9e8]
Event: 882.840 Thread 0x000001ddbd3acfa0 3922       3       java.util.zip.ZipFile$ZipFileInputStream::<init> (96 bytes)
Event: 882.842 Thread 0x000001ddbd3acfa0 nmethod 3922 0x000001dda6d97290 code [0x000001dda6d974c0, 0x000001dda6d97f08]

GC Heap History (20 events):
Event: 874.318 GC heap before
{Heap before GC invocations=1402 (full 0):
 garbage-first heap   total 225280K, used 144187K [0x0000000082200000, 0x0000000100000000)
  region size 1024K, 132 young (135168K), 1 survivors (1024K)
 Metaspace       used 13722K, committed 14144K, reserved 1114112K
  class space    used 1145K, committed 1344K, reserved 1048576K
}
Event: 874.319 GC heap after
{Heap after GC invocations=1403 (full 0):
 garbage-first heap   total 225280K, used 10063K [0x0000000082200000, 0x0000000100000000)
  region size 1024K, 1 young (1024K), 1 survivors (1024K)
 Metaspace       used 13722K, committed 14144K, reserved 1114112K
  class space    used 1145K, committed 1344K, reserved 1048576K
}
Event: 874.750 GC heap before
{Heap before GC invocations=1403 (full 0):
 garbage-first heap   total 225280K, used 144207K [0x0000000082200000, 0x0000000100000000)
  region size 1024K, 132 young (135168K), 1 survivors (1024K)
 Metaspace       used 13722K, committed 14144K, reserved 1114112K
  class space    used 1145K, committed 1344K, reserved 1048576K
}
Event: 874.750 GC heap after
{Heap after GC invocations=1404 (full 0):
 garbage-first heap   total 225280K, used 10043K [0x0000000082200000, 0x0000000100000000)
  region size 1024K, 1 young (1024K), 1 survivors (1024K)
 Metaspace       used 13722K, committed 14144K, reserved 1114112K
  class space    used 1145K, committed 1344K, reserved 1048576K
}
Event: 875.288 GC heap before
{Heap before GC invocations=1404 (full 0):
 garbage-first heap   total 225280K, used 144187K [0x0000000082200000, 0x0000000100000000)
  region size 1024K, 132 young (135168K), 1 survivors (1024K)
 Metaspace       used 13722K, committed 14144K, reserved 1114112K
  class space    used 1145K, committed 1344K, reserved 1048576K
}
Event: 875.289 GC heap after
{Heap after GC invocations=1405 (full 0):
 garbage-first heap   total 225280K, used 10074K [0x0000000082200000, 0x0000000100000000)
  region size 1024K, 1 young (1024K), 1 survivors (1024K)
 Metaspace       used 13722K, committed 14144K, reserved 1114112K
  class space    used 1145K, committed 1344K, reserved 1048576K
}
Event: 875.781 GC heap before
{Heap before GC invocations=1405 (full 0):
 garbage-first heap   total 225280K, used 144218K [0x0000000082200000, 0x0000000100000000)
  region size 1024K, 132 young (135168K), 1 survivors (1024K)
 Metaspace       used 13722K, committed 14144K, reserved 1114112K
  class space    used 1145K, committed 1344K, reserved 1048576K
}
Event: 875.782 GC heap after
{Heap after GC invocations=1406 (full 0):
 garbage-first heap   total 225280K, used 10061K [0x0000000082200000, 0x0000000100000000)
  region size 1024K, 1 young (1024K), 1 survivors (1024K)
 Metaspace       used 13722K, committed 14144K, reserved 1114112K
  class space    used 1145K, committed 1344K, reserved 1048576K
}
Event: 876.262 GC heap before
{Heap before GC invocations=1406 (full 0):
 garbage-first heap   total 225280K, used 144205K [0x0000000082200000, 0x0000000100000000)
  region size 1024K, 132 young (135168K), 1 survivors (1024K)
 Metaspace       used 13722K, committed 14144K, reserved 1114112K
  class space    used 1145K, committed 1344K, reserved 1048576K
}
Event: 876.263 GC heap after
{Heap after GC invocations=1407 (full 0):
 garbage-first heap   total 225280K, used 10058K [0x0000000082200000, 0x0000000100000000)
  region size 1024K, 1 young (1024K), 1 survivors (1024K)
 Metaspace       used 13722K, committed 14144K, reserved 1114112K
  class space    used 1145K, committed 1344K, reserved 1048576K
}
Event: 876.574 GC heap before
{Heap before GC invocations=1407 (full 0):
 garbage-first heap   total 225280K, used 144202K [0x0000000082200000, 0x0000000100000000)
  region size 1024K, 132 young (135168K), 1 survivors (1024K)
 Metaspace       used 13722K, committed 14144K, reserved 1114112K
  class space    used 1145K, committed 1344K, reserved 1048576K
}
Event: 876.575 GC heap after
{Heap after GC invocations=1408 (full 0):
 garbage-first heap   total 225280K, used 10046K [0x0000000082200000, 0x0000000100000000)
  region size 1024K, 1 young (1024K), 1 survivors (1024K)
 Metaspace       used 13722K, committed 14144K, reserved 1114112K
  class space    used 1145K, committed 1344K, reserved 1048576K
}
Event: 877.404 GC heap before
{Heap before GC invocations=1408 (full 0):
 garbage-first heap   total 225280K, used 144190K [0x0000000082200000, 0x0000000100000000)
  region size 1024K, 132 young (135168K), 1 survivors (1024K)
 Metaspace       used 13722K, committed 14144K, reserved 1114112K
  class space    used 1145K, committed 1344K, reserved 1048576K
}
Event: 877.406 GC heap after
{Heap after GC invocations=1409 (full 0):
 garbage-first heap   total 225280K, used 10061K [0x0000000082200000, 0x0000000100000000)
  region size 1024K, 1 young (1024K), 1 survivors (1024K)
 Metaspace       used 13722K, committed 14144K, reserved 1114112K
  class space    used 1145K, committed 1344K, reserved 1048576K
}
Event: 877.721 GC heap before
{Heap before GC invocations=1409 (full 0):
 garbage-first heap   total 225280K, used 144205K [0x0000000082200000, 0x0000000100000000)
  region size 1024K, 132 young (135168K), 1 survivors (1024K)
 Metaspace       used 13722K, committed 14144K, reserved 1114112K
  class space    used 1145K, committed 1344K, reserved 1048576K
}
Event: 877.721 GC heap after
{Heap after GC invocations=1410 (full 0):
 garbage-first heap   total 225280K, used 10044K [0x0000000082200000, 0x0000000100000000)
  region size 1024K, 1 young (1024K), 1 survivors (1024K)
 Metaspace       used 13722K, committed 14144K, reserved 1114112K
  class space    used 1145K, committed 1344K, reserved 1048576K
}
Event: 878.315 GC heap before
{Heap before GC invocations=1410 (full 0):
 garbage-first heap   total 225280K, used 144188K [0x0000000082200000, 0x0000000100000000)
  region size 1024K, 132 young (135168K), 1 survivors (1024K)
 Metaspace       used 13722K, committed 14144K, reserved 1114112K
  class space    used 1145K, committed 1344K, reserved 1048576K
}
Event: 878.316 GC heap after
{Heap after GC invocations=1411 (full 0):
 garbage-first heap   total 225280K, used 10040K [0x0000000082200000, 0x0000000100000000)
  region size 1024K, 1 young (1024K), 1 survivors (1024K)
 Metaspace       used 13722K, committed 14144K, reserved 1114112K
  class space    used 1145K, committed 1344K, reserved 1048576K
}
Event: 878.633 GC heap before
{Heap before GC invocations=1411 (full 0):
 garbage-first heap   total 225280K, used 144184K [0x0000000082200000, 0x0000000100000000)
  region size 1024K, 132 young (135168K), 1 survivors (1024K)
 Metaspace       used 13722K, committed 14144K, reserved 1114112K
  class space    used 1145K, committed 1344K, reserved 1048576K
}
Event: 878.634 GC heap after
{Heap after GC invocations=1412 (full 0):
 garbage-first heap   total 225280K, used 10041K [0x0000000082200000, 0x0000000100000000)
  region size 1024K, 1 young (1024K), 1 survivors (1024K)
 Metaspace       used 13722K, committed 14144K, reserved 1114112K
  class space    used 1145K, committed 1344K, reserved 1048576K
}

Deoptimization events (20 events):
Event: 360.036 Thread 0x000001ddc45d2420 DEOPT PACKING pc=0x000001ddae0ef10c sp=0x000000296e2ff190
Event: 360.036 Thread 0x000001ddc45d2420 DEOPT UNPACKING pc=0x000001dda64423a3 sp=0x000000296e2ff070 mode 2
Event: 461.479 Thread 0x000001ddc3e968b0 DEOPT PACKING pc=0x000001dda6a5afff sp=0x000000296f4ff260
Event: 461.480 Thread 0x000001ddc3e968b0 DEOPT UNPACKING pc=0x000001dda6442b43 sp=0x000000296f4fe718 mode 0
Event: 465.530 Thread 0x000001dd9d2c4b10 Uncommon trap: trap_request=0xffffff45 fr.pc=0x000001ddae0c87d8 relative=0x0000000000000f58
Event: 465.531 Thread 0x000001dd9d2c4b10 Uncommon trap: reason=unstable_if action=reinterpret pc=0x000001ddae0c87d8 method=java.util.concurrent.locks.ReentrantLock$NonfairSync.initialTryLock()Z @ 25 c2
Event: 465.531 Thread 0x000001dd9d2c4b10 DEOPT PACKING pc=0x000001ddae0c87d8 sp=0x000000296e3fe140
Event: 465.531 Thread 0x000001dd9d2c4b10 DEOPT UNPACKING pc=0x000001dda64423a3 sp=0x000000296e3fe000 mode 2
Event: 878.948 Thread 0x000001dd9d2c4b10 Uncommon trap: trap_request=0xffffff45 fr.pc=0x000001ddae11bb0c relative=0x000000000000006c
Event: 878.952 Thread 0x000001dd9d2c4b10 Uncommon trap: reason=unstable_if action=reinterpret pc=0x000001ddae11bb0c method=org.lwjgl.glfw.GLFW.glfwWindowShouldClose(J)Z @ 20 c2
Event: 878.952 Thread 0x000001dd9d2c4b10 DEOPT PACKING pc=0x000001ddae11bb0c sp=0x000000296e3fe290
Event: 878.953 Thread 0x000001dd9d2c4b10 DEOPT UNPACKING pc=0x000001dda64423a3 sp=0x000000296e3fe220 mode 2
Event: 878.995 Thread 0x000001dd9d2c4b10 Uncommon trap: trap_request=0xffffff45 fr.pc=0x000001ddae0f77dc relative=0x000000000000023c
Event: 878.995 Thread 0x000001dd9d2c4b10 Uncommon trap: reason=unstable_if action=reinterpret pc=0x000001ddae0f77dc method=java.util.HashMap$HashIterator.<init>(Ljava/util/HashMap;)V @ 45 c2
Event: 878.995 Thread 0x000001dd9d2c4b10 DEOPT PACKING pc=0x000001ddae0f77dc sp=0x000000296e3fe160
Event: 878.995 Thread 0x000001dd9d2c4b10 DEOPT UNPACKING pc=0x000001dda64423a3 sp=0x000000296e3fe050 mode 2
Event: 878.997 Thread 0x000001dd9d2c4b10 Uncommon trap: trap_request=0xffffff45 fr.pc=0x000001ddae0be1a8 relative=0x0000000000000388
Event: 878.997 Thread 0x000001dd9d2c4b10 Uncommon trap: reason=unstable_if action=reinterpret pc=0x000001ddae0be1a8 method=java.util.HashMap$HashIterator.<init>(Ljava/util/HashMap;)V @ 45 c2
Event: 878.997 Thread 0x000001dd9d2c4b10 DEOPT PACKING pc=0x000001ddae0be1a8 sp=0x000000296e3fe0b0
Event: 878.997 Thread 0x000001dd9d2c4b10 DEOPT UNPACKING pc=0x000001dda64423a3 sp=0x000000296e3fe068 mode 2

Classes loaded (20 events):
Event: 92.251 Loading class java/lang/StrictMath
Event: 92.254 Loading class java/lang/StrictMath done
Event: 92.315 Loading class jdk/internal/math/FormattedFloatingDecimal$Form
Event: 92.317 Loading class jdk/internal/math/FormattedFloatingDecimal$Form done
Event: 92.317 Loading class jdk/internal/math/FormattedFloatingDecimal
Event: 92.323 Loading class jdk/internal/math/FormattedFloatingDecimal done
Event: 92.323 Loading class jdk/internal/math/FormattedFloatingDecimal$1
Event: 92.328 Loading class jdk/internal/math/FormattedFloatingDecimal$1 done
Event: 92.328 Loading class jdk/internal/math/FormattedFloatingDecimal$2
Event: 92.332 Loading class jdk/internal/math/FormattedFloatingDecimal$2 done
Event: 93.239 Loading class sun/util/resources/LocaleData$CommonResourceBundleProvider
Event: 93.240 Loading class sun/util/resources/LocaleData$LocaleDataResourceBundleProvider
Event: 93.241 Loading class java/util/spi/ResourceBundleProvider
Event: 93.241 Loading class java/util/spi/ResourceBundleProvider done
Event: 93.241 Loading class sun/util/resources/LocaleData$LocaleDataResourceBundleProvider done
Event: 93.241 Loading class sun/util/resources/LocaleData$CommonResourceBundleProvider done
Event: 93.244 Loading class sun/util/resources/Bundles$2
Event: 93.245 Loading class sun/util/resources/Bundles$2 done
Event: 158.606 Loading class java/lang/Math$RandomNumberGeneratorHolder
Event: 158.607 Loading class java/lang/Math$RandomNumberGeneratorHolder done

Classes unloaded (0 events):
No events

Classes redefined (0 events):
No events

Internal exceptions (20 events):
Event: 1.184 Thread 0x000001ddc3d635f0 Exception <a 'java/lang/NoSuchMethodError'{0x0000000088cfdb38}: 'java.lang.Object java.lang.invoke.DirectMethodHandle$Holder.invokeInterface(java.lang.Object, java.lang.Object, java.lang.Object, java.lang.Object, java.lang.Object)'> (0x0000000088cfdb38) 
thrown [s\open\src\hotspot\share\interpreter\linkResolver.cpp, line 759]
Event: 1.193 Thread 0x000001dd9d2c4b10 Exception <a 'java/lang/NoSuchMethodError'{0x0000000088ce62c8}: 'void java.lang.System.load(java.lang.String, java.lang.Class)'> (0x0000000088ce62c8) 
thrown [s\open\src\hotspot\share\interpreter\linkResolver.cpp, line 759]
Event: 1.196 Thread 0x000001dd9d2c4b10 Exception <a 'java/lang/NoSuchMethodError'{0x0000000088ce9160}: 'void java.lang.System.loadLibrary(java.lang.String, java.lang.Class)'> (0x0000000088ce9160) 
thrown [s\open\src\hotspot\share\interpreter\linkResolver.cpp, line 759]
Event: 1.198 Thread 0x000001ddc3d635f0 Exception <a 'java/lang/NoSuchMethodError'{0x0000000088b26a88}: 'double java.lang.invoke.DirectMethodHandle$Holder.invokeInterface(java.lang.Object, java.lang.Object)'> (0x0000000088b26a88) 
thrown [s\open\src\hotspot\share\interpreter\linkResolver.cpp, line 759]
Event: 1.199 Thread 0x000001ddc3d635f0 Exception <a 'java/lang/NoSuchMethodError'{0x0000000088b2e7a8}: 'double java.lang.invoke.DelegatingMethodHandle$Holder.reinvoke_L(java.lang.Object, java.lang.Object)'> (0x0000000088b2e7a8) 
thrown [s\open\src\hotspot\share\interpreter\linkResolver.cpp, line 759]
Event: 1.211 Thread 0x000001dd9d2c4b10 Exception <a 'sun/nio/fs/WindowsException'{0x0000000088b7d260}> (0x0000000088b7d260) 
thrown [s\open\src\hotspot\share\prims\jni.cpp, line 516]
Event: 1.211 Thread 0x000001dd9d2c4b10 Exception <a 'sun/nio/fs/WindowsException'{0x0000000088b7d610}> (0x0000000088b7d610) 
thrown [s\open\src\hotspot\share\prims\jni.cpp, line 516]
Event: 1.388 Thread 0x000001dd9d2c4b10 Exception <a 'java/lang/ClassNotFoundException'{0x0000000088b94fc0}: sun/awt/resources/spi/awtProvider> (0x0000000088b94fc0) 
thrown [s\open\src\hotspot\share\classfile\systemDictionary.cpp, line 255]
Event: 1.422 Thread 0x000001dd9d2c4b10 Exception <a 'java/io/FileNotFoundException'{0x0000000088b9f398}> (0x0000000088b9f398) 
thrown [s\open\src\hotspot\share\prims\jni.cpp, line 516]
Event: 1.445 Thread 0x000001dd9d2c4b10 Exception <a 'java/io/FileNotFoundException'{0x0000000088bcc1d8}> (0x0000000088bcc1d8) 
thrown [s\open\src\hotspot\share\prims\jni.cpp, line 516]
Event: 4.016 Thread 0x000001ddc3d635f0 Exception <a 'java/lang/NoSuchMethodError'{0x0000000089081bc8}: 'long java.lang.invoke.DirectMethodHandle$Holder.invokeVirtual(java.lang.Object, java.lang.Object)'> (0x0000000089081bc8) 
thrown [s\open\src\hotspot\share\interpreter\linkResolver.cpp, line 759]
Event: 4.017 Thread 0x000001ddc3d635f0 Exception <a 'java/lang/NoSuchMethodError'{0x00000000890853e0}: 'long java.lang.invoke.DelegatingMethodHandle$Holder.reinvoke_L(java.lang.Object, java.lang.Object)'> (0x00000000890853e0) 
thrown [s\open\src\hotspot\share\interpreter\linkResolver.cpp, line 759]
Event: 89.909 Thread 0x000001dd9d2c4b10 Exception <a 'java/lang/NoSuchMethodError'{0x00000000859c5378}: 'java.lang.Object java.lang.invoke.DirectMethodHandle$Holder.invokeSpecial(java.lang.Object, java.lang.Object, java.lang.Object, java.lang.Object, int)'> (0x00000000859c5378) 
thrown [s\open\src\hotspot\share\interpreter\linkResolver.cpp, line 759]
Event: 89.911 Thread 0x000001dd9d2c4b10 Exception <a 'java/lang/NoSuchMethodError'{0x00000000859c8f40}: 'java.lang.Object java.lang.invoke.Invokers$Holder.linkToTargetMethod(java.lang.Object, java.lang.Object, int, java.lang.Object)'> (0x00000000859c8f40) 
thrown [s\open\src\hotspot\share\interpreter\linkResolver.cpp, line 759]
Event: 91.313 Thread 0x000001dd9d2c4b10 Exception <a 'java/lang/NoSuchMethodError'{0x0000000089e272d8}: 'int java.lang.invoke.DirectMethodHandle$Holder.invokeStatic(java.lang.Object, java.lang.Object, java.lang.Object, java.lang.Object)'> (0x0000000089e272d8) 
thrown [s\open\src\hotspot\share\interpreter\linkResolver.cpp, line 759]
Event: 91.407 Thread 0x000001dd9d2c4b10 Exception <a 'java/lang/NoSuchMethodError'{0x0000000089e63e78}: 'java.lang.Object java.lang.invoke.DirectMethodHandle$Holder.invokeSpecial(java.lang.Object, java.lang.Object, int, int, int, int)'> (0x0000000089e63e78) 
thrown [s\open\src\hotspot\share\interpreter\linkResolver.cpp, line 759]
Event: 91.409 Thread 0x000001dd9d2c4b10 Exception <a 'java/lang/NoSuchMethodError'{0x0000000089e674b8}: 'java.lang.Object java.lang.invoke.Invokers$Holder.linkToTargetMethod(int, int, int, int, java.lang.Object)'> (0x0000000089e674b8) 
thrown [s\open\src\hotspot\share\interpreter\linkResolver.cpp, line 759]
Event: 93.319 Thread 0x000001dd9d2c4b10 Exception <a 'java/lang/NoSuchMethodError'{0x0000000089ec5150}: 'java.lang.Object java.lang.invoke.DirectMethodHandle$Holder.invokeSpecial(java.lang.Object, java.lang.Object, int, java.lang.Object, float)'> (0x0000000089ec5150) 
thrown [s\open\src\hotspot\share\interpreter\linkResolver.cpp, line 759]
Event: 103.945 Thread 0x000001dd9d2c4b10 Exception <a 'java/lang/NoSuchMethodError'{0x0000000087f7bb20}: 'java.lang.Object java.lang.invoke.DirectMethodHandle$Holder.invokeSpecial(java.lang.Object, java.lang.Object, int, float)'> (0x0000000087f7bb20) 
thrown [s\open\src\hotspot\share\interpreter\linkResolver.cpp, line 759]
Event: 103.972 Thread 0x000001dd9d2c4b10 Exception <a 'java/lang/NoSuchMethodError'{0x0000000087ef1618}: 'java.lang.Object java.lang.invoke.DirectMethodHandle$Holder.invokeSpecial(java.lang.Object, java.lang.Object, int, java.lang.Object, java.lang.Object)'> (0x0000000087ef1618) 
thrown [s\open\src\hotspot\share\interpreter\linkResolver.cpp, line 759]

VM Operations (20 events):
Event: 874.750 Executing VM operation: G1CollectForAllocation
Event: 874.750 Executing VM operation: G1CollectForAllocation done
Event: 875.287 Executing VM operation: G1CollectForAllocation
Event: 875.290 Executing VM operation: G1CollectForAllocation done
Event: 875.781 Executing VM operation: G1CollectForAllocation
Event: 875.782 Executing VM operation: G1CollectForAllocation done
Event: 876.262 Executing VM operation: G1CollectForAllocation
Event: 876.263 Executing VM operation: G1CollectForAllocation done
Event: 876.574 Executing VM operation: G1CollectForAllocation
Event: 876.575 Executing VM operation: G1CollectForAllocation done
Event: 877.404 Executing VM operation: G1CollectForAllocation
Event: 877.406 Executing VM operation: G1CollectForAllocation done
Event: 877.721 Executing VM operation: G1CollectForAllocation
Event: 877.721 Executing VM operation: G1CollectForAllocation done
Event: 878.315 Executing VM operation: G1CollectForAllocation
Event: 878.317 Executing VM operation: G1CollectForAllocation done
Event: 878.633 Executing VM operation: G1CollectForAllocation
Event: 878.634 Executing VM operation: G1CollectForAllocation done
Event: 879.639 Executing VM operation: Cleanup
Event: 879.640 Executing VM operation: Cleanup done

Events (20 events):
Event: 158.616 Thread 0x000001ddbd3b3840 flushing nmethod 0x000001dda6fe6e10
Event: 158.616 Thread 0x000001ddbd3b3840 flushing nmethod 0x000001dda7001790
Event: 158.616 Thread 0x000001ddbd3b3840 flushing nmethod 0x000001dda7004410
Event: 158.616 Thread 0x000001ddbd3b3840 flushing nmethod 0x000001dda7022710
Event: 158.616 Thread 0x000001ddbd3b3840 flushing nmethod 0x000001dda7025810
Event: 158.616 Thread 0x000001ddbd3b3840 flushing nmethod 0x000001dda7046910
Event: 158.616 Thread 0x000001ddbd3b3840 flushing nmethod 0x000001dda7069310
Event: 158.616 Thread 0x000001ddbd3b3840 flushing nmethod 0x000001dda709c810
Event: 158.616 Thread 0x000001ddbd3b3840 flushing nmethod 0x000001dda70a6c90
Event: 158.616 Thread 0x000001ddbd3b3840 flushing nmethod 0x000001dda70add10
Event: 352.171 Thread 0x000001ddc45d45d0 Thread added: 0x000001ddc45d45d0
Event: 353.272 Thread 0x000001ddc45d45d0 Thread exited: 0x000001ddc45d45d0
Event: 358.506 Thread 0x000001ddc45d8e00 Thread added: 0x000001ddc45d8e00
Event: 359.523 Thread 0x000001ddc45d8e00 Thread exited: 0x000001ddc45d8e00
Event: 403.276 Thread 0x000001ddc45d7f90 Thread added: 0x000001ddc45d7f90
Event: 404.283 Thread 0x000001ddc45d7f90 Thread exited: 0x000001ddc45d7f90
Event: 663.875 Thread 0x000001ddc45d28f0 Thread added: 0x000001ddc45d28f0
Event: 664.885 Thread 0x000001ddc45d28f0 Thread exited: 0x000001ddc45d28f0
Event: 669.106 Thread 0x000001ddc45d92d0 Thread added: 0x000001ddc45d92d0
Event: 670.110 Thread 0x000001ddc45d92d0 Thread exited: 0x000001ddc45d92d0


Dynamic libraries:
0x00007ff74f510000 - 0x00007ff74f520000 	C:\Program Files\Java\jdk-18.0.2.1\bin\java.exe
0x00007fff80e70000 - 0x00007fff81068000 	C:\WINDOWS\SYSTEM32\ntdll.dll
0x00007fff7ee90000 - 0x00007fff7ef52000 	C:\WINDOWS\System32\KERNEL32.DLL
0x00007fff7e500000 - 0x00007fff7e7f6000 	C:\WINDOWS\System32\KERNELBASE.dll
0x00007fff7e890000 - 0x00007fff7e990000 	C:\WINDOWS\System32\ucrtbase.dll
0x00007fff76530000 - 0x00007fff76548000 	C:\Program Files\Java\jdk-18.0.2.1\bin\jli.dll
0x00007fff7a3b0000 - 0x00007fff7a3ca000 	C:\Program Files\Java\jdk-18.0.2.1\bin\VCRUNTIME140.dll
0x00007fff807d0000 - 0x00007fff80881000 	C:\WINDOWS\System32\ADVAPI32.dll
0x00007fff80b70000 - 0x00007fff80c0e000 	C:\WINDOWS\System32\msvcrt.dll
0x00007fff7f170000 - 0x00007fff7f20f000 	C:\WINDOWS\System32\sechost.dll
0x00007fff7efc0000 - 0x00007fff7f0e0000 	C:\WINDOWS\System32\RPCRT4.dll
0x00007fff7ed00000 - 0x00007fff7ed27000 	C:\WINDOWS\System32\bcrypt.dll
0x00007fff80940000 - 0x00007fff80ae1000 	C:\WINDOWS\System32\USER32.dll
0x00007fff7ea30000 - 0x00007fff7ea52000 	C:\WINDOWS\System32\win32u.dll
0x00007fff66520000 - 0x00007fff667bb000 	C:\WINDOWS\WinSxS\amd64_microsoft.windows.common-controls_6595b64144ccf1df_6.0.19041.6456_none_60b8a6cb71f64256\COMCTL32.dll
0x00007fff807a0000 - 0x00007fff807cb000 	C:\WINDOWS\System32\GDI32.dll
0x00007fff7ea60000 - 0x00007fff7eb79000 	C:\WINDOWS\System32\gdi32full.dll
0x00007fff7e990000 - 0x00007fff7ea2d000 	C:\WINDOWS\System32\msvcp_win.dll
0x00007fff6c390000 - 0x00007fff6c39a000 	C:\WINDOWS\SYSTEM32\VERSION.dll
0x00007fff7ffb0000 - 0x00007fff7ffdf000 	C:\WINDOWS\System32\IMM32.DLL
0x00007fff7a3a0000 - 0x00007fff7a3ac000 	C:\Program Files\Java\jdk-18.0.2.1\bin\vcruntime140_1.dll
0x00007fff5aed0000 - 0x00007fff5af5d000 	C:\Program Files\Java\jdk-18.0.2.1\bin\msvcp140.dll
0x00007fff3bab0000 - 0x00007fff3c6c1000 	C:\Program Files\Java\jdk-18.0.2.1\bin\server\jvm.dll
0x00007fff80e20000 - 0x00007fff80e28000 	C:\WINDOWS\System32\PSAPI.DLL
0x00007fff7a360000 - 0x00007fff7a369000 	C:\WINDOWS\SYSTEM32\WSOCK32.dll
0x00007fff641e0000 - 0x00007fff64207000 	C:\WINDOWS\SYSTEM32\WINMM.dll
0x00007fff7f7c0000 - 0x00007fff7f82b000 	C:\WINDOWS\System32\WS2_32.dll
0x00007fff7c330000 - 0x00007fff7c342000 	C:\WINDOWS\SYSTEM32\kernel.appcore.dll
0x00007fff794b0000 - 0x00007fff794ba000 	C:\Program Files\Java\jdk-18.0.2.1\bin\jimage.dll
0x00007fff77e90000 - 0x00007fff78091000 	C:\WINDOWS\SYSTEM32\DBGHELP.DLL
0x00007fff62af0000 - 0x00007fff62b24000 	C:\WINDOWS\SYSTEM32\dbgcore.DLL
0x00007fff7e800000 - 0x00007fff7e882000 	C:\WINDOWS\System32\bcryptPrimitives.dll
0x00007fff764e0000 - 0x00007fff764ee000 	C:\Program Files\Java\jdk-18.0.2.1\bin\instrument.dll
0x00007fff764f0000 - 0x00007fff76515000 	C:\Program Files\Java\jdk-18.0.2.1\bin\java.dll
0x00007fff544c0000 - 0x00007fff54596000 	C:\Program Files\Java\jdk-18.0.2.1\bin\jsvml.dll
0x00007fff7f840000 - 0x00007fff7ffb0000 	C:\WINDOWS\System32\SHELL32.dll
0x00007fff7c530000 - 0x00007fff7ccd5000 	C:\WINDOWS\SYSTEM32\windows.storage.dll
0x00007fff7f210000 - 0x00007fff7f564000 	C:\WINDOWS\System32\combase.dll
0x00007fff7de50000 - 0x00007fff7de7b000 	C:\WINDOWS\SYSTEM32\Wldp.dll
0x00007fff7f6f0000 - 0x00007fff7f7bd000 	C:\WINDOWS\System32\OLEAUT32.dll
0x00007fff80890000 - 0x00007fff8093d000 	C:\WINDOWS\System32\SHCORE.dll
0x00007fff7f570000 - 0x00007fff7f5cb000 	C:\WINDOWS\System32\shlwapi.dll
0x00007fff7e430000 - 0x00007fff7e454000 	C:\WINDOWS\SYSTEM32\profapi.dll
0x00007fff6b680000 - 0x00007fff6b698000 	C:\Program Files\Java\jdk-18.0.2.1\bin\zip.dll
0x00007fff764c0000 - 0x00007fff764d3000 	C:\Program Files\Java\jdk-18.0.2.1\bin\net.dll
0x00007fff75b20000 - 0x00007fff75c2a000 	C:\WINDOWS\SYSTEM32\WINHTTP.dll
0x00007fff7dc30000 - 0x00007fff7dc9a000 	C:\WINDOWS\system32\mswsock.dll
0x00007fff6b6a0000 - 0x00007fff6b6b6000 	C:\Program Files\Java\jdk-18.0.2.1\bin\nio.dll
0x00007fff6b500000 - 0x00007fff6b51a000 	C:\Program Files\JetBrains\IntelliJ IDEA 2024.3.2.1\bin\breakgen64.dll
0x00007fff7d930000 - 0x00007fff7d9fa000 	C:\WINDOWS\SYSTEM32\DNSAPI.dll
0x00007fff7d8e0000 - 0x00007fff7d91b000 	C:\WINDOWS\SYSTEM32\IPHLPAPI.DLL
0x00007fff7f830000 - 0x00007fff7f838000 	C:\WINDOWS\System32\NSI.dll
0x00007fff70180000 - 0x00007fff7018a000 	C:\Windows\System32\rasadhlp.dll
0x00007fff73980000 - 0x00007fff73a00000 	C:\WINDOWS\System32\fwpuclnt.dll
0x00007fff764b0000 - 0x00007fff764b9000 	C:\Program Files\Java\jdk-18.0.2.1\bin\management.dll
0x00007fff6bd90000 - 0x00007fff6bd9b000 	C:\Program Files\Java\jdk-18.0.2.1\bin\management_ext.dll
0x00007fff4be40000 - 0x00007fff4bebe000 	C:\Users\Felhasználó\AppData\Local\Temp\lwjgl_Felhasználó\3.3.6+1\x64\lwjgl.dll
0x00007fff3e020000 - 0x00007fff3e0a9000 	C:\Users\FELHAS~1\AppData\Local\Temp\lwjgl_Felhasználó\3.3.6+1\x64\glfw.dll
0x00007fff4e060000 - 0x00007fff4e0a5000 	C:\WINDOWS\SYSTEM32\dinput8.dll
0x00007fff65930000 - 0x00007fff65941000 	C:\WINDOWS\SYSTEM32\xinput1_4.dll
0x00007fff7ec00000 - 0x00007fff7ec4e000 	C:\WINDOWS\System32\cfgmgr32.dll
0x00007fff7e290000 - 0x00007fff7e2c3000 	C:\WINDOWS\SYSTEM32\DEVOBJ.dll
0x00007fff7c030000 - 0x00007fff7c05e000 	C:\WINDOWS\SYSTEM32\dwmapi.dll
0x00007fff6b060000 - 0x00007fff6b1b2000 	C:\WINDOWS\SYSTEM32\inputhost.dll
0x00007fff7b730000 - 0x00007fff7b822000 	C:\WINDOWS\SYSTEM32\CoreMessaging.dll
0x00007fff79ae0000 - 0x00007fff79bd4000 	C:\WINDOWS\SYSTEM32\PROPSYS.dll
0x00007fff7a0e0000 - 0x00007fff7a237000 	C:\WINDOWS\SYSTEM32\wintypes.dll
0x00007fff7b3d0000 - 0x00007fff7b72b000 	C:\WINDOWS\SYSTEM32\CoreUIComponents.dll
0x00007fff7d750000 - 0x00007fff7d783000 	C:\WINDOWS\SYSTEM32\ntmarta.dll
0x00007fff7be40000 - 0x00007fff7bede000 	C:\WINDOWS\system32\uxtheme.dll
0x00007fff7f5d0000 - 0x00007fff7f6e5000 	C:\WINDOWS\System32\MSCTF.dll
0x00007fff4e670000 - 0x00007fff4e798000 	C:\WINDOWS\SYSTEM32\opengl32.dll
0x00007fff76ad0000 - 0x00007fff76afc000 	C:\WINDOWS\SYSTEM32\GLU32.dll
0x00007fff7ffe0000 - 0x00007fff80089000 	C:\WINDOWS\System32\clbcatq.dll
0x00007fff19fe0000 - 0x00007fff1b085000 	C:\WINDOWS\System32\DriverStore\FileRepository\iigd_dch.inf_amd64_7ecf8d2b2b8c53e8\ig9icd64.dll
0x00007fff80cd0000 - 0x00007fff80dfb000 	C:\WINDOWS\System32\ole32.dll
0x00007fff7cd40000 - 0x00007fff7ce36000 	C:\WINDOWS\system32\dxgi.dll
0x00007fff380e0000 - 0x00007fff3820c000 	C:\WINDOWS\System32\DriverStore\FileRepository\iigd_dch.inf_amd64_7ecf8d2b2b8c53e8\igdml64.dll
0x00007fff7de90000 - 0x00007fff7dea8000 	C:\WINDOWS\SYSTEM32\CRYPTSP.dll
0x00007fff651e0000 - 0x00007fff6521a000 	C:\WINDOWS\system32\atig6txx.dll
0x00007fff7d500000 - 0x00007fff7d538000 	C:\WINDOWS\system32\rsaenh.dll
0x00007fff7e3b0000 - 0x00007fff7e3de000 	C:\WINDOWS\SYSTEM32\USERENV.dll
0x00007fff7ddc0000 - 0x00007fff7ddcc000 	C:\WINDOWS\SYSTEM32\CRYPTBASE.dll
0x00007fff73b20000 - 0x00007fff73f29000 	C:\WINDOWS\System32\DriverStore\FileRepository\iigd_dch.inf_amd64_7ecf8d2b2b8c53e8\igdgmm64.dll
0x00007fff701d0000 - 0x00007fff73966000 	C:\WINDOWS\System32\DriverStore\FileRepository\iigd_dch.inf_amd64_7ecf8d2b2b8c53e8\igc64.dll
0x00007fff77730000 - 0x00007fff77747000 	C:\WINDOWS\SYSTEM32\dhcpcsvc6.DLL
0x00007fff77710000 - 0x00007fff7772d000 	C:\WINDOWS\SYSTEM32\dhcpcsvc.DLL
0x00007fff7da00000 - 0x00007fff7da4b000 	C:\WINDOWS\SYSTEM32\powrprof.dll
0x00007fff7d8c0000 - 0x00007fff7d8d2000 	C:\WINDOWS\SYSTEM32\UMPDC.dll
0x00007fff55880000 - 0x00007fff55897000 	C:\WINDOWS\system32\napinsp.dll
0x00007fff55930000 - 0x00007fff5594b000 	C:\WINDOWS\system32\pnrpnsp.dll
0x00007fff55910000 - 0x00007fff5592d000 	C:\WINDOWS\system32\wshbth.dll
0x00007fff79390000 - 0x00007fff793ad000 	C:\WINDOWS\system32\NLAapi.dll
0x00007fff558f0000 - 0x00007fff55902000 	C:\WINDOWS\System32\winrnr.dll
0x00007fff37e60000 - 0x00007fff380d1000 	C:\Users\FELHAS~1\AppData\Local\Temp\lwjgl_Felhasználó\3.3.6+1\x64\jemalloc.dll
0x00007fff4da10000 - 0x00007fff4da6d000 	C:\Users\Felhasználó\AppData\Local\Temp\lwjgl_Felhasználó\3.3.6+1\x64\lwjgl_opengl.dll
0x00007fff6b1c0000 - 0x00007fff6b2b9000 	C:\WINDOWS\SYSTEM32\textinputframework.dll
0x00007fff60810000 - 0x00007fff60861000 	C:\WINDOWS\SYSTEM32\pdh.dll
0x00007fff37dc0000 - 0x00007fff37e59000 	C:\Users\Felhasználó\AppData\Local\Temp\lwjgl_Felhasználó\3.3.6+1\x64\lwjgl_stb.dll
0x00007fff34670000 - 0x00007fff347ff000 	C:\Program Files\Java\jdk-18.0.2.1\bin\awt.dll
0x00007fff7b9c0000 - 0x00007fff7ba54000 	C:\WINDOWS\SYSTEM32\apphelp.dll
0x00007fff345e0000 - 0x00007fff34666000 	C:\Program Files\Java\jdk-18.0.2.1\bin\freetype.dll
0x00007fff34530000 - 0x00007fff345d8000 	C:\Program Files\Java\jdk-18.0.2.1\bin\fontmanager.dll
0x00007fff794a0000 - 0x00007fff794af000 	C:\WINDOWS\System32\perfproc.dll

dbghelp: loaded successfully - version: 4.0.5 - missing functions: none
symbol engine: initialized successfully - sym options: 0x614 - pdb path: .;C:\Program Files\Java\jdk-18.0.2.1\bin;C:\WINDOWS\SYSTEM32;C:\WINDOWS\WinSxS\amd64_microsoft.windows.common-controls_6595b64144ccf1df_6.0.19041.6456_none_60b8a6cb71f64256;C:\Program Files\Java\jdk-18.0.2.1\bin\server;C:\Program Files\JetBrains\IntelliJ IDEA 2024.3.2.1\bin;C:\Users\Felhasználó\AppData\Local\Temp\lwjgl_Felhasználó\3.3.6+1\x64;C:\Users\FELHAS~1\AppData\Local\Temp\lwjgl_Felhasználó\3.3.6+1\x64;C:\WINDOWS\System32\DriverStore\FileRepository\iigd_dch.inf_amd64_7ecf8d2b2b8c53e8

VM Arguments:
jvm_args: -javaagent:C:\Program Files\JetBrains\IntelliJ IDEA 2024.3.2.1\lib\idea_rt.jar=50267:C:\Program Files\JetBrains\IntelliJ IDEA 2024.3.2.1\bin -Dfile.encoding=UTF-8 -Dsun.stdout.encoding=UTF-8 -Dsun.stderr.encoding=UTF-8 
java_command: core.GameManager
java_class_path (initial): C:\Users\Felhasználó\Desktop\Proba\out\production\SZAKDOLGOZAT;C:\lwjgl\lwjgl.jar;C:\lwjgl\lwjgl-egl.jar;C:\lwjgl\lwjgl-ktx.jar;C:\lwjgl\lwjgl-lz4.jar;C:\lwjgl\lwjgl-nfd.jar;C:\lwjgl\lwjgl-ovr.jar;C:\lwjgl\lwjgl-par.jar;C:\lwjgl\lwjgl-sse.jar;C:\lwjgl\lwjgl-stb.jar;C:\lwjgl\lwjgl-vma.jar;C:\lwjgl\lwjgl-bgfx.jar;C:\lwjgl\lwjgl-cuda.jar;C:\lwjgl\lwjgl-fmod.jar;C:\lwjgl\lwjgl-glfw.jar;C:\lwjgl\lwjgl-jawt.jar;C:\lwjgl\lwjgl-llvm.jar;C:\lwjgl\lwjgl-lmdb.jar;C:\lwjgl\lwjgl-meow.jar;C:\lwjgl\lwjgl-odbc.jar;C:\lwjgl\lwjgl-opus.jar;C:\lwjgl\lwjgl-spvc.jar;C:\lwjgl\lwjgl-yoga.jar;C:\lwjgl\lwjgl-zstd.jar;C:\lwjgl\lwjgl-hwloc.jar;C:\lwjgl\lwjgl-assimp.jar;C:\lwjgl\lwjgl-nanovg.jar;C:\lwjgl\lwjgl-openal.jar;C:\lwjgl\lwjgl-opencl.jar;C:\lwjgl\lwjgl-opengl.jar;C:\lwjgl\lwjgl-openvr.jar;C:\lwjgl\lwjgl-openxr.jar;C:\lwjgl\lwjgl-tinyfd.jar;C:\lwjgl\lwjgl-tootle.jar;C:\lwjgl\lwjgl-vulkan.jar;C:\lwjgl\lwjgl-xxhash.jar;C:\lwjgl\lwjgl-javadoc.jar;C:\lwjgl\lwjgl-msdfgen.jar;C:\lwjgl\lwjgl-nuklear.jar;C:\lwjgl\lwjgl-shaderc.jar;C:\lwjgl\lwjgl-sources.jar;C:\lwjgl\lwjgl-tinyexr.jar;C:\lwjgl\lwjgl-freetype.jar;C:\lwjgl\lwjgl-harfbuzz.jar;C:\lwjgl\lwjgl-jemalloc.jar;C:\lwjgl\lwjgl-opengles.jar;C:\lwjgl\lwjgl-remotery.jar;C:\lwjgl\lwjgl-rpmalloc.jar;C:\lwjgl\lwjgl-libdivide.jar;C:\lwjgl\lwjgl-egl-javadoc.jar;C:\lwjgl\lwjgl-egl-sources.jar;C:\lwjgl\lwjgl-ktx-javadoc.jar;C:\lwjgl\lwjgl-ktx-sources.jar;C:\lwjgl\lwjgl-lz4-javadoc.jar;C:\lwjgl\lwjgl-lz4-sources.jar;C:\lwjgl\lwjgl-nfd-javadoc.jar;C:\lwjgl\lwjgl-nfd-sources.jar;C:\lwjgl\lwjgl-ovr-javadoc.jar;C:\lwjgl\lwjgl-ovr-sources.jar;C:\lwjgl\lwjgl-par-javadoc.jar;C:\lwjgl\lwjgl-par-sources.jar;C:\lwjgl\lwjgl-sse-javadoc.jar;C:\lwjgl\lwjgl-sse-sources.jar;C:\lwjgl\lwjgl-stb-javadoc.jar;C:\lwjgl\lwjgl-stb-sources.jar;C:\lwjgl\lwjgl-vma-javadoc.jar;C:\lwjgl\lwjgl-vma-sources.jar;C:\lwjgl\lwjgl-bgfx-javadoc.jar;C:\lwjgl\lwjgl-bgfx-sources.jar;C:\lwjgl\lwjgl-cuda-javadoc.jar;C:\lwjgl\lwjgl-cuda-sources.jar;C:\lwjgl\lwjgl-fmod-javadoc.jar;C:\lwjgl\lwjgl-fmod-sources.jar;C:\lwjgl\lwjgl-glfw-javadoc.jar;C:\lwjgl\lwjgl-glfw-sources.jar;C:\lwjgl\lwjgl-jawt-javadoc.jar;C:\lwjgl\lwjgl-jawt-sources.jar;C:\lwjgl\lwjgl-llvm-javadoc.jar;C:\lwjgl\lwjgl-llvm-sources.jar;C:\lwjgl\lwjgl-lmdb-javadoc.jar;C:\lwjgl\lwjgl-lmdb-sources.jar;C:\lwjgl\lwjgl-meow-javadoc.jar;C:\lwjgl\lwjgl-meow-sources.jar;C:\lwjgl\lwjgl-odbc-javadoc.jar;C:\lwjgl\lwjgl-odbc-sources.jar;C:\lwjgl\lwjgl-opus-javadoc.jar;C:\lwjgl\lwjgl-opus-sources.jar;C:\lwjgl\lwjgl-spvc-javadoc.jar;C:\lwjgl\lwjgl-spvc-sources.jar;C:\lwjgl\lwjgl-yoga-javadoc.jar;C:\lwjgl\lwjgl-yoga-sources.jar;C:\lwjgl\lwjgl-zstd-javadoc.jar;C:\lwjgl\lwjgl-zstd-sources.jar;C:\lwjgl\lwjgl-hwloc-javadoc.jar;C:\lwjgl\lwjgl-hwloc-sources.jar;C:\lwjgl\lwjgl-meshoptimizer.jar;C:\lwjgl\lwjgl-assimp-javadoc.jar;C:\lwjgl\lwjgl-assimp-sources.jar;C:\lwjgl\lwjgl-nanovg-javadoc.jar;C:\lwjgl\lwjgl-nanovg-sources.jar;C:\lwjgl\lwjgl-openal-javadoc.jar;C:\lwjgl\lwjgl-openal-sources.jar;C:\lwjgl\lwjgl-opencl-javadoc.jar;C:\lwjgl\lwjgl-opencl-sources.jar;C:\lwjgl\lwjgl-opengl-javadoc.jar;C:\lwjgl\lwjgl-opengl-sources.jar;C:\lwjgl\lwjgl-openvr-javadoc.jar;C:\lwjgl\lwjgl-openvr-sources.jar;C:\lwjgl\lwjgl-openxr-javadoc.jar;C:\lwjgl\lwjgl-openxr-sources.jar;C:\lwjgl\lwjgl-tinyfd-javadoc.jar;C:\lwjgl\lwjgl-tinyfd-sources.jar;C:\lwjgl\lwjgl-tootle-javadoc.jar;C:\lwjgl\lwjgl-tootle-sources.jar;C:\lwjgl\lwjgl-vulkan-javadoc.jar;C:\lwjgl\lwjgl-vulkan-sources.jar;C:\lwjgl\lwjgl-xxhash-javadoc.jar;C:\lwjgl\lwjgl-xxhash-sources.jar;C:\lwjgl\lwjgl-msdfgen-javadoc.jar;C:\lwjgl\lwjgl-msdfgen-sources.jar;C:\lwjgl\lwjgl-natives-windows.jar;C:\lwjgl\lwjgl-nuklear-javadoc.jar;C:\lwjgl\lwjgl-nuklear-sources.jar;C:\lwjgl\lwjgl-shaderc-javadoc.jar;C:\lwjgl\lwjgl-shaderc-sources.jar;C:\lwjgl\lwjgl-tinyexr-javadoc.jar;C:\lwjgl\lwjgl-tinyexr-sources.jar;C:\lwjgl\lwjgl-freetype-javadoc.jar;C:\lwjgl\lwjgl-freetype-sources.jar;C:\lwjgl\lwjgl-harfbuzz-javadoc.jar;C:\lwjgl\lwjgl-harfbuzz-sources.jar;C:\lwjgl\lwjgl-jemalloc-javadoc.jar;C:\lwjgl\lwjgl-jemalloc-sources.jar;C:\lwjgl\lwjgl-opengles-javadoc.jar;C:\lwjgl\lwjgl-opengles-sources.jar;C:\lwjgl\lwjgl-remotery-javadoc.jar;C:\lwjgl\lwjgl-remotery-sources.jar;C:\lwjgl\lwjgl-rpmalloc-javadoc.jar;C:\lwjgl\lwjgl-rpmalloc-sources.jar;C:\lwjgl\lwjgl-libdivide-javadoc.jar;C:\lwjgl\lwjgl-libdivide-sources.jar;C:\lwjgl\lwjgl-ktx-natives-windows.jar;C:\lwjgl\lwjgl-lz4-natives-windows.jar;C:\lwjgl\lwjgl-nfd-natives-windows.jar;C:\lwjgl\lwjgl-ovr-natives-windows.jar;C:\lwjgl\lwjgl-par-natives-windows.jar;C:\lwjgl\lwjgl-sse-natives-windows.jar;C:\lwjgl\lwjgl-stb-natives-windows.jar;C:\lwjgl\lwjgl-vma-natives-windows.jar;C:\lwjgl\lwjgl-bgfx-natives-windows.jar;C:\lwjgl\lwjgl-glfw-natives-windows.jar;C:\lwjgl\lwjgl-llvm-natives-windows.jar;C:\lwjgl\lwjgl-lmdb-natives-windows.jar;C:\lwjgl\lwjgl-meow-natives-windows.jar;C:\lwjgl\lwjgl-opus-natives-windows.jar;C:\lwjgl\lwjgl-release-3.3.6-custom.zip;C:\lwjgl\lwjgl-spvc-natives-windows.jar;C:\lwjgl\lwjgl-yoga-natives-windows.jar;C:\lwjgl\lwjgl-zstd-natives-windows.jar;C:\lwjgl\lwjgl-hwloc-natives-windows.jar;C:\lwjgl\lwjgl-meshoptimizer-javadoc.jar;C:\lwjgl\lwjgl-meshoptimizer-sources.jar;C:\lwjgl\lwjgl-assimp-natives-windows.jar;C:\lwjgl\lwjgl-nanovg-natives-windows.jar;C:\lwjgl\lwjgl-openal-natives-windows.jar;C:\lwjgl\lwjgl-opengl-natives-windows.jar;C:\lwjgl\lwjgl-openvr-natives-windows.jar;C:\lwjgl\lwjgl-openxr-natives-windows.jar;C:\lwjgl\lwjgl-tinyfd-natives-windows.jar;C:\lwjgl\lwjgl-tootle-natives-windows.jar;C:\lwjgl\lwjgl-xxhash-natives-windows.jar;C:\lwjgl\lwjgl-msdfgen-natives-windows.jar;C:\lwjgl\lwjgl-nuklear-natives-windows.jar;C:\lwjgl\lwjgl-shaderc-natives-windows.jar;C:\lwjgl\lwjgl-tinyexr-natives-windows.jar;C:\lwjgl\lwjgl-freetype-natives-windows.jar;C:\lwjgl\lwjgl-harfbuzz-natives-windows.jar;C:\lwjgl\lwjgl-jemalloc-natives-windows.jar;C:\lwjgl\lwjgl-opengles-natives-windows.jar;C:\lwjgl\lwjgl-remotery-natives-windows.jar;C:\lwjgl\lwjgl-rpmalloc-natives-windows.jar;C:\lwjgl\lwjgl-libdivide-natives-windows.jar;C:\lwjgl\lwjgl-meshoptimizer-natives-windows.jar;C:\Users\Felhasználó\Desktop\Proba\Soul Knight\lib\ojdbc11.jar
Launcher Type: SUN_STANDARD

[Global flags]
     intx CICompilerCount                          = 4                                         {product} {ergonomic}
     uint ConcGCThreads                            = 2                                         {product} {ergonomic}
     uint G1ConcRefinementThreads                  = 8                                         {product} {ergonomic}
   size_t G1HeapRegionSize                         = 1048576                                   {product} {ergonomic}
    uintx GCDrainStackTargetSize                   = 64                                        {product} {ergonomic}
   size_t InitialHeapSize                          = 132120576                                 {product} {ergonomic}
   size_t MarkStackSize                            = 4194304                                   {product} {ergonomic}
   size_t MaxHeapSize                              = 2111832064                                {product} {ergonomic}
   size_t MaxNewSize                               = 1266679808                                {product} {ergonomic}
   size_t MinHeapDeltaBytes                        = 1048576                                   {product} {ergonomic}
   size_t MinHeapSize                              = 8388608                                   {product} {ergonomic}
    uintx NonNMethodCodeHeapSize                   = 5839372                                {pd product} {ergonomic}
    uintx NonProfiledCodeHeapSize                  = 122909434                              {pd product} {ergonomic}
    uintx ProfiledCodeHeapSize                     = 122909434                              {pd product} {ergonomic}
    uintx ReservedCodeCacheSize                    = 251658240                              {pd product} {ergonomic}
     bool SegmentedCodeCache                       = true                                      {product} {ergonomic}
   size_t SoftMaxHeapSize                          = 2111832064                             {manageable} {ergonomic}
     bool UseCompressedClassPointers               = true                           {product lp64_product} {ergonomic}
     bool UseCompressedOops                        = true                           {product lp64_product} {ergonomic}
     bool UseG1GC                                  = true                                      {product} {ergonomic}
     bool UseLargePagesIndividualAllocation        = false                                  {pd product} {ergonomic}

Logging:
Log output configuration:
 #0: stdout all=warning uptime,level,tags foldmultilines=false
 #1: stderr all=off uptime,level,tags foldmultilines=false

Environment Variables:
JAVA_HOME=C:\Program Files\Java\jdk-17.0.2\
PATH=C:\Program Files (x86)\NVIDIA Corporation\PhysX\Common;C:\Program Files\Common Files\Oracle\Java\javapath;C:\Program Files (x86)\Common Files\Oracle\Java\javapath;C:\WINDOWS\system32;C:\WINDOWS;C:\WINDOWS\System32\Wbem;C:\WINDOWS\System32\WindowsPowerShell\v1.0\;C:\ProgramData\chocolatey\bin;C:\Program Files\PuTTY\;C:\Program Files\Java\jdk-17.0.2\bin;C:\Program Files\dotnet\;C:\Program Files\Git\cmd;C:\Program Files\nodejs\;C:\Program Files\Docker\Docker\resources\bin;C:\Program Files (x86)\NVIDIA Corporation\PhysX\Common;C:\Program Files\Common Files\Oracle\Java\javapath;C:\Program Files (x86)\Common Files\Oracle\Java\javapath;C:\WINDOWS\system32;C:\WINDOWS;C:\WINDOWS\System32\Wbem;C:\WINDOWS\System32\WindowsPowerShell\v1.0\;C:\ProgramData\chocolatey\bin;C:\Program Files\PuTTY\;C:\Program Files\Java\jdk-17.0.2\bin;C:\Program Files\dotnet\;C:\Program Files\Go\bin;C:\Program Files\Git\cmd;C:\Users\Felhasználó\AppData\Local\Programs\Python\Python39\Scripts\;C:\Users\Felhasználó\AppData\Local\Programs\Python\Python39\;C:\Users\Felhasználó\AppData\Local\Microsoft\WindowsApps;C:\Users\Felhasználó\AppData\Roaming\cabal\bin;C:\tools\ghc-9.0.1\bin;C:\tools\msys64;C:\Users\Felhasználó\AppData\Local\Programs\Microsoft VS Code\bin;C:\Program Files\JetBrains\IntelliJ IDEA 2023.1.3\bin;C:\Program Files\JetBrains\CLion 2022.3.3\bin;C:\Users\Felhasználó\go\bin;C:\Users\Felhasználó\AppData\Local\ComposerSetup\bin;C:\Users\Felhasználó\AppData\R;C:\PHP;C:\Program Files\nodejs;C:\Users\Felhasználó\AppData\Roaming\npm
USERNAME=Felhasználó
OS=Windows_NT
PROCESSOR_IDENTIFIER=Intel64 Family 6 Model 142 Stepping 12, GenuineIntel



---------------  S Y S T E M  ---------------

OS:
 Windows 10 , 64 bit Build 19041 (10.0.19041.5915)
OS uptime: 0 days 15:32 hours
Hyper-V role detected

CPU: total 8 (initial active 8) (4 cores per cpu, 2 threads per core) family 6 model 142 stepping 12 microcode 0xf8, cx8, cmov, fxsr, ht, mmx, 3dnowpref, sse, sse2, sse3, ssse3, sse4.1, sse4.2, popcnt, lzcnt, tsc, tscinvbit, avx, avx2, aes, erms, clmul, bmi1, bmi2, adx, fma, vzeroupper, clflush, clflushopt, hv

Memory: 4k page, system-wide physical 8052M (2014M free)
TotalPageFile size 23586M (AvailPageFile size 5432M)
current process WorkingSet (physical memory assigned to process): 183M, peak: 1135M
current process commit charge ("private bytes"): 425M, peak: 1693M

vm_info: Java HotSpot(TM) 64-Bit Server VM (18.0.2.1+1-1) for windows-amd64 JRE (18.0.2.1+1-1), built on Aug 16 2022 01:46:33 by "mach5one" with MS VC++ 16.8 / 16.9 (VS2019)

END.
